# Blender 5.1.0
# www.blender.org
mtllib player.mtl
o 立方体.004
v -0.564524 -0.730128 0.329025
v -0.557425 -0.730128 0.400982
v -0.564524 -0.976770 0.329025
v -0.432705 -0.730128 0.330438
v -0.444327 -0.730128 0.405550
v -0.316724 -0.730128 0.327985
v -0.342627 -0.730128 0.381053
v -0.316724 -0.976770 0.327985
v -0.342627 -0.976770 0.381053
v -0.432724 -0.976770 0.330446
v -0.444383 -0.976770 0.405591
v -0.557425 -0.976770 0.400982
v -0.447981 -0.964229 0.410360
v -0.401923 -0.964229 0.384976
v -0.547907 -0.964229 0.411905
v -0.439092 -0.964229 0.537659
v -0.396111 -0.964229 0.457496
v -0.537033 -0.964229 0.582505
v -0.439407 -0.974144 0.540684
v -0.288355 -0.974144 0.599702
v -0.357260 -0.974144 0.450541
v -0.546873 -0.974144 0.589749
v -0.546873 -0.732753 0.589749
v -0.313809 -0.974144 0.734747
v -0.313809 -0.732753 0.734747
v -0.312774 -0.968564 0.729263
v -0.288355 -0.968564 0.599702
v -0.312774 -0.738337 0.729263
v -0.245828 -0.961465 0.734653
v -0.238747 -0.894072 0.735988
v 0.074569 -0.860573 0.762154
v -0.224920 -0.745436 0.738595
v -0.222722 -0.894072 0.612072
v 0.076318 -0.880589 0.752868
v 0.060210 -0.916823 0.752285
v 0.091688 -0.881279 0.671331
v 0.076034 -0.916981 0.668381
v 0.107055 -0.881279 0.589792
v 0.091838 -0.916981 0.584523
v -0.199620 -0.961465 0.489492
v -0.191970 -0.894072 0.490932
v -0.178712 -0.745436 0.493431
v 0.108807 -0.862113 0.580506
v -0.263935 -0.968564 0.470143
v -0.263935 -0.738337 0.470143
v -0.262904 -0.974144 0.464659
v -0.262904 -0.732753 0.464659
v -0.288355 -0.732753 0.599702
v -0.357260 -0.732753 0.450541
v -0.439407 -0.732753 0.540684
v -0.396111 -0.742671 0.457496
v -0.439044 -0.742671 0.537578
v -0.401923 -0.742671 0.384976
v -0.447916 -0.742671 0.410314
v -0.547907 -0.742671 0.411905
v -0.537033 -0.742671 0.582505
v -0.288355 -0.738337 0.599702
v -0.201817 -0.745436 0.616014
v 0.091688 -0.772792 0.671331
v 0.108807 -0.772792 0.580506
v 0.074569 -0.772792 0.762154
v 0.107716 -0.794930 0.674351
v 0.124835 -0.795121 0.583528
v 0.090600 -0.794737 0.765177
v 0.113060 -0.876142 0.675359
v 0.130179 -0.876910 0.584533
v 0.095942 -0.875373 0.766185
v 0.091688 -0.861345 0.671331
v -0.222722 -0.961465 0.612072
v 0.037577 -0.938459 0.561259
v 0.018897 -0.938859 0.657612
v 0.001171 -0.938493 0.754201
v -0.987822 -0.485421 0.000000
v -1.021589 -1.044772 0.000000
v -0.241394 -1.058151 -0.000000
v -0.241394 -0.506444 -0.000000
v 0.587844 -0.862239 -0.000000
v 0.711416 -0.495933 -0.000000
v 0.151417 -1.014041 -0.000000
v 0.140105 -0.508548 -0.000000
v 0.424851 -0.931991 -0.000000
v 0.452586 -0.501449 -0.000000
v 0.695673 -0.775705 -0.000000
v 0.698309 -0.686876 -0.000000
v 0.956405 -0.717865 -0.000000
v 0.959041 -0.667357 -0.000000
v 0.973964 -0.511117 -0.000000
v 0.973964 -0.559644 -0.000000
v -0.989850 -0.474496 0.000000
v -1.021704 -1.058054 0.000000
v -1.361305 -0.401257 0.000000
v -1.442992 -1.023805 0.000000
v -1.384496 -0.437300 0.000078
v -1.442761 -0.971455 0.000000
v -1.788821 -0.101802 0.000078
v -1.891817 -0.812643 0.000000
v -1.774887 -0.075612 0.000000
v -1.899875 -0.764336 0.000000
v -1.965416 0.545575 0.000000
v -2.223112 -0.214777 0.000000
v -1.946451 0.591540 0.024678
v -2.235128 0.143881 0.024678
v -0.631599 -1.058151 0.000000
v -0.631545 -0.506393 0.000000
v -0.986467 -0.483898 0.315232
v -0.241394 -0.506444 0.328404
v -0.323092 -1.058151 0.246706
v -1.011875 -1.035360 0.315232
v 0.687642 -0.669736 0.115011
v 0.684930 -0.766766 0.057387
v 0.140105 -0.508548 0.285987
v 0.151417 -1.014041 0.296574
v 0.458344 -0.641113 0.222956
v 0.480342 -0.529751 0.220414
v 0.669469 -0.528553 0.181616
v 0.564010 -0.626577 0.179838
v 0.951189 -0.659072 0.015679
v 0.945662 -0.708926 0.006132
v 0.973964 -0.559644 0.043177
v 0.973964 -0.511117 0.086798
v -0.989388 -0.473980 0.328404
v -0.941955 -1.056264 0.250503
v -1.379601 -0.431252 0.275090
v -1.417406 -0.907150 0.268617
v -1.364823 -0.406520 0.315232
v -1.417152 -0.967989 0.315232
v -1.819918 -0.031607 0.293102
v -1.884583 -0.600766 0.293102
v -1.825127 -0.058827 0.283152
v -1.881810 -0.665652 0.268617
v -1.932968 0.757530 0.327732
v -2.302580 0.397677 0.327732
v -1.975382 0.497469 0.280578
v -2.269970 -0.042903 0.290972
v -1.383758 1.325512 0.565897
v -1.426817 1.421636 0.565897
v -1.427806 1.421182 0.375021
v -1.382772 1.325966 0.375021
v 0.711416 -0.495933 0.171312
v 0.587844 -0.862239 0.171728
v 0.424851 -0.931991 0.230025
v 0.452586 -0.501449 0.230025
v 0.469089 -0.647516 0.260388
v 0.492109 -0.498555 0.263986
v 0.681233 -0.497357 0.225186
v 0.574752 -0.632980 0.217270
v 0.477876 -0.652756 0.329766
v 0.494815 -0.552996 0.330511
v 0.663077 -0.548463 0.251870
v 0.583542 -0.638219 0.247886
v 0.492850 -0.471209 0.268452
v 0.681974 -0.470011 0.229652
v 0.501639 -0.476449 0.337830
v 0.690763 -0.475251 0.260267
v -0.549901 -1.058151 0.246706
v -0.631527 -0.506374 0.328404
v -0.709500 -1.058151 0.250503
v -0.241394 -1.058151 0.328404
v -0.323092 -1.058151 0.081698
v -0.549901 -1.058151 0.081698
v -1.013429 -1.050036 0.328404
v -0.943897 -1.058148 0.077901
v -0.709500 -1.058151 0.077901
v -0.631599 -1.058151 0.328404
v -0.397870 -1.102505 0.189416
v -0.869174 -1.102572 0.193151
v -0.475120 -1.102505 0.189416
v -0.784225 -1.102573 0.193152
v -0.402992 -1.088161 0.128040
v -0.469998 -1.088161 0.128040
v -0.863996 -1.088260 0.124158
v -0.789407 -1.088257 0.124159
v -0.709500 -1.088777 0.077901
v -0.943900 -1.088777 0.077901
v -0.323092 -1.088777 0.081698
v -0.549901 -1.088777 0.081698
v -0.549901 -1.088777 0.246706
v -0.323092 -1.088777 0.246706
v -0.942984 -1.087888 0.250503
v -0.709500 -1.088777 0.250503
v -0.382439 -1.207802 0.291697
v -0.884498 -1.207784 0.295508
v -0.490551 -1.207802 0.291697
v -0.768905 -1.207784 0.295507
v -0.402992 -1.183436 0.239238
v -0.469998 -1.183436 0.239238
v -0.863996 -1.183535 0.235356
v -0.789407 -1.183533 0.235358
v -0.297834 -1.291916 0.204991
v -1.041526 -1.291916 0.208787
v -0.433630 -1.291916 0.204991
v -0.898138 -1.291916 0.208787
v -0.297834 -1.291916 0.130996
v -0.433630 -1.291916 0.130996
v -1.041526 -1.291916 0.127199
v -0.898138 -1.291916 0.127199
v 0.656203 0.457605 -0.932915
v 0.656203 -0.407141 -1.365287
v 0.656203 0.457605 -1.365287
v -0.428019 -0.428205 -0.741551
v 0.656203 -0.407141 -0.500544
v 0.656203 0.457605 -0.500544
v -1.968041 0.958767 0.448663
v -1.762895 1.024697 0.430561
v -1.752112 0.864637 0.188761
v -1.935080 0.841427 0.188761
v -0.986467 -0.483898 -0.315232
v -0.241394 -0.506444 -0.328404
v -0.323092 -1.058151 -0.246706
v -1.011876 -1.035360 -0.315232
v 0.687642 -0.669736 -0.115012
v 0.684930 -0.766766 -0.057387
v 0.140105 -0.508548 -0.285987
v 0.151417 -1.014041 -0.296574
v 0.458344 -0.641113 -0.222956
v 0.480342 -0.529751 -0.220414
v 0.669469 -0.528553 -0.181616
v 0.564010 -0.626577 -0.179838
v 0.951189 -0.659072 -0.015679
v 0.945662 -0.708926 -0.006133
v 0.973964 -0.559644 -0.043177
v 0.973964 -0.511117 -0.086798
v -0.989388 -0.473980 -0.328404
v -0.941955 -1.056264 -0.250503
v -1.388837 -0.442199 -0.302833
v -1.417423 -0.907233 -0.303031
v -1.364823 -0.406520 -0.315232
v -1.417152 -0.967989 -0.315232
v -1.819918 -0.031607 -0.293102
v -1.884583 -0.600766 -0.293102
v -1.829210 -0.063655 -0.302833
v -1.881827 -0.665734 -0.303031
v -1.932968 0.757530 -0.327732
v -2.302580 0.397677 -0.327732
v -1.975382 0.497469 -0.280578
v -2.269970 -0.042903 -0.290972
v -1.383758 1.325512 -0.565896
v -1.426817 1.421636 -0.565896
v -1.427806 1.421182 -0.375021
v -1.382772 1.325966 -0.375021
v 0.711416 -0.495933 -0.171312
v 0.587843 -0.862239 -0.171728
v 0.424851 -0.931991 -0.230025
v 0.452586 -0.501449 -0.230025
v 0.469089 -0.647516 -0.260388
v 0.492109 -0.498555 -0.263986
v 0.681233 -0.497357 -0.225186
v 0.574752 -0.632980 -0.217270
v 0.477876 -0.652756 -0.329766
v 0.494815 -0.552996 -0.330511
v 0.663077 -0.548463 -0.251871
v 0.583542 -0.638219 -0.247886
v 0.492850 -0.471209 -0.268452
v 0.681974 -0.470011 -0.229652
v 0.501639 -0.476449 -0.337830
v 0.690763 -0.475251 -0.260267
v -0.549901 -1.058151 -0.246706
v -0.631527 -0.506374 -0.328404
v -0.709500 -1.058151 -0.250503
v -0.241394 -1.058151 -0.328404
v -0.323092 -1.058151 -0.081698
v -0.549901 -1.058151 -0.081698
v -1.013429 -1.050036 -0.328404
v -0.943897 -1.058148 -0.077901
v -0.709500 -1.058151 -0.077901
v -0.631599 -1.058151 -0.328404
v -0.397870 -1.102505 -0.189416
v -0.869174 -1.102570 -0.193151
v -0.475120 -1.102505 -0.189416
v -0.784225 -1.102573 -0.193152
v -0.402992 -1.088161 -0.128040
v -0.469998 -1.088161 -0.128040
v -0.863996 -1.088260 -0.124158
v -0.789407 -1.088257 -0.124159
v -0.709500 -1.088777 -0.077901
v -0.943900 -1.088777 -0.077901
v -0.323092 -1.088777 -0.081698
v -0.549901 -1.088777 -0.081698
v -0.549901 -1.088777 -0.246706
v -0.323092 -1.088777 -0.246706
v -0.942984 -1.087888 -0.250503
v -0.709500 -1.088777 -0.250503
v -0.382439 -1.207802 -0.291697
v -0.884498 -1.207784 -0.295507
v -0.490551 -1.207802 -0.291697
v -0.768906 -1.207784 -0.295507
v -0.402992 -1.183436 -0.239238
v -0.469998 -1.183436 -0.239238
v -0.863996 -1.183535 -0.235356
v -0.789407 -1.183533 -0.235358
v -0.297834 -1.291916 -0.204991
v -1.041526 -1.291916 -0.208787
v -0.433630 -1.291916 -0.204991
v -0.898138 -1.291916 -0.208787
v -0.297834 -1.291916 -0.130996
v -0.433630 -1.291916 -0.130996
v -1.041526 -1.291916 -0.127199
v -0.898138 -1.291916 -0.127199
v -0.534047 -0.969271 -0.330550
v -0.541249 -0.745724 -0.342968
v -0.432436 -0.759484 -0.345674
v -0.304877 -0.730131 -0.326486
v -0.304877 -0.976770 -0.326486
v -0.432211 -0.976770 -0.327716
v -1.968041 0.958767 -0.448666
v -1.762895 1.024697 -0.430561
v -1.769059 0.881612 -0.164084
v -1.952027 0.858402 -0.164084
v -0.958348 -0.203411 -0.704274
v -0.958348 0.253875 -0.704274
v 2.270752 -0.243033 -0.664652
v 2.270752 0.293495 -0.664652
v 2.270752 -0.243033 -0.932915
v 2.270752 0.293495 -0.932915
v -0.958348 -0.203411 -0.932915
v -0.958348 0.253875 -0.932915
v -0.958348 0.457605 -0.500543
v -0.665020 -0.428246 -0.741519
v -0.664988 -0.407141 -0.932915
v -0.958348 0.457605 -0.932915
v -1.225851 -0.203411 -0.704274
v -1.225852 0.253875 -0.704274
v -1.225851 -0.203411 -0.932915
v -1.225852 0.253875 -0.932915
v -1.225851 -0.545895 -0.401659
v -1.225852 0.596359 -0.401659
v -1.225851 -0.545895 -0.932915
v -1.225852 0.596359 -0.932915
v -3.478405 -0.545895 -0.401659
v -3.478405 0.596359 -0.401659
v -3.478405 -0.545895 -0.932915
v -3.478405 0.596359 -0.932915
v -0.958348 -0.203411 -1.161559
v -0.958348 0.253875 -1.161559
v 2.270752 -0.243033 -1.201179
v 2.270752 0.293495 -1.201179
v -0.958348 0.457605 -1.365287
v -0.664988 -0.407141 -1.151497
v -1.225852 -0.203411 -1.161559
v -1.225852 0.253875 -1.161559
v -1.225851 -0.545895 -1.464171
v -1.225852 0.596359 -1.464171
v -3.478405 -0.545895 -1.464171
v -3.478405 0.596359 -1.464171
v 2.270752 0.457606 -0.932915
v 2.270752 0.457606 -0.500544
v -0.220004 -0.417038 -0.730462
v -0.225588 -0.405182 -0.934305
v 2.270752 0.457606 -1.365287
v -0.191258 -0.407141 -1.151497
v 0.027407 -0.243033 -0.664651
v 0.027407 0.293495 -0.664651
v 0.027407 -0.243033 -0.932915
v 0.027407 0.293495 -0.932915
v 0.027407 -0.243033 -1.201179
v 0.027407 0.293495 -1.201179
v -0.958348 -0.407141 -0.500543
v 2.270752 -0.407141 -0.500544
v -0.958348 -0.407141 -0.932915
v 2.270752 -0.407141 -0.932915
v -0.958348 -0.407141 -1.365287
v 2.270752 -0.407141 -1.365287
v -0.672440 -0.590971 -0.612814
v -0.666006 -0.597052 -0.928976
v -0.664988 -0.581626 -1.151497
v -0.233905 -0.586078 -0.612849
v -0.227001 -0.595093 -0.930352
v -0.191258 -0.581626 -1.151497
v -0.505453 -0.969271 -0.569208
v -0.529319 -0.961354 -0.722529
v -0.529319 -0.915111 -0.826502
v -0.265198 -0.976770 -0.565531
v -0.251973 -0.961354 -0.722529
v -0.251973 -0.915111 -0.826502
v -0.428124 -0.407141 -1.151497
v -0.448319 -0.593104 -0.613500
v -0.428124 -0.581626 -1.151497
v -0.390646 -0.961354 -0.722529
v -0.401039 -0.976770 -0.565840
v -0.390646 -0.915111 -0.826502
v -0.586739 -0.710007 0.385888
v -0.599426 -0.688315 0.425882
v -0.586603 -0.997813 0.385569
v -0.432500 -0.684144 0.375544
v -0.438063 -0.679650 0.444931
v -0.296594 -0.717184 0.387640
v -0.311070 -0.688520 0.418505
v -0.296824 -0.990253 0.387611
v -0.311067 -1.018342 0.418547
v -0.432533 -1.023217 0.375073
v -0.438115 -1.027213 0.445019
v -0.599436 -1.018563 0.425901
v -0.444795 -1.018185 0.445382
v -0.339681 -0.974441 0.439213
v -0.590533 -0.994973 0.448916
v -0.464680 -1.014402 0.506801
v -0.385007 -1.005965 0.412270
v -0.584468 -0.989786 0.548918
v -0.458840 -1.029630 0.514975
v -0.250993 -1.025345 0.607144
v -0.370916 -1.015227 0.402892
v -0.598794 -1.011730 0.594298
v -0.598600 -0.699890 0.603851
v -0.298148 -1.011148 0.784781
v -0.298172 -0.695774 0.784804
v -0.270098 -0.994412 0.764401
v -0.248407 -1.013008 0.607374
v -0.271278 -0.711951 0.764883
v -0.247720 -1.007477 0.779543
v -0.247829 -0.902269 0.798653
v 0.062040 -0.899582 0.811726
v -0.231497 -0.700509 0.783894
v -0.192562 -0.926394 0.618825
v 0.117468 -0.870639 0.795958
v 0.091582 -0.948601 0.798657
v 0.148659 -0.873781 0.682081
v 0.121253 -0.961980 0.676949
v 0.161181 -0.871489 0.564774
v 0.137892 -0.948835 0.552761
v -0.185067 -1.007509 0.447021
v -0.177620 -0.902331 0.429272
v -0.168360 -0.700510 0.448843
v 0.114981 -0.901448 0.530002
v -0.210266 -0.993308 0.453317
v -0.211069 -0.713112 0.452439
v -0.223325 -1.012194 0.431237
v -0.223311 -0.694708 0.431247
v -0.251004 -0.681550 0.607177
v -0.364570 -0.690100 0.403539
v -0.449325 -0.673865 0.527167
v -0.374990 -0.696007 0.415986
v -0.453426 -0.686419 0.521741
v -0.339633 -0.732243 0.439165
v -0.444900 -0.688621 0.445203
v -0.590546 -0.711928 0.448898
v -0.589167 -0.722078 0.556075
v -0.247279 -0.694290 0.607582
v -0.200216 -0.681145 0.616311
v 0.122646 -0.716605 0.677145
v 0.142782 -0.729253 0.547353
v 0.094039 -0.729227 0.805422
v 0.167770 -0.774637 0.685646
v 0.178645 -0.780270 0.551450
v 0.129084 -0.779717 0.814558
v 0.146483 -0.930746 0.682093
v 0.164513 -0.923012 0.555518
v 0.117412 -0.921132 0.806075
v 0.079539 -0.924487 0.669398
v -0.222098 -1.025652 0.612183
v 0.061579 -0.979620 0.517939
v 0.033489 -1.001536 0.660370
v 0.007779 -0.979681 0.803262
v -1.028741 -0.436050 -0.000001
v -1.067654 -1.089552 -0.000001
v -0.237645 -1.122455 -0.000002
v -0.241186 -0.442030 -0.000003
v 0.621022 -0.917452 -0.000000
v 0.713295 -0.431549 -0.000000
v 0.164380 -1.077137 -0.000001
v 0.139639 -0.444135 -0.000001
v 0.446922 -0.992506 -0.000000
v 0.451400 -0.437046 -0.000000
v 0.724240 -0.833433 -0.000000
v 0.759160 -0.641840 -0.000000
v 1.007200 -0.757467 -0.000000
v 0.998225 -0.584114 -0.000000
v 1.020528 -0.466610 -0.000000
v 1.025787 -0.597895 -0.000000
v -1.034171 -0.428116 -0.000003
v -1.066340 -1.104334 -0.000001
v -1.396257 -0.347166 0.000000
v -1.488479 -1.069385 0.000000
v -1.383787 -0.350311 -0.000000
v -1.497728 -1.004991 0.000000
v -1.743784 -0.016009 -0.000001
v -1.939389 -0.856063 0.000000
v -1.740978 -0.021806 -0.000001
v -1.961684 -0.782393 0.000000
v -1.901111 0.549326 0.000000
v -2.282396 -0.239968 0.000000
v -1.903116 0.630020 0.000000
v -2.315916 0.169436 0.000000
v -0.631747 -1.122565 -0.000005
v -0.629094 -0.442027 -0.000004
v -1.040449 -0.463924 0.342346
v -0.238931 -0.461795 0.374766
v -0.298453 -1.110767 0.272821
v -1.067510 -1.055223 0.339195
v 0.729149 -0.668473 0.196359
v 0.732517 -0.818338 0.120018
v 0.146634 -0.463847 0.331901
v 0.166455 -1.057718 0.341465
v 0.462309 -0.650505 0.285751
v 0.470211 -0.519535 0.281986
v 0.666954 -0.513679 0.214989
v 0.587313 -0.642858 0.233839
v 0.998349 -0.596558 0.070079
v 1.000456 -0.754599 0.066875
v 1.024381 -0.593881 0.064030
v 1.014056 -0.479563 0.126112
v -1.024143 -0.435765 0.366720
v -0.968252 -1.107339 0.278024
v -1.407687 -0.393025 0.346287
v -1.468921 -0.920872 0.338599
v -1.392098 -0.366162 0.357334
v -1.454283 -1.000277 0.356755
v -1.813380 0.005159 0.344244
v -1.935159 -0.610662 0.331746
v -1.810245 0.006392 0.349932
v -1.922153 -0.688521 0.347781
v -1.892667 0.726879 0.367530
v -2.352485 0.411179 0.366153
v -1.930020 0.497251 0.326300
v -2.316859 -0.055044 0.333436
v -1.337714 1.307677 0.607237
v -1.408067 1.470555 0.603305
v -1.420420 1.475876 0.341809
v -1.325264 1.322907 0.346167
v 0.727813 -0.455061 0.218320
v 0.623663 -0.900238 0.209438
v 0.450639 -0.972939 0.272536
v 0.461226 -0.456295 0.275095
v 0.423725 -0.692895 0.265079
v 0.432955 -0.484204 0.246980
v 0.730308 -0.506340 0.185484
v 0.599084 -0.685160 0.191682
v 0.452189 -0.693262 0.372753
v 0.465867 -0.559052 0.387729
v 0.716050 -0.578584 0.272600
v 0.618879 -0.690115 0.262197
v 0.451865 -0.425806 0.264385
v 0.722626 -0.428757 0.212306
v 0.478172 -0.444241 0.388422
v 0.740566 -0.447618 0.290308
v -0.574534 -1.110773 0.272819
v -0.629896 -0.461433 0.374521
v -0.686310 -1.110534 0.278373
v -0.236343 -1.103425 0.373940
v -0.297542 -1.111765 0.058151
v -0.575443 -1.111768 0.058146
v -1.050472 -1.085988 0.366817
v -0.972099 -1.110243 0.054624
v -0.684624 -1.111373 0.052956
v -0.631960 -1.103910 0.373737
v -0.328030 -1.136205 0.215957
v -0.938833 -1.136335 0.219857
v -0.544927 -1.136397 0.215467
v -0.714726 -1.136628 0.219294
v -0.359075 -1.150984 0.113809
v -0.513720 -1.150996 0.113721
v -0.908209 -1.150956 0.110102
v -0.745697 -1.150988 0.109882
v -0.668987 -1.116154 0.037241
v -0.984256 -1.116215 0.037013
v -0.282679 -1.116335 0.041017
v -0.590316 -1.116335 0.041018
v -0.590462 -1.116765 0.287048
v -0.282530 -1.116764 0.287047
v -0.984045 -1.116067 0.290344
v -0.668995 -1.117332 0.290635
v -0.337240 -1.174034 0.367617
v -0.925081 -1.171550 0.373295
v -0.544645 -1.182549 0.362527
v -0.712929 -1.186363 0.364746
v -0.313367 -1.165550 0.211082
v -0.561540 -1.203578 0.216105
v -0.947799 -1.157522 0.203070
v -0.702675 -1.214778 0.213066
v -0.246335 -1.324146 0.226352
v -1.097252 -1.312704 0.233507
v -0.457446 -1.348853 0.223373
v -0.884110 -1.351617 0.228444
v -0.256397 -1.307375 0.084183
v -0.461045 -1.315083 0.077513
v -1.087206 -1.303972 0.083426
v -0.877237 -1.317359 0.071837
v 0.656203 0.522020 -0.932915
v 0.656184 -0.452293 -1.411224
v 0.656203 0.502957 -1.411030
v -0.427808 -0.434823 -0.656179
v 0.656111 -0.452287 -0.454601
v 0.656203 0.502957 -0.454801
v -2.006480 0.980309 0.495632
v -1.736693 0.986680 0.475462
v -1.725728 0.861358 0.120942
v -1.989454 0.894176 0.125825
v -1.040437 -0.463908 -0.342352
v -0.239241 -0.462049 -0.375022
v -0.298458 -1.110750 -0.272851
v -1.067500 -1.055237 -0.339201
v 0.729149 -0.668473 -0.196359
v 0.732517 -0.818338 -0.120018
v 0.146635 -0.463846 -0.331900
v 0.166455 -1.057719 -0.341464
v 0.446445 -0.680510 -0.255548
v 0.445261 -0.534095 -0.256736
v 0.665986 -0.517747 -0.220630
v 0.565606 -0.663686 -0.222947
v 0.998349 -0.596558 -0.070079
v 1.000456 -0.754599 -0.066875
v 1.024381 -0.593881 -0.064030
v 1.014056 -0.479563 -0.126112
v -1.024009 -0.435776 -0.366844
v -0.968240 -1.107330 -0.278048
v -1.407687 -0.393024 -0.346287
v -1.468920 -0.920872 -0.338599
v -1.392098 -0.366162 -0.357334
v -1.454282 -1.000276 -0.356755
v -1.813373 0.005162 -0.344241
v -1.935160 -0.610662 -0.331745
v -1.810245 0.006386 -0.349935
v -1.922153 -0.688521 -0.347781
v -1.892667 0.726878 -0.367530
v -2.352485 0.411179 -0.366153
v -1.930020 0.497251 -0.326300
v -2.316859 -0.055044 -0.333436
v -1.337714 1.307676 -0.607236
v -1.408066 1.470555 -0.603305
v -1.420420 1.475876 -0.341809
v -1.325264 1.322907 -0.346167
v 0.727747 -0.455236 -0.218495
v 0.623575 -0.900164 -0.209592
v 0.450667 -0.972889 -0.272566
v 0.462122 -0.456540 -0.275187
v 0.423700 -0.689878 -0.248664
v 0.438308 -0.483254 -0.234060
v 0.722567 -0.502764 -0.176593
v 0.592333 -0.682057 -0.186013
v 0.452113 -0.693272 -0.372700
v 0.465773 -0.559040 -0.387684
v 0.716122 -0.578549 -0.272469
v 0.618926 -0.690118 -0.262079
v 0.452402 -0.428009 -0.243033
v 0.713047 -0.429960 -0.189941
v 0.478065 -0.444181 -0.388335
v 0.740611 -0.447465 -0.290090
v -0.574561 -1.110740 -0.272843
v -0.629768 -0.461855 -0.374923
v -0.686275 -1.110503 -0.278388
v -0.236786 -1.103216 -0.374195
v -0.297530 -1.111762 -0.058158
v -0.575479 -1.111757 -0.058167
v -1.050366 -1.085954 -0.366947
v -0.972100 -1.110242 -0.054625
v -0.684585 -1.111362 -0.052977
v -0.631920 -1.103271 -0.374374
v -0.328030 -1.136205 -0.215957
v -0.938832 -1.136333 -0.219856
v -0.544927 -1.136397 -0.215467
v -0.714726 -1.136628 -0.219293
v -0.359075 -1.150984 -0.113809
v -0.513720 -1.150996 -0.113721
v -0.908208 -1.150956 -0.110102
v -0.745697 -1.150988 -0.109882
v -0.668989 -1.116156 -0.037240
v -0.984256 -1.116215 -0.037013
v -0.282679 -1.116335 -0.041017
v -0.590315 -1.116336 -0.041018
v -0.590462 -1.116768 -0.287047
v -0.282530 -1.116766 -0.287046
v -0.984045 -1.116068 -0.290343
v -0.668996 -1.117334 -0.290635
v -0.337240 -1.174034 -0.367617
v -0.925081 -1.171550 -0.373295
v -0.544645 -1.182549 -0.362527
v -0.712929 -1.186363 -0.364746
v -0.313367 -1.165550 -0.211082
v -0.561540 -1.203578 -0.216105
v -0.947799 -1.157522 -0.203070
v -0.702675 -1.214778 -0.213066
v -0.246336 -1.324146 -0.226352
v -1.097252 -1.312704 -0.233507
v -0.457446 -1.348853 -0.223373
v -0.884110 -1.351617 -0.228444
v -0.256397 -1.307375 -0.084184
v -0.461045 -1.315083 -0.077513
v -1.087206 -1.303972 -0.083426
v -0.877237 -1.317359 -0.071837
v -0.588335 -1.000673 -0.382979
v -0.601594 -0.711733 -0.378304
v -0.432712 -0.674371 -0.359938
v -0.269931 -0.707920 -0.375621
v -0.283250 -1.001933 -0.381595
v -0.432416 -1.022219 -0.373361
v -2.006480 0.980309 -0.495635
v -1.736693 0.986680 -0.475462
v -1.725728 0.861358 -0.120942
v -1.989454 0.894176 -0.125825
v -1.015965 -0.223349 -0.683542
v -1.015965 0.273815 -0.683542
v 2.330755 -0.223865 -0.672420
v 2.330753 0.274319 -0.672446
v 2.316045 -0.197233 -0.932937
v 2.322835 0.257079 -0.932421
v -1.004211 -0.248640 -0.932915
v -1.004210 0.299105 -0.932915
v -0.995287 0.494716 -0.463029
v -0.701103 -0.457294 -0.696656
v -0.711531 -0.451647 -0.934155
v -1.003604 0.503442 -0.932915
v -1.168111 -0.223216 -0.683743
v -1.168111 0.273681 -0.683743
v -1.179853 -0.248499 -0.932915
v -1.179853 0.298964 -0.932915
v -1.188844 -0.583087 -0.364292
v -1.188844 0.633551 -0.364292
v -1.180516 -0.591653 -0.932915
v -1.180516 0.642117 -0.932915
v -3.515521 -0.583010 -0.364323
v -3.515521 0.633474 -0.364323
v -3.523952 -0.591443 -0.932915
v -3.523952 0.641906 -0.932915
v -1.015965 -0.223349 -1.182291
v -1.015965 0.273815 -1.182291
v 2.329590 -0.224243 -1.182950
v 2.330836 0.284974 -1.182209
v -0.995287 0.494716 -1.402801
v -0.686218 -0.464007 -1.172874
v -1.168111 -0.223216 -1.182090
v -1.168111 0.273681 -1.182090
v -1.188844 -0.583087 -1.501539
v -1.188844 0.633551 -1.501539
v -3.515521 -0.583010 -1.501508
v -3.515521 0.633474 -1.501508
v 2.315963 0.503485 -0.932914
v 2.307658 0.494720 -0.463000
v -0.157892 -0.459214 -0.696666
v -0.146139 -0.453105 -0.932183
v 2.307660 0.494719 -1.402829
v -0.170307 -0.464047 -1.173036
v 0.069059 -0.201408 -0.680700
v 0.069102 0.251907 -0.680815
v 0.073000 -0.197531 -0.932950
v 0.079387 0.256870 -0.932469
v 0.064944 -0.205606 -1.164588
v 0.069124 0.276122 -1.159587
v -0.995431 -0.444381 -0.463297
v 2.307714 -0.444357 -0.463156
v -1.003744 -0.452840 -0.932864
v 2.315957 -0.453026 -0.932878
v -0.995428 -0.444268 -1.402648
v 2.307749 -0.444372 -1.402627
v -0.736822 -0.547752 -0.559820
v -0.729204 -0.608997 -0.932365
v -0.706220 -0.601491 -1.196800
v -0.168540 -0.542226 -0.555037
v -0.128537 -0.602983 -0.928595
v -0.150095 -0.600103 -1.197443
v -0.576917 -1.028704 -0.564788
v -0.563881 -1.014375 -0.734494
v -0.560221 -0.964150 -0.854599
v -0.221635 -1.023750 -0.559145
v -0.210164 -1.009513 -0.731561
v -0.214305 -0.959467 -0.854122
v -0.428111 -0.452207 -1.197517
v -0.448614 -0.520389 -0.546659
v -0.428111 -0.604737 -1.211611
v -0.390331 -1.023662 -0.738861
v -0.400771 -1.041142 -0.567917
v -0.390435 -0.967968 -0.863317
vn -0.0000 1.0000 -0.0000
vn -0.9952 -0.0000 0.0982
vn 0.8987 -0.0000 0.4386
vn -0.0000 -1.0000 -0.0000
vn 0.2891 0.4283 0.8561
vn -0.0122 -0.5283 0.8490
vn -0.4578 -0.8230 -0.3363
vn -0.4026 -0.2499 -0.8806
vn -0.5283 -0.0000 0.8491
vn -0.5929 -0.0000 -0.8053
vn 0.9827 -0.0001 0.1852
vn 0.9827 -0.0000 0.1853
vn 0.0930 -0.9956 0.0141
vn 0.1039 -0.9944 0.0196
vn 0.0973 -0.9951 0.0183
vn 0.9827 -0.0000 0.1852
vn -0.0973 -0.0033 0.9952
vn -0.0575 -0.0137 0.9983
vn 0.1023 -0.9946 0.0194
vn 0.1003 -0.9947 0.0226
vn -0.0808 -0.0063 0.9967
vn -0.0400 0.9992 -0.0093
vn -0.0406 0.9991 -0.0096
vn 0.8978 -0.4062 0.1703
vn 0.8981 -0.4050 0.1714
vn -0.0745 0.1194 0.9900
vn 0.8974 -0.4075 0.1691
vn -0.0394 0.9992 -0.0090
vn 0.2912 0.1198 -0.9491
vn 0.3101 -0.0149 -0.9506
vn 0.2712 -0.0031 -0.9625
vn 0.2876 -0.0060 -0.9577
vn 0.0984 -0.9948 0.0258
vn 0.9827 0.0001 0.1851
vn 0.9827 -0.0001 0.1851
vn 0.9827 -0.0002 0.1854
vn 0.0922 -0.9955 0.0209
vn 0.1480 -0.0000 -0.9890
vn 0.9827 0.0001 0.1852
vn -0.4578 0.8230 -0.3364
vn -0.1762 -0.0000 -0.9844
vn 0.9968 -0.0000 -0.0799
vn 0.2890 -0.4278 0.8564
vn 0.0660 -0.0000 0.9978
vn -0.0119 0.5281 0.8491
vn -0.9980 -0.0000 0.0636
vn -0.7539 -0.0000 0.6569
vn -0.4026 0.2521 -0.8800
vn 0.0790 0.9968 0.0149
vn 0.0785 0.9967 0.0203
vn 0.0810 0.9967 0.0099
vn 0.0949 0.9953 0.0179
vn 0.0896 0.9958 0.0169
vn 0.0948 0.9953 0.0185
vn 0.7925 0.5915 0.1487
vn 0.7913 0.5932 0.1485
vn 0.7900 0.5949 0.1483
vn 0.9806 0.0668 0.1845
vn 0.9806 0.0666 0.1845
vn 0.9806 0.0670 0.1844
vn -0.5541 -0.8268 -0.0974
vn -0.5541 -0.8267 -0.0974
vn -0.1853 -0.0000 0.9827
vn 0.1853 -0.0000 -0.9827
vn 0.0910 -0.9957 0.0156
vn 0.0907 -0.9957 0.0170
vn 0.3453 -0.9362 0.0655
vn 0.3449 -0.9364 0.0639
vn 0.3457 -0.9359 0.0670
vn 0.0904 -0.9957 0.0185
vn -0.0021 -0.0010 1.0000
vn -0.0032 0.0019 1.0000
vn -0.0038 -0.0061 1.0000
vn -0.0027 0.0016 1.0000
vn -0.0047 0.0024 1.0000
vn 0.0068 0.0044 1.0000
vn -0.0056 -0.0000 1.0000
vn -0.0053 -0.0029 1.0000
vn 0.0039 0.0065 1.0000
vn -0.0031 -0.0028 1.0000
vn 0.0051 -0.0162 0.9999
vn 0.0049 -0.0137 0.9999
vn 0.3934 -0.9194 -0.0000
vn -0.9621 0.1655 0.2167
vn 0.0949 0.0110 0.9954
vn 0.1116 -0.9938 -0.0000
vn 0.2036 0.0075 0.9790
vn 0.2874 -0.9578 -0.0000
vn 0.8262 -0.2852 0.4859
vn 0.3009 -0.4105 0.8608
vn 0.2499 -0.9683 -0.0000
vn 0.2353 -0.9119 0.3363
vn 1.0000 -0.0000 -0.0000
vn 0.3150 -0.4169 0.8526
vn 0.4027 -0.9153 -0.0000
vn 0.3995 -0.9081 0.1253
vn -0.0946 0.9746 -0.2030
vn -0.0966 0.9953 -0.0000
vn 0.7048 -0.1238 0.6986
vn 0.9849 -0.1730 -0.0000
vn 0.0577 0.9983 -0.0000
vn 0.6815 -0.7293 0.0604
vn 0.6827 -0.7307 -0.0000
vn -0.0227 0.9997 -0.0000
vn -0.0212 0.9998 -0.0004
vn -0.0220 0.9998 -0.0000
vn 0.0066 1.0000 -0.0020
vn 0.0055 1.0000 -0.0000
vn 0.0028 1.0000 -0.0000
vn -0.0000 -0.0000 1.0000
vn 0.0894 0.9960 -0.0009
vn 0.0894 0.9960 -0.0000
vn -0.0213 0.9998 -0.0000
vn -0.9724 -0.2331 0.0035
vn -0.9724 -0.2331 -0.0000
vn -0.9971 0.0717 0.0259
vn -0.9862 0.0433 -0.1597
vn 0.2101 0.9777 -0.0000
vn 0.2101 0.9777 0.0065
vn -0.1056 -0.9885 0.1082
vn -0.8485 0.5292 0.0013
vn -0.9962 0.0330 0.0806
vn -0.9755 0.0835 0.2038
vn 0.9531 0.2877 0.0934
vn -0.0050 0.0110 0.9999
vn -0.3744 -0.8543 0.3606
vn -0.0040 -0.0191 0.9998
vn 0.6426 0.7660 -0.0186
vn 0.6426 0.7660 -0.0187
vn 0.6395 0.7681 -0.0315
vn 0.9140 -0.3618 0.1834
vn 0.9140 -0.3619 0.1835
vn 0.9140 -0.3619 0.1836
vn 0.9139 -0.3619 0.1836
vn -0.9869 -0.1182 0.1098
vn 0.9730 -0.1030 0.2066
vn 0.6205 -0.7301 0.2862
vn 0.0268 -0.3428 0.9390
vn -0.8147 -0.5208 0.2551
vn 0.9782 -0.2045 0.0354
vn -0.9863 -0.0428 -0.1591
vn 0.1772 -0.1195 0.9769
vn 0.9084 0.4182 -0.0000
vn -0.6504 0.7224 -0.2349
vn -0.4924 0.4933 -0.7171
vn 0.1066 -0.0555 0.9928
vn 0.3554 -0.0084 0.9347
vn 0.2131 -0.0385 0.9763
vn 0.3838 -0.0309 0.9229
vn 0.3960 -0.1856 0.8993
vn 0.0595 -0.9810 -0.1849
vn -0.1194 0.8222 -0.5565
vn 0.7407 -0.6719 -0.0002
vn 0.5003 -0.2751 0.8210
vn 0.7057 -0.5595 -0.4348
vn -0.9765 0.1543 0.1503
vn 0.0678 -0.9910 -0.1158
vn 0.0244 0.9947 0.0999
vn -0.1993 0.1632 -0.9663
vn -0.9921 0.0598 0.1102
vn 0.9609 -0.2591 -0.0978
vn 0.0002 1.0000 -0.0000
vn -0.0423 -0.9989 0.0206
vn -0.0002 -1.0000 -0.0006
vn -0.0002 -1.0000 -0.0000
vn -0.0001 -1.0000 -0.0003
vn -0.0163 -0.9990 0.0406
vn -0.9273 -0.2371 -0.2898
vn -0.0000 0.6973 0.7168
vn -0.0000 -0.0000 -1.0000
vn -1.0000 -0.0000 -0.0000
vn -0.9998 0.0166 0.0081
vn -0.0416 -0.9990 -0.0184
vn -0.0637 -0.9974 -0.0341
vn 0.0598 -0.9975 -0.0368
vn 0.0390 -0.9990 -0.0201
vn -0.0386 -0.9990 -0.0207
vn -0.0592 -0.9975 -0.0389
vn 0.0592 -0.9975 -0.0389
vn 0.0386 -0.9990 -0.0207
vn 0.0427 -0.9948 0.0928
vn 0.0522 -0.9968 0.0606
vn -0.0522 -0.9968 0.0606
vn -0.0427 -0.9948 0.0928
vn -0.0475 -0.9938 0.1005
vn -0.0571 -0.9959 0.0697
vn 0.0417 -0.9942 0.0990
vn 0.0515 -0.9964 0.0667
vn 0.7205 0.6932 0.0165
vn -0.5273 0.8469 0.0686
vn -0.0000 0.6968 0.7173
vn -0.0000 -0.7594 -0.6506
vn 0.9508 -0.1888 -0.2455
vn -0.9509 -0.1888 -0.2454
vn 0.9273 -0.2371 -0.2898
vn -0.0000 0.7063 -0.7079
vn -0.0000 -0.7177 0.6963
vn -0.9460 -0.2532 -0.2025
vn -0.0000 -0.7178 0.6963
vn -0.0000 0.7064 -0.7078
vn 0.7152 -0.6643 -0.2171
vn 0.0856 0.2710 -0.9588
vn -0.7516 0.4811 -0.4512
vn 0.3498 -0.4370 0.8286
vn 0.6695 -0.6388 0.3790
vn -0.0089 0.0308 -0.9995
vn -0.0211 -0.0151 -0.9997
vn -0.0170 0.0012 -0.9999
vn 0.0206 0.0468 -0.9987
vn 0.0140 0.0566 -0.9983
vn -0.0302 -0.0000 -0.9995
vn -0.0000 0.0126 -0.9999
vn 0.0024 0.0140 -0.9999
vn 0.0076 -0.0288 -0.9996
vn -0.9621 0.1655 -0.2167
vn 0.0949 0.0110 -0.9954
vn 0.2036 0.0075 -0.9790
vn 0.8262 -0.2852 -0.4859
vn 0.3009 -0.4105 -0.8608
vn 0.2353 -0.9119 -0.3363
vn 0.3150 -0.4169 -0.8526
vn 0.3995 -0.9081 -0.1253
vn -0.0946 0.9746 0.2030
vn 0.7048 -0.1238 -0.6986
vn 0.6815 -0.7293 -0.0604
vn -0.0212 0.9998 0.0004
vn 0.0066 1.0000 0.0020
vn 0.0894 0.9960 0.0009
vn -0.9724 -0.2331 -0.0035
vn -0.9971 0.0717 -0.0259
vn -0.9862 0.0433 0.1597
vn 0.2101 0.9777 -0.0065
vn -0.1056 -0.9885 -0.1082
vn -0.8352 0.5500 0.0016
vn -0.9967 0.0084 -0.0809
vn -0.6826 0.0539 -0.7288
vn 0.9531 0.2877 -0.0934
vn -0.0050 0.0110 -0.9999
vn -0.3797 -0.8665 -0.3240
vn 0.0002 0.0004 -1.0000
vn 0.6456 0.7637 -0.0058
vn 0.9237 -0.3387 -0.1791
vn -0.9924 -0.0871 -0.0874
vn -0.9824 0.0984 -0.1590
vn 0.6251 -0.7471 -0.2259
vn 0.0268 -0.3428 -0.9390
vn -0.8147 -0.5208 -0.2551
vn 0.9795 -0.1988 -0.0316
vn -0.9887 -0.0531 0.1405
vn 0.1772 -0.1195 -0.9769
vn -0.6538 0.7357 0.1767
vn -0.4943 0.4951 0.7145
vn 0.1066 -0.0555 -0.9928
vn 0.3554 -0.0084 -0.9347
vn 0.2131 -0.0385 -0.9763
vn 0.3838 -0.0309 -0.9229
vn 0.3960 -0.1856 -0.8993
vn 0.0595 -0.9810 0.1849
vn -0.1194 0.8222 0.5565
vn 0.7407 -0.6719 0.0002
vn 0.5003 -0.2751 -0.8210
vn 0.7057 -0.5595 0.4348
vn -0.9765 0.1543 -0.1503
vn 0.0678 -0.9910 0.1158
vn 0.0244 0.9947 -0.0999
vn -0.1993 0.1632 0.9663
vn -0.9921 0.0598 -0.1102
vn 0.9609 -0.2591 0.0978
vn 0.0049 -0.0295 -0.9996
vn 0.0346 0.0420 -0.9985
vn -0.0423 -0.9989 -0.0206
vn -0.0002 -1.0000 0.0006
vn -0.0001 -1.0000 0.0003
vn -0.0163 -0.9990 -0.0406
vn -0.9273 -0.2371 0.2898
vn -0.0000 0.6973 -0.7168
vn -0.9998 0.0166 -0.0081
vn -0.0416 -0.9990 0.0184
vn 0.0390 -0.9990 0.0201
vn 0.0598 -0.9975 0.0368
vn -0.0637 -0.9974 0.0341
vn -0.0386 -0.9990 0.0207
vn 0.0386 -0.9990 0.0207
vn 0.0592 -0.9975 0.0389
vn -0.0592 -0.9975 0.0389
vn 0.0427 -0.9948 -0.0928
vn -0.0427 -0.9948 -0.0928
vn -0.0522 -0.9968 -0.0606
vn 0.0522 -0.9968 -0.0606
vn -0.0475 -0.9938 -0.1005
vn -0.0571 -0.9959 -0.0697
vn 0.0417 -0.9942 -0.0990
vn 0.0515 -0.9964 -0.0667
vn 0.7205 0.6932 -0.0165
vn -0.5273 0.8469 -0.0686
vn -0.0000 0.6968 -0.7173
vn -0.0000 -0.7594 0.6506
vn 0.9508 -0.1888 0.2455
vn -0.9509 -0.1888 0.2454
vn 0.9273 -0.2371 0.2898
vn -0.0000 0.7063 0.7079
vn -0.0000 -0.7177 -0.6963
vn -0.9460 -0.2532 0.2025
vn -0.0000 -0.7178 -0.6963
vn -0.0000 0.7064 0.7078
vn 0.7152 -0.6643 0.2171
vn 0.0974 0.3083 0.9463
vn -0.7981 0.4761 0.3693
vn 0.3498 -0.4370 -0.8286
vn 0.7416 -0.6093 -0.2808
vn 0.9875 -0.0021 0.1578
vn 0.0004 -0.9965 0.0835
vn 0.0047 -1.0000 0.0064
vn 0.0027 -0.9999 -0.0164
vn 0.0056 -0.9997 0.0248
vn -0.0249 -0.9995 -0.0169
vn -0.0238 -0.9993 0.0294
vn -0.0280 -0.9994 0.0192
vn 0.0012 -1.0000 -0.0083
vn 0.0011 -1.0000 -0.0078
vn -0.0001 -1.0000 0.0011
vn -0.0003 -1.0000 0.0028
vn -0.0000 -0.6979 -0.7162
vn 0.9939 -0.0448 0.1010
vn -0.9997 0.0193 -0.0122
vn -1.0000 0.0028 -0.0022
vn 0.9991 -0.0418 0.0023
vn -0.0236 0.6054 0.7956
vn 0.0040 0.6166 0.7872
vn -0.0202 0.6068 0.7946
vn -0.0142 -0.9962 -0.0863
vn -0.0152 -0.9962 -0.0854
vn -0.0297 -0.9968 -0.0737
vn -0.0000 -0.9137 -0.4064
vn -0.9289 -0.3687 0.0330
vn -0.9059 -0.4155 -0.0813
vn 0.9973 -0.0601 0.0415
vn -0.0336 -0.9994 -0.0042
vn -0.0387 -0.9992 -0.0049
vn -0.9573 -0.2666 0.1120
vn -0.0348 0.8701 0.4916
vn 0.0463 0.8631 0.5028
vn -0.0412 0.8704 0.4905
vn 0.9798 -0.0335 0.1972
vn -0.1203 0.8712 0.4760
vn -0.0722 -0.9973 -0.0091
vn 0.0001 -0.9952 -0.0978
vn -0.0479 0.5951 0.8022
vn -0.0241 -0.9626 0.2697
vn -0.0082 -0.9636 0.2671
vn 0.0986 -0.9639 0.2472
vn 0.9531 -0.0000 0.3028
vn -0.1356 -0.9484 0.2866
vn -0.9069 0.0003 -0.4214
vn -0.0249 0.9660 0.2574
vn -0.0092 0.9670 0.2545
vn -0.1369 0.9514 0.2757
vn 0.0981 0.9674 0.2335
vn -0.1902 0.2503 -0.9493
vn 0.1009 0.5750 -0.8119
vn 0.5210 0.4647 0.7160
vn 0.2595 0.9586 0.1169
vn 0.4974 -0.0980 0.8620
vn 0.1704 0.9846 -0.0401
vn 0.6461 0.4973 0.5790
vn 0.3843 0.7288 0.5668
vn 0.0091 0.9995 -0.0297
vn 0.0041 0.9998 -0.0202
vn -0.0465 0.9960 0.0766
vn 0.0424 0.9947 -0.0934
vn 0.5256 0.0128 -0.8507
vn 0.9690 0.0004 0.2471
vn -0.8014 0.5744 -0.1670
vn -0.7998 0.5762 -0.1684
vn -0.7295 0.3026 -0.6134
vn -0.7462 0.3662 -0.5561
vn -0.7275 -0.3031 -0.6156
vn -0.7443 -0.3690 -0.5566
vn 0.1802 0.9787 -0.0983
vn 0.1945 0.9802 0.0380
vn 0.4700 0.8781 0.0901
vn 0.4764 0.8787 -0.0301
vn -0.9896 0.0001 -0.1438
vn -0.9820 0.0002 -0.1889
vn 0.6910 -0.0429 -0.7216
vn 0.0230 0.1787 -0.9836
vn 0.0084 0.9889 -0.1486
vn -0.0166 0.9998 -0.0065
vn -0.0165 0.9998 -0.0070
vn 0.0517 -0.0631 -0.9967
vn 0.1253 -0.9918 0.0255
vn 0.1071 -0.9866 0.1231
vn 0.1252 -0.9918 0.0259
vn -0.9371 0.3005 -0.1776
vn -0.9371 0.3005 -0.1774
vn -0.9188 0.2985 -0.2583
vn 0.0811 -0.1477 -0.9857
vn -0.9490 0.3005 -0.0954
vn 0.1422 -0.9872 -0.0721
vn -0.2830 -0.1497 0.9474
vn -0.3363 0.1798 0.9244
vn 0.3951 -0.0425 0.9177
vn -0.3154 -0.0622 0.9469
vn -0.0412 0.9899 0.1354
vn -0.9723 0.0003 -0.2338
vn -0.9357 -0.2739 0.2223
vn -0.9353 -0.2864 0.2079
vn -0.9367 0.2823 0.2070
vn -0.9369 0.2720 0.2196
vn 0.1429 0.9764 0.1617
vn 0.4566 0.8645 0.2100
vn -0.1905 0.0009 0.9817
vn -0.7994 -0.5774 -0.1660
vn -0.7976 -0.5794 -0.1677
vn -0.0599 -0.9954 0.0752
vn 0.0033 -0.9995 -0.0314
vn 0.0112 -0.9989 -0.0447
vn 0.7386 -0.3654 0.5666
vn 0.6631 -0.0222 0.7482
vn 0.2095 -0.7035 0.6791
vn 0.2133 -0.9688 0.1265
vn 0.2221 -0.8960 0.3845
vn 0.5275 -0.0040 -0.8495
vn -0.1892 -0.2501 -0.9495
vn -0.5858 -0.0001 -0.8105
vn 0.1004 -0.5744 -0.8124
vn 0.2005 -0.9791 -0.0346
vn 0.9993 0.0090 -0.0357
vn 0.9328 -0.0000 -0.3604
vn 0.3721 -0.7596 0.5334
vn 0.0534 -0.9918 -0.1157
vn 0.2781 -0.9590 0.0541
vn 0.2629 -0.9501 0.1679
vn 0.2577 -0.9515 0.1678
vn 0.2780 -0.9590 0.0547
vn 0.2845 -0.9568 -0.0608
vn 0.2895 -0.9553 -0.0596
vn -0.1231 -0.9883 0.0904
vn -0.1216 -0.9889 0.0852
vn -0.1025 -0.9946 -0.0192
vn -0.1025 -0.9946 -0.0193
vn -0.0822 -0.9889 -0.1236
vn -0.0824 -0.9882 -0.1289
vn -0.7988 -0.5993 -0.0523
vn -0.7838 -0.6033 -0.1471
vn -0.7838 -0.6033 -0.1472
vn -0.7616 -0.6017 -0.2407
vn -0.9759 0.1171 -0.1842
vn -0.9872 0.1168 -0.1085
vn -0.9759 0.1171 -0.1840
vn -0.9588 0.1167 -0.2590
vn 0.2058 0.9781 0.0318
vn 0.2059 0.9781 0.0316
vn 0.1832 0.9717 0.1492
vn 0.2256 0.9704 -0.0863
vn 0.0397 0.0014 -0.9992
vn -0.3251 0.0034 0.9457
vn -0.1042 0.9944 -0.0196
vn -0.1263 0.9868 0.1018
vn -0.3874 0.9190 -0.0733
vn -0.3874 0.9190 -0.0734
vn -0.4071 0.9119 0.0516
vn -0.3615 0.9113 -0.1970
vn -0.0804 0.9868 -0.1406
vn 0.0192 -0.0248 -0.9995
vn 0.0222 0.0659 -0.9976
vn 0.0304 0.0136 -0.9994
vn 0.0258 -0.0140 -0.9996
vn 0.0215 -0.0328 -0.9992
vn -0.0050 -0.0381 -0.9993
vn -0.2196 0.0003 -0.9756
vn -0.1318 -0.0032 -0.9913
vn -0.0202 -0.0274 -0.9994
vn 0.0231 0.0811 -0.9964
vn 0.0200 0.0629 -0.9978
vn -0.0029 0.0947 -0.9955
vn -0.4017 0.9158 0.0001
vn -0.4007 0.9139 -0.0645
vn -0.5947 0.0815 0.7998
vn -0.0946 -0.0088 -0.9955
vn -0.1143 0.9934 0.0002
vn -0.1143 0.9920 -0.0528
vn -0.2043 -0.0079 -0.9789
vn -0.2929 0.9561 -0.0000
vn -0.2924 0.9546 -0.0579
vn -0.5600 0.2096 -0.8015
vn -0.3597 0.2274 -0.9049
vn -0.2540 0.9672 -0.0000
vn -0.2530 0.9632 -0.0905
vn -0.9986 -0.0523 -0.0000
vn -0.9977 -0.0522 -0.0438
vn -0.3678 0.2187 -0.9038
vn -0.1924 0.9813 -0.0000
vn -0.1921 0.9794 0.0619
vn 0.2179 -0.9689 -0.1177
vn 0.2194 -0.9756 -0.0000
vn -0.9982 -0.0329 -0.0505
vn -0.9995 -0.0329 -0.0000
vn -0.1150 -0.9881 -0.1019
vn -0.1155 -0.9933 0.0002
vn -0.6296 0.7750 -0.0551
vn -0.6304 0.7763 0.0002
vn 0.0175 -0.9978 -0.0645
vn 0.0173 -0.9999 0.0002
vn 0.0105 -0.9999 0.0003
vn 0.0102 -0.9972 -0.0745
vn -0.0084 -0.9984 -0.0555
vn -0.0044 -1.0000 0.0003
vn -0.0084 -1.0000 0.0002
vn -0.0085 -0.9984 -0.0557
vn -0.0428 0.0062 -0.9991
vn -0.0491 -0.9982 -0.0358
vn -0.0494 -0.9988 0.0003
vn 0.0034 -1.0000 0.0004
vn 0.0034 -0.9962 -0.0865
vn -0.0000 -0.9215 -0.3883
vn 0.9596 -0.2812 -0.0118
vn 0.9592 -0.2827 0.0002
vn 0.9361 0.3485 -0.0472
vn 0.8405 -0.0348 -0.5407
vn -0.2525 -0.9676 -0.0000
vn -0.2520 -0.9654 -0.0674
vn 0.0883 0.9846 -0.1507
vn 0.9938 -0.1100 0.0182
vn 0.9815 0.1477 -0.1215
vn 0.6356 -0.0620 -0.7695
vn -0.9556 -0.2514 -0.1538
vn 0.0221 -0.0050 -0.9997
vn 0.3654 0.8658 -0.3419
vn -0.0082 0.0092 -0.9999
vn -0.6936 -0.7203 -0.0000
vn -0.6894 -0.7159 -0.1104
vn 0.9555 -0.2113 0.2060
vn 0.9553 -0.2115 0.2066
vn 0.9554 -0.2115 0.2059
vn 0.9553 -0.2119 0.2064
vn 0.9642 0.2071 -0.1655
vn 0.6010 -0.0983 -0.7932
vn -0.6541 0.7399 -0.1572
vn 0.0548 0.2201 -0.9739
vn 0.8112 0.5193 -0.2688
vn -0.9925 0.1176 -0.0340
vn 0.9956 0.0766 0.0544
vn -0.1146 0.1053 -0.9878
vn -0.8854 -0.4645 -0.0184
vn 0.6577 -0.7466 0.1004
vn 0.2314 -0.3557 0.9055
vn -0.1507 0.0311 -0.9881
vn -0.3701 0.0444 -0.9279
vn -0.2584 0.0819 -0.9626
vn 0.8406 -0.0250 -0.5411
vn -0.3763 0.1251 -0.9180
vn 0.3269 -0.6276 0.7065
vn 0.1799 0.7854 0.5923
vn 0.5679 -0.3274 0.7551
vn -0.4470 0.2890 -0.8466
vn -0.7488 0.5845 0.3125
vn 0.9638 -0.0667 -0.2583
vn -0.0137 0.9993 0.0336
vn -0.0592 -0.9839 -0.1687
vn 0.1724 -0.3175 0.9325
vn 0.9536 -0.1443 -0.2641
vn -0.9959 0.0677 0.0596
vn -0.3317 -0.9434 -0.0018
vn -0.0005 -0.9986 -0.0522
vn -0.0004 -1.0000 0.0004
vn 0.0213 0.9985 -0.0503
vn -0.0265 0.9984 -0.0496
vn 0.0017 0.9987 -0.0517
vn 0.0133 0.9983 -0.0575
vn 0.0196 0.9939 -0.1085
vn 0.0198 0.9998 0.0001
vn -0.0239 0.9939 -0.1072
vn 0.0089 1.0000 0.0003
vn 0.1449 0.9886 -0.0404
vn 0.0266 0.9979 -0.0592
vn 0.0410 0.9981 -0.0458
vn 0.0267 0.9996 -0.0000
vn 0.0313 0.9889 -0.1455
vn 0.0553 0.9979 -0.0323
vn 0.9670 -0.2383 0.0900
vn -0.0390 -0.9617 -0.2713
vn -0.0010 -0.9517 0.3070
vn 0.3242 -0.9460 0.0006
vn -0.0000 -0.9662 0.2577
vn -0.3246 -0.9459 0.0006
vn -0.0057 -0.8456 -0.5338
vn 0.4652 -0.8852 0.0017
vn 0.1996 0.9495 0.2420
vn -0.1942 0.9500 0.2444
vn -0.2175 0.9510 0.2198
vn 0.2212 0.9502 0.2196
vn 0.1940 0.9501 0.2444
vn -0.1941 0.9502 0.2437
vn -0.2179 0.9512 0.2185
vn 0.2186 0.9511 0.2184
vn -0.2396 0.9638 -0.1169
vn 0.2405 0.9637 -0.1161
vn 0.1557 0.9729 -0.1708
vn -0.1562 0.9729 -0.1706
vn 0.2444 0.9622 -0.1203
vn 0.1616 0.9715 -0.1736
vn -0.2372 0.9643 -0.1178
vn -0.1543 0.9729 -0.1724
vn -0.9158 -0.3944 -0.0757
vn 0.7104 -0.6995 -0.0778
vn 0.0233 -0.9626 -0.2699
vn 0.1234 0.9348 0.3331
vn -0.9817 -0.1597 0.1041
vn 0.9129 -0.4074 0.0266
vn -0.8916 -0.4514 0.0357
vn -0.0853 0.9446 0.3168
vn -0.0806 0.9811 0.1760
vn 0.1270 0.9813 0.1446
vn 0.0682 -0.7013 0.7096
vn 0.0553 0.6334 -0.7718
vn 0.8132 0.5811 -0.0317
vn -0.0371 0.6510 -0.7581
vn -0.0994 -0.6573 0.7471
vn -0.6030 0.7975 -0.0184
vn -0.1398 -0.2727 0.9519
vn 0.8292 -0.4856 0.2767
vn -0.1886 0.3742 -0.9079
vn -0.7696 0.6101 -0.1883
vn 0.0020 -0.0110 0.9999
vn 0.0206 -0.0072 0.9998
vn 0.0299 -0.0055 0.9995
vn 0.0209 0.0239 0.9995
vn -0.0094 0.0007 1.0000
vn -0.0950 -0.0044 0.9955
vn 0.0149 0.0375 0.9992
vn 0.0001 0.0709 0.9975
vn 0.0139 0.0233 0.9996
vn -0.4009 0.9138 0.0647
vn -0.6658 0.0536 -0.7442
vn -0.0952 -0.0088 0.9954
vn -0.1140 0.9921 0.0531
vn -0.2039 -0.0077 0.9790
vn -0.2924 0.9545 0.0579
vn -0.5609 0.2098 0.8009
vn -0.3597 0.2274 0.9049
vn -0.2530 0.9632 0.0905
vn -0.9977 -0.0522 0.0438
vn -0.3681 0.2191 0.9036
vn -0.1921 0.9794 -0.0619
vn 0.2179 -0.9689 0.1177
vn -0.9982 -0.0329 0.0505
vn -0.1148 -0.9881 0.1024
vn -0.6293 0.7751 0.0555
vn 0.0170 -0.9977 0.0649
vn 0.0100 -0.9971 0.0751
vn -0.0081 -0.9984 0.0561
vn -0.0082 -0.9984 0.0560
vn -0.0427 0.0062 0.9991
vn -0.0496 -0.9981 0.0364
vn 0.0035 -0.9962 0.0873
vn -0.0000 -0.9206 0.3904
vn 0.9587 -0.2841 0.0122
vn 0.9354 0.3503 0.0475
vn 0.8400 -0.0348 0.5414
vn -0.2519 -0.9654 0.0674
vn 0.0883 0.9846 0.1507
vn 0.9938 -0.1100 -0.0182
vn 0.9815 0.1477 0.1215
vn 0.6356 -0.0620 0.7695
vn -0.9556 -0.2514 0.1538
vn 0.0221 -0.0050 0.9997
vn 0.3654 0.8658 0.3419
vn -0.0082 0.0092 0.9999
vn -0.6894 -0.7159 0.1104
vn 0.9555 -0.2109 -0.2061
vn 0.9642 0.2071 0.1655
vn 0.6011 -0.0983 0.7931
vn -0.6541 0.7399 0.1572
vn 0.0548 0.2201 0.9739
vn 0.8112 0.5193 0.2688
vn -0.9925 0.1176 0.0340
vn 0.9956 0.0766 -0.0544
vn -0.1146 0.1053 0.9878
vn -0.8854 -0.4645 0.0184
vn 0.6577 -0.7466 -0.1004
vn 0.2314 -0.3557 -0.9055
vn -0.0750 0.0371 0.9965
vn -0.2991 -0.0418 0.9533
vn -0.1905 0.2184 0.9571
vn -0.8326 0.0097 -0.5538
vn -0.3765 0.1245 0.9180
vn 0.2461 -0.8087 -0.5343
vn 0.1425 0.6495 -0.7469
vn 0.6241 -0.4187 -0.6596
vn -0.4470 0.2890 0.8466
vn -0.7339 0.5727 -0.3653
vn 0.9725 -0.0804 0.2186
vn -0.0027 0.9983 -0.0579
vn -0.0463 -0.9910 0.1259
vn 0.1891 -0.1752 -0.9662
vn 0.9670 -0.1379 0.2143
vn -0.9899 0.0527 -0.1317
vn -0.3336 -0.9427 0.0018
vn 0.0018 0.0828 0.9966
vn -0.0002 -0.9986 0.0531
vn 0.0311 0.0426 0.9986
vn 0.0210 0.9984 0.0521
vn 0.0132 0.9981 0.0601
vn 0.0019 0.9985 0.0541
vn -0.0237 0.9984 0.0518
vn 0.0190 0.9939 0.1087
vn -0.0215 0.9939 0.1078
vn 0.1451 0.9886 0.0405
vn 0.0266 0.9979 0.0593
vn 0.0385 0.9982 0.0464
vn 0.0306 0.9885 0.1484
vn 0.0504 0.9982 0.0334
vn 0.9670 -0.2383 -0.0900
vn -0.0390 -0.9617 0.2713
vn -0.0010 -0.9517 -0.3071
vn 0.3262 -0.9453 -0.0007
vn -0.0000 -0.9662 -0.2579
vn -0.3252 -0.9456 -0.0006
vn -0.0057 -0.8445 0.5355
vn 0.4653 -0.8851 -0.0017
vn 0.1996 0.9495 -0.2420
vn 0.2211 0.9502 -0.2196
vn -0.2175 0.9510 -0.2198
vn -0.1942 0.9500 -0.2444
vn 0.1940 0.9501 -0.2444
vn 0.2186 0.9511 -0.2184
vn -0.2179 0.9512 -0.2185
vn -0.1941 0.9502 -0.2437
vn -0.2396 0.9638 0.1169
vn -0.1562 0.9729 0.1706
vn 0.1557 0.9729 0.1707
vn 0.2404 0.9637 0.1161
vn 0.2444 0.9622 0.1203
vn 0.1616 0.9715 0.1736
vn -0.2372 0.9643 0.1178
vn -0.1543 0.9729 0.1724
vn -0.9158 -0.3944 0.0757
vn 0.7104 -0.6995 0.0778
vn 0.0233 -0.9626 0.2699
vn 0.1234 0.9348 -0.3331
vn -0.9817 -0.1597 -0.1041
vn 0.9129 -0.4074 -0.0266
vn -0.8916 -0.4515 -0.0357
vn -0.0853 0.9446 -0.3168
vn -0.0806 0.9811 -0.1760
vn 0.1270 0.9813 -0.1446
vn 0.0682 -0.7013 -0.7096
vn 0.0553 0.6334 0.7718
vn 0.8132 0.5811 0.0317
vn -0.0371 0.6510 0.7581
vn -0.0994 -0.6573 -0.7471
vn -0.6030 0.7975 0.0184
vn -0.1398 -0.2727 -0.9519
vn 0.8292 -0.4856 -0.2767
vn -0.1886 0.3743 0.9079
vn -0.7696 0.6101 0.1883
vn -0.0015 0.9951 0.0984
vn -0.0032 0.9993 0.0373
vn 0.0051 -0.0000 -1.0000
vn 0.0009 1.0000 -0.0000
vn 0.0009 0.9949 -0.1009
vn 0.0009 -0.1362 0.9907
vn 0.0010 -0.1362 0.9907
vn -0.0731 -0.1369 0.9879
vn -0.0000 -0.9996 -0.0294
vn 0.0082 -0.9995 -0.0294
vn 0.0082 -1.0000 -0.0000
vn 0.9986 -0.0251 -0.0466
vn 0.9987 -0.0260 -0.0449
vn 0.9987 0.0256 -0.0448
vn 0.9986 0.0247 -0.0465
vn 0.9987 0.0506 -0.0000
vn 0.9987 -0.0512 -0.0000
vn -0.9995 0.0317 -0.0000
vn -0.9995 0.0172 -0.0281
vn -0.9994 0.0151 -0.0326
vn 0.0009 -0.9949 -0.1009
vn 0.0009 -1.0000 -0.0000
vn 0.0013 -0.0000 -1.0000
vn 0.0001 -0.9999 -0.0149
vn 0.0001 -1.0000 -0.0000
vn -0.9994 -0.0151 -0.0326
vn -0.9995 -0.0172 -0.0281
vn -0.9995 -0.0317 -0.0000
vn 0.9999 -0.0000 -0.0148
vn 0.0001 1.0000 -0.0000
vn 0.0001 0.9999 -0.0149
vn -0.0043 -1.0000 0.0066
vn -0.0043 -1.0000 0.0071
vn -0.0038 -0.9974 0.0726
vn 0.0051 -0.0000 1.0000
vn 0.0009 0.9949 0.1009
vn -0.9864 -0.1371 0.0907
vn -0.0000 -0.9996 0.0294
vn 0.0082 -0.9995 0.0294
vn 0.9986 -0.0251 0.0465
vn 0.9986 0.0247 0.0465
vn 0.9987 0.0256 0.0448
vn 0.9987 -0.0260 0.0449
vn -0.9994 0.0151 0.0326
vn -0.9995 0.0172 0.0281
vn 0.0009 -0.9949 0.1009
vn 0.0013 -0.0000 1.0000
vn 0.0001 -0.9999 0.0149
vn -0.9994 -0.0151 0.0326
vn -0.9995 -0.0172 0.0281
vn 0.9999 -0.0000 0.0148
vn 0.0001 0.9999 0.0149
vn -0.9980 -0.0322 -0.0546
vn -0.9981 -0.0335 -0.0524
vn -0.9979 -0.0653 -0.0006
vn -0.9984 0.0267 -0.0493
vn -0.9985 0.0277 -0.0472
vn -0.9987 0.0515 0.0007
vn -0.9982 -0.0322 0.0513
vn -0.9982 -0.0340 0.0486
vn -0.9986 0.0257 0.0459
vn -0.9986 0.0259 0.0455
vn -0.9999 0.0091 0.0063
vn -0.9996 0.0071 -0.0281
vn -0.9999 0.0091 0.0071
vn -0.9991 0.0110 0.0402
vn -0.0037 0.0001 1.0000
vn -0.0090 0.0058 -0.9999
vn -0.0048 -0.9982 -0.0593
vn -0.0050 0.9997 -0.0240
vn -0.0067 0.9998 0.0175
vn 0.0063 0.9988 -0.0483
vn -0.0022 1.0000 -0.0068
vn 0.0036 0.9994 -0.0352
vn 0.0254 0.9997 -0.0041
vn 0.0252 0.9997 -0.0041
vn 0.0070 0.9999 0.0082
vn 0.0046 0.9999 0.0109
vn -0.0035 1.0000 -0.0034
vn -0.0010 0.9991 0.0431
vn 0.0010 0.9986 0.0525
vn 0.0187 0.9997 0.0148
vn 0.0144 0.9997 0.0207
vn -0.0038 1.0000 0.0004
vn -0.0007 0.9994 0.0337
vn -0.0017 0.6942 0.7198
vn -0.0064 0.6940 0.7199
vn -0.0570 0.6914 0.7202
vn -0.9628 0.2520 0.0973
vn 0.9791 -0.2031 0.0140
vn 0.9864 -0.1333 0.0960
vn -0.9939 -0.0780 -0.0775
vn -0.0073 -0.8251 -0.5650
vn 0.0150 -0.8253 -0.5644
vn 0.1261 -0.8206 -0.5574
vn -0.0163 0.9957 0.0916
vn 0.0638 0.9932 0.0971
vn -0.0114 0.9957 0.0919
vn -0.0133 0.9180 0.3963
vn -0.0134 0.9180 0.3963
vn 0.0501 0.9162 0.3975
vn 0.9384 0.3456 0.0058
vn 0.8843 0.4489 0.1287
vn -0.9864 0.1271 -0.1038
vn -0.0149 0.9920 -0.1256
vn 0.0064 0.9924 -0.1232
vn -0.1127 0.9843 -0.1360
vn 0.9461 0.2158 -0.2416
vn 0.0164 -0.7315 -0.6816
vn 0.0049 -0.7321 -0.6811
vn 0.1485 -0.7175 -0.6805
vn -0.9188 0.0837 -0.3858
vn -0.1279 -0.7321 -0.6691
vn 0.1033 0.9884 -0.1115
vn -0.0765 0.9161 0.3935
vn -0.0909 0.9922 0.0858
vn -0.1188 -0.8175 -0.5636
vn 0.0487 0.6948 0.7175
vn -0.0082 -0.9995 0.0294
vn -0.0082 -1.0000 -0.0000
vn -0.0051 -0.0000 1.0000
vn -0.0082 -0.9995 -0.0294
vn 0.0748 -0.1347 0.9881
vn -0.0051 -0.0000 -1.0000
vt 0.194455 0.781130
vt 0.194455 0.761092
vt 0.206580 0.761092
vt 0.206580 0.781130
vt 0.194455 0.736003
vt 0.206580 0.736003
vt 0.194455 0.801005
vt 0.206580 0.801005
vt 0.194455 0.826095
vt 0.206580 0.826095
vt 0.194455 0.715965
vt 0.194455 0.696090
vt 0.206580 0.696090
vt 0.206580 0.715965
vt 0.210149 0.696090
vt 0.210149 0.715965
vt 0.210149 0.736003
vt 0.231857 0.696090
vt 0.231857 0.715965
vt 0.231857 0.736003
vt 0.234068 0.696090
vt 0.234068 0.715965
vt 0.234068 0.736003
vt 0.265177 0.696090
vt 0.265177 0.715965
vt 0.265177 0.736003
vt 0.234068 0.761092
vt 0.265177 0.761092
vt 0.231857 0.761092
vt 0.266426 0.715965
vt 0.266426 0.736003
vt 0.266426 0.761092
vt 0.391444 0.688448
vt 0.389345 0.678537
vt 0.408938 0.677521
vt 0.409252 0.687247
vt 0.781391 0.795209
vt 0.747603 0.795209
vt 0.747603 0.775861
vt 0.781391 0.775861
vt 0.275736 0.792095
vt 0.292044 0.783279
vt 0.314098 0.788691
vt 0.311995 0.801806
vt 0.382819 0.692773
vt 0.397616 0.734374
vt 0.319776 0.731916
vt 0.317326 0.677521
vt 0.338843 0.677521
vt 0.335512 0.732251
vt 0.315118 0.742343
vt 0.323654 0.749310
vt 0.411459 0.734701
vt 0.413223 0.788219
vt 0.392057 0.787604
vt 0.399644 0.729118
vt 0.411233 0.729247
vt 0.398726 0.721585
vt 0.425352 0.733464
vt 0.422839 0.728300
vt 0.434312 0.786149
vt 0.426899 0.687091
vt 0.423018 0.720628
vt 0.435763 0.690578
vt 0.428019 0.677521
vt 0.382169 0.794131
vt 0.350505 0.801947
vt 0.348903 0.789637
vt 0.369381 0.786357
vt 0.353861 0.745213
vt 0.344492 0.750787
vt 0.351235 0.733803
vt 0.360203 0.680210
vt 0.747603 0.756512
vt 0.781391 0.756512
vt 0.266426 0.801005
vt 0.266426 0.826095
vt 0.265177 0.826095
vt 0.265177 0.801005
vt 0.266426 0.696090
vt 0.234068 0.826095
vt 0.234068 0.801005
vt 0.266426 0.781130
vt 0.265177 0.781130
vt 0.234068 0.781130
vt 0.231857 0.801005
vt 0.231857 0.781130
vt 0.231857 0.826095
vt 0.210149 0.801005
vt 0.210149 0.781130
vt 0.210149 0.826095
vt 0.210149 0.761092
vt 0.331567 0.802448
vt 0.331745 0.789789
vt 0.334116 0.750355
vt 0.334380 0.747054
vt 0.345857 0.748981
vt 0.322663 0.747312
vt 0.335272 0.736072
vt 0.350646 0.738841
vt 0.319855 0.736959
vt 0.410866 0.721020
vt 0.639218 0.294737
vt 0.616099 0.249834
vt 0.673175 0.249834
vt 0.664346 0.294737
vt 0.639218 0.307643
vt 0.616099 0.286434
vt 0.664346 0.319987
vt 0.673175 0.327358
vt 0.616099 0.327358
vt 0.639218 0.319987
vt 0.664346 0.308691
vt 0.673175 0.288774
vt 0.747611 0.052431
vt 0.747611 0.026091
vt 0.773125 0.026091
vt 0.781786 0.052431
vt 0.588576 0.559807
vt 0.588576 0.564962
vt 0.532154 0.564962
vt 0.532154 0.559807
vt 0.588576 0.467011
vt 0.588576 0.509593
vt 0.532154 0.509593
vt 0.532154 0.467011
vt 0.747612 0.153572
vt 0.747612 0.094845
vt 0.791674 0.094845
vt 0.796403 0.153572
vt 0.588576 0.542734
vt 0.532154 0.542734
vt 0.495864 0.529628
vt 0.495864 0.542734
vt 0.439442 0.542734
vt 0.439442 0.529628
vt 0.433871 0.491730
vt 0.349902 0.544808
vt 0.327302 0.523614
vt 0.402846 0.453480
vt 0.411673 0.621557
vt 0.340512 0.554821
vt 0.433871 0.597886
vt 0.114402 0.962734
vt 0.121773 0.962734
vt 0.121773 0.970003
vt 0.114402 0.970003
vt 0.114402 0.980097
vt 0.121773 0.980097
vt 0.096689 0.962734
vt 0.096689 0.970003
vt 0.284159 0.429995
vt 0.317911 0.533627
vt 0.248244 0.468293
vt 0.139486 0.970003
vt 0.139486 0.962734
vt 0.760810 0.005550
vt 0.747611 0.005550
vt 0.781995 0.479743
vt 0.781995 0.548171
vt 0.735369 0.548171
vt 0.735369 0.479743
vt 0.781995 0.391822
vt 0.735369 0.391822
vt 0.879469 0.720442
vt 0.803561 0.720442
vt 0.803561 0.678764
vt 0.879469 0.678764
vt 0.781995 0.341181
vt 0.735369 0.341181
vt 0.735369 0.290127
vt 0.781995 0.290127
vt 0.781995 0.589287
vt 0.735369 0.589287
vt 0.275972 0.912328
vt 0.279042 0.912328
vt 0.279042 0.933036
vt 0.275972 0.933036
vt 0.589245 0.220772
vt 0.587185 0.220772
vt 0.587185 0.173056
vt 0.589245 0.173056
vt 0.589245 0.333622
vt 0.587185 0.333622
vt 0.587185 0.285906
vt 0.589245 0.285906
vt 0.879469 0.750976
vt 0.803561 0.750976
vt 0.803561 0.648230
vt 0.879469 0.648230
vt 0.796691 0.720442
vt 0.796691 0.750976
vt 0.796691 0.648230
vt 0.796691 0.678764
vt 0.361834 0.242668
vt 0.361834 0.237404
vt 0.377225 0.237404
vt 0.377225 0.242668
vt 0.535455 0.224685
vt 0.489141 0.224685
vt 0.489141 0.222297
vt 0.535455 0.222297
vt 0.659633 0.673344
vt 0.562492 0.673344
vt 0.562492 0.641813
vt 0.659633 0.641813
vt 0.659633 0.716386
vt 0.562492 0.716386
vt 0.659633 0.747917
vt 0.562492 0.747917
vt 0.555731 0.716386
vt 0.555731 0.747917
vt 0.555731 0.641813
vt 0.555731 0.673344
vt 0.361834 0.230263
vt 0.361941 0.224685
vt 0.377225 0.224685
vt 0.377225 0.230263
vt 0.426311 0.224685
vt 0.377225 0.222297
vt 0.426311 0.222297
vt 0.377225 0.204314
vt 0.377225 0.209577
vt 0.361834 0.209577
vt 0.361834 0.204314
vt 0.377225 0.234789
vt 0.361834 0.234789
vt 0.361834 0.212193
vt 0.377225 0.212193
vt 0.466128 0.222297
vt 0.466128 0.224685
vt 0.361941 0.222297
vt 0.377225 0.216718
vt 0.361834 0.216718
vt 0.439442 0.559807
vt 0.495864 0.559807
vt 0.624866 0.542734
vt 0.624866 0.559807
vt 0.454495 0.740209
vt 0.465551 0.733404
vt 0.465238 0.763447
vt 0.457195 0.766080
vt 0.624866 0.564962
vt 0.495864 0.564962
vt 0.439442 0.564962
vt 0.447203 0.770675
vt 0.441791 0.755322
vt 0.459654 0.730352
vt 0.436413 0.753974
vt 0.442889 0.776173
vt 0.467411 0.771617
vt 0.472577 0.764930
vt 0.467239 0.731119
vt 0.464992 0.677521
vt 0.472577 0.678288
vt 0.725294 0.762218
vt 0.725294 0.766657
vt 0.706802 0.766657
vt 0.706802 0.762218
vt 0.784265 0.165710
vt 0.796403 0.211545
vt 0.784265 0.199407
vt 0.759749 0.165710
vt 0.759749 0.199407
vt 0.747612 0.211545
vt 0.784825 0.257653
vt 0.796419 0.268288
vt 0.747612 0.269504
vt 0.759184 0.257942
vt 0.759185 0.223119
vt 0.784829 0.223120
vt 0.285492 0.893178
vt 0.300169 0.893178
vt 0.300169 0.912328
vt 0.285492 0.912328
vt 0.745453 0.775885
vt 0.745453 0.796933
vt 0.725294 0.796933
vt 0.725294 0.775885
vt 0.686642 0.766657
vt 0.686642 0.762218
vt 0.275972 0.893178
vt 0.279042 0.893178
vt 0.275972 0.872470
vt 0.279042 0.872470
vt 0.275972 0.853321
vt 0.279042 0.853321
vt 0.745453 0.762218
vt 0.745453 0.766657
vt 0.668150 0.766657
vt 0.668150 0.762218
vt 0.686642 0.775885
vt 0.706802 0.775885
vt 0.285492 0.872470
vt 0.285492 0.933036
vt 0.285492 0.853321
vt 0.668150 0.775885
vt 0.300169 0.853321
vt 0.316994 0.853321
vt 0.316994 0.872470
vt 0.300169 0.872470
vt 0.686642 0.796933
vt 0.686642 0.826967
vt 0.668150 0.826967
vt 0.668150 0.796933
vt 0.300169 0.933036
vt 0.706802 0.796933
vt 0.337794 0.893178
vt 0.316994 0.893178
vt 0.337794 0.872470
vt 0.686642 0.856797
vt 0.706802 0.826967
vt 0.706802 0.856797
vt 0.745453 0.826967
vt 0.725294 0.826967
vt 0.316994 0.912328
vt 0.316994 0.933036
vt 0.639204 0.200865
vt 0.664333 0.200865
vt 0.673175 0.245469
vt 0.616099 0.245469
vt 0.639204 0.187609
vt 0.616099 0.208869
vt 0.664333 0.174112
vt 0.639204 0.174112
vt 0.616099 0.167945
vt 0.673175 0.167945
vt 0.664333 0.186561
vt 0.673175 0.206530
vt 0.713437 0.052431
vt 0.722098 0.026091
vt 0.536380 0.453584
vt 0.592759 0.453584
vt 0.592759 0.458752
vt 0.536380 0.458752
vt 0.536380 0.360558
vt 0.592759 0.360558
vt 0.592759 0.403246
vt 0.536380 0.403246
vt 0.698820 0.153572
vt 0.703549 0.094845
vt 0.592759 0.436470
vt 0.536380 0.436470
vt 0.443740 0.423331
vt 0.500118 0.423331
vt 0.500118 0.436470
vt 0.443740 0.436470
vt 0.283538 0.652036
vt 0.243377 0.623528
vt 0.308520 0.543640
vt 0.331121 0.564835
vt 0.389476 0.645227
vt 0.114402 0.955465
vt 0.121773 0.955465
vt 0.114402 0.945370
vt 0.121773 0.945370
vt 0.096689 0.955465
vt 0.212328 0.506591
vt 0.139486 0.955465
vt 0.734413 0.005550
vt 0.688743 0.479743
vt 0.688743 0.548171
vt 0.688743 0.391822
vt 0.879469 0.781509
vt 0.879469 0.823188
vt 0.803561 0.823188
vt 0.803561 0.781509
vt 0.688743 0.341181
vt 0.688743 0.290127
vt 0.688743 0.589287
vt 0.752534 0.863263
vt 0.774548 0.863263
vt 0.774548 0.866517
vt 0.752534 0.866517
vt 0.589245 0.125340
vt 0.587185 0.125340
vt 0.589245 0.012490
vt 0.589245 0.060206
vt 0.587185 0.060206
vt 0.587185 0.012490
vt 0.879469 0.853722
vt 0.803561 0.853722
vt 0.796691 0.781509
vt 0.796691 0.853722
vt 0.796691 0.823188
vt 0.377066 0.276601
vt 0.361674 0.276601
vt 0.361674 0.271796
vt 0.377066 0.271796
vt 0.361661 0.260185
vt 0.361661 0.258006
vt 0.659633 0.822490
vt 0.659633 0.854021
vt 0.562492 0.854021
vt 0.562492 0.822490
vt 0.659633 0.779449
vt 0.562492 0.779449
vt 0.555731 0.779449
vt 0.555731 0.854021
vt 0.555731 0.822490
vt 0.377066 0.265278
vt 0.361674 0.265278
vt 0.377066 0.260185
vt 0.361674 0.241590
vt 0.377066 0.241590
vt 0.377066 0.246395
vt 0.361674 0.246395
vt 0.361674 0.269408
vt 0.377066 0.269408
vt 0.377066 0.248782
vt 0.361674 0.248782
vt 0.377066 0.258006
vt 0.361674 0.252913
vt 0.377066 0.252913
vt 0.426151 0.258006
vt 0.465968 0.258006
vt 0.465968 0.260185
vt 0.426151 0.260185
vt 0.500118 0.453584
vt 0.443740 0.453584
vt 0.629021 0.453584
vt 0.629021 0.436470
vt 0.491308 0.713485
vt 0.497414 0.685645
vt 0.502052 0.690247
vt 0.502365 0.720290
vt 0.500118 0.458752
vt 0.629021 0.458752
vt 0.443740 0.458752
vt 0.482291 0.685645
vt 0.478605 0.698372
vt 0.496468 0.723342
vt 0.473227 0.699720
vt 0.482291 0.679799
vt 0.497414 0.679799
vt 0.509390 0.688764
vt 0.504053 0.722575
vt 0.501806 0.776173
vt 0.509390 0.775406
vt 0.437489 0.889435
vt 0.437489 0.867991
vt 0.441073 0.867991
vt 0.441073 0.889435
vt 0.710958 0.165710
vt 0.710958 0.199407
vt 0.698820 0.211545
vt 0.735474 0.165710
vt 0.735474 0.199407
vt 0.710398 0.257653
vt 0.736039 0.257942
vt 0.698804 0.268288
vt 0.736038 0.223119
vt 0.710394 0.223120
vt 0.732176 0.873354
vt 0.752534 0.873354
vt 0.752534 0.888911
vt 0.732176 0.888911
vt 0.448524 0.912812
vt 0.448524 0.889435
vt 0.465520 0.889435
vt 0.465520 0.912812
vt 0.437489 0.844614
vt 0.441073 0.844614
vt 0.732176 0.863263
vt 0.732176 0.866517
vt 0.710162 0.863263
vt 0.710162 0.866517
vt 0.689804 0.863263
vt 0.689804 0.866517
vt 0.437489 0.912812
vt 0.441073 0.912812
vt 0.437489 0.823170
vt 0.441073 0.823170
vt 0.448524 0.844614
vt 0.448524 0.867991
vt 0.710162 0.873354
vt 0.774548 0.873354
vt 0.689804 0.873354
vt 0.448524 0.823170
vt 0.689804 0.888911
vt 0.710162 0.888911
vt 0.710162 0.906744
vt 0.689804 0.906744
vt 0.465520 0.844614
vt 0.465520 0.823170
vt 0.489771 0.823170
vt 0.489771 0.844614
vt 0.774548 0.888911
vt 0.465520 0.867991
vt 0.732176 0.928790
vt 0.710162 0.928790
vt 0.732176 0.906744
vt 0.513857 0.844614
vt 0.513857 0.867991
vt 0.489771 0.867991
vt 0.489771 0.889435
vt 0.489771 0.912812
vt 0.752534 0.906744
vt 0.774548 0.906744
vt 0.396383 0.045630
vt 0.385780 0.046277
vt 0.386271 0.041589
vt 0.386574 0.041630
vt 0.007795 0.750607
vt 0.052640 0.756659
vt 0.046985 0.841726
vt 0.000325 0.837725
vt 0.920150 0.099928
vt 0.931021 0.099932
vt 0.944906 0.109656
vt 0.919203 0.114426
vt 0.676799 0.667742
vt 0.676799 0.652717
vt 0.688512 0.652717
vt 0.688512 0.667742
vt 0.074926 0.758200
vt 0.071085 0.843111
vt 0.057780 0.853765
vt 0.056548 0.879403
vt 0.044545 0.890283
vt 0.069383 0.880012
vt 0.068854 0.891462
vt 0.070565 0.854405
vt 0.999675 0.151425
vt 0.916645 0.157465
vt 0.928745 0.078833
vt 0.922515 0.075102
vt 0.922468 0.068062
vt 0.936457 0.071724
vt 0.946218 0.041059
vt 0.923593 0.048557
vt 0.925969 0.013411
vt 0.929686 0.013609
vt 0.937405 0.003219
vt 0.926899 0.000325
vt 0.959679 0.029764
vt 0.999675 0.585325
vt 0.897341 0.585325
vt 0.386758 0.035809
vt 0.407868 0.039500
vt 0.387222 0.039990
vt 0.386342 0.040028
vt 0.142599 0.756698
vt 0.142094 0.844219
vt 0.095218 0.843949
vt 0.097290 0.758684
vt 0.894188 0.106651
vt 0.909935 0.098295
vt 0.676799 0.640074
vt 0.688512 0.640074
vt 0.083356 0.854945
vt 0.093171 0.892530
vt 0.082221 0.880589
vt 0.833772 0.142940
vt 0.914826 0.077977
vt 0.907856 0.069916
vt 0.901942 0.037926
vt 0.922254 0.013081
vt 0.916082 0.001688
vt 0.890217 0.024810
vt 0.793123 0.584209
vt 0.067871 0.679539
vt 0.078182 0.681159
vt 0.077697 0.688037
vt 0.064718 0.683939
vt 0.057937 0.672852
vt 0.024035 0.665569
vt 0.079160 0.670691
vt 0.079605 0.656157
vt 0.088785 0.680512
vt 0.091564 0.685087
vt 0.100270 0.674382
vt 0.134120 0.670218
vt 0.385964 0.041625
vt 0.385469 0.039957
vt 0.375469 0.044657
vt 0.365535 0.037970
vt 0.049942 0.123619
vt 0.051342 0.175930
vt 0.013714 0.347360
vt 0.097601 0.070170
vt 0.049610 0.072049
vt 0.000325 0.011655
vt 0.094742 0.004022
vt 0.097410 0.175460
vt 0.145444 0.121974
vt 0.146901 0.069349
vt 0.196927 0.000325
vt 0.171375 0.353275
vt 0.143717 0.177009
vt 0.718324 0.652717
vt 0.718324 0.667742
vt 0.718324 0.640074
vt 0.676799 0.708935
vt 0.676799 0.695533
vt 0.688512 0.695533
vt 0.688512 0.708935
vt 0.676799 0.682890
vt 0.688512 0.682890
vt 0.676799 0.626672
vt 0.688512 0.626672
vt 0.747548 0.717004
vt 0.747548 0.701856
vt 0.759262 0.701856
vt 0.759262 0.717004
vt 0.738196 0.667742
vt 0.759262 0.667742
vt 0.759262 0.682890
vt 0.738196 0.682890
vt 0.718324 0.682890
vt 0.718324 0.695533
vt 0.718324 0.708935
vt 0.718324 0.626672
vt 0.759262 0.652717
vt 0.782709 0.652717
vt 0.782709 0.667742
vt 0.782709 0.682890
vt 0.782709 0.701856
vt 0.782709 0.717004
vt 0.759262 0.633750
vt 0.782709 0.633750
vt 0.759262 0.618725
vt 0.782709 0.618725
vt 0.738196 0.652717
vt 0.747548 0.633750
vt 0.747548 0.618725
vt 0.210425 0.308720
vt 0.214819 0.308720
vt 0.214819 0.301459
vt 0.210425 0.301459
vt 0.214819 0.292368
vt 0.210425 0.292368
vt 0.210425 0.315922
vt 0.214819 0.315922
vt 0.210425 0.325013
vt 0.214819 0.325013
vt 0.210425 0.285107
vt 0.214819 0.285107
vt 0.214819 0.277906
vt 0.210425 0.277906
vt 0.216112 0.277906
vt 0.216112 0.285107
vt 0.216112 0.292368
vt 0.223978 0.285107
vt 0.223978 0.277906
vt 0.223978 0.292368
vt 0.224779 0.285107
vt 0.224779 0.277906
vt 0.224779 0.292368
vt 0.236051 0.285107
vt 0.236051 0.277906
vt 0.236051 0.292368
vt 0.224779 0.301459
vt 0.236051 0.301459
vt 0.223978 0.301459
vt 0.236504 0.285107
vt 0.236504 0.292368
vt 0.236504 0.301459
vt 0.232269 0.346856
vt 0.236315 0.346583
vt 0.236244 0.344373
vt 0.231792 0.344604
vt 0.364933 0.381904
vt 0.364933 0.374360
vt 0.351758 0.374360
vt 0.351758 0.381904
vt 0.205627 0.369701
vt 0.213865 0.371908
vt 0.214343 0.368928
vt 0.209332 0.367698
vt 0.230309 0.347838
vt 0.233672 0.357291
vt 0.215633 0.356028
vt 0.219208 0.356104
vt 0.219965 0.343669
vt 0.215076 0.343669
vt 0.216514 0.359980
vt 0.214575 0.358397
vt 0.236817 0.357365
vt 0.232408 0.369385
vt 0.237218 0.369525
vt 0.236766 0.356126
vt 0.234132 0.356097
vt 0.233924 0.354385
vt 0.239974 0.357084
vt 0.239403 0.355911
vt 0.242009 0.369055
vt 0.240325 0.346547
vt 0.239443 0.354167
vt 0.242339 0.347340
vt 0.240580 0.344373
vt 0.229810 0.370164
vt 0.226904 0.368398
vt 0.222251 0.369143
vt 0.222615 0.371940
vt 0.223378 0.359049
vt 0.221249 0.360316
vt 0.222781 0.356457
vt 0.224819 0.344279
vt 0.364933 0.366815
vt 0.351758 0.366815
vt 0.236504 0.315922
vt 0.236051 0.315922
vt 0.236051 0.325013
vt 0.236504 0.325013
vt 0.236504 0.277906
vt 0.224779 0.325013
vt 0.224779 0.315922
vt 0.236504 0.308720
vt 0.236051 0.308720
vt 0.224779 0.308720
vt 0.223978 0.315922
vt 0.223978 0.308720
vt 0.223978 0.325013
vt 0.216112 0.315922
vt 0.216112 0.308720
vt 0.216112 0.325013
vt 0.216112 0.301459
vt 0.218312 0.372054
vt 0.218353 0.369177
vt 0.218891 0.360217
vt 0.221559 0.359905
vt 0.218951 0.359467
vt 0.216289 0.359526
vt 0.222647 0.357601
vt 0.219154 0.356972
vt 0.215651 0.357174
vt 0.236682 0.354257
vt 0.384779 0.133414
vt 0.392894 0.133414
vt 0.395744 0.118915
vt 0.377314 0.118915
vt 0.384779 0.137582
vt 0.377314 0.130733
vt 0.392894 0.141568
vt 0.384779 0.141568
vt 0.377314 0.143948
vt 0.395744 0.143948
vt 0.392894 0.137920
vt 0.395744 0.131489
vt 0.453074 0.034968
vt 0.458776 0.034968
vt 0.457331 0.030574
vt 0.453074 0.030574
vt 0.249754 0.247309
vt 0.242529 0.247309
vt 0.242529 0.247969
vt 0.249754 0.247969
vt 0.249754 0.235426
vt 0.242529 0.235426
vt 0.242529 0.240879
vt 0.249754 0.240879
vt 0.453074 0.051843
vt 0.461215 0.051843
vt 0.460426 0.042045
vt 0.453074 0.042045
vt 0.242529 0.245122
vt 0.249754 0.245122
vt 0.237881 0.243444
vt 0.230656 0.243444
vt 0.230656 0.245122
vt 0.237881 0.245122
vt 0.269962 0.148475
vt 0.260965 0.137383
vt 0.239057 0.157721
vt 0.245611 0.163867
vt 0.263524 0.186124
vt 0.269962 0.179260
vt 0.242888 0.166771
vt 0.277491 0.032616
vt 0.277491 0.036199
vt 0.281125 0.036199
vt 0.281125 0.032616
vt 0.277491 0.041175
vt 0.281125 0.041175
vt 0.268760 0.032616
vt 0.268760 0.036199
vt 0.226546 0.130572
vt 0.216131 0.141679
vt 0.236334 0.160625
vt 0.289856 0.036199
vt 0.289856 0.032616
vt 0.455276 0.027147
vt 0.453074 0.027147
vt 0.406419 0.365487
vt 0.398976 0.365487
vt 0.398976 0.376409
vt 0.406419 0.376409
vt 0.406419 0.351454
vt 0.398976 0.351454
vt 0.488895 0.326993
vt 0.488895 0.319582
vt 0.475397 0.319582
vt 0.475397 0.326993
vt 0.406419 0.343371
vt 0.406419 0.335222
vt 0.398976 0.335222
vt 0.398976 0.343371
vt 0.398976 0.382972
vt 0.406419 0.382972
vt 0.305364 0.151248
vt 0.305364 0.155248
vt 0.305957 0.155248
vt 0.305957 0.151248
vt 0.220935 0.242003
vt 0.220935 0.236614
vt 0.220702 0.236614
vt 0.220702 0.242003
vt 0.220935 0.254748
vt 0.220935 0.249359
vt 0.220702 0.249359
vt 0.220702 0.254748
vt 0.488895 0.332423
vt 0.475397 0.332423
vt 0.488895 0.314152
vt 0.475397 0.314152
vt 0.474175 0.326993
vt 0.474175 0.332423
vt 0.474175 0.314152
vt 0.474175 0.319582
vt 0.259657 0.091584
vt 0.270071 0.091584
vt 0.270071 0.088022
vt 0.259657 0.088022
vt 0.377144 0.079415
vt 0.377144 0.077800
vt 0.345803 0.077800
vt 0.345803 0.079415
vt 0.277470 0.346170
vt 0.277470 0.341478
vt 0.263014 0.341478
vt 0.263014 0.346170
vt 0.277470 0.352575
vt 0.263014 0.352575
vt 0.277470 0.357268
vt 0.263014 0.357268
vt 0.262008 0.352575
vt 0.262008 0.357268
vt 0.262008 0.341478
vt 0.262008 0.346170
vt 0.259657 0.083190
vt 0.270071 0.083190
vt 0.270071 0.079415
vt 0.259729 0.079415
vt 0.303287 0.079415
vt 0.303287 0.077800
vt 0.270071 0.077800
vt 0.270071 0.065631
vt 0.259657 0.065631
vt 0.259657 0.069192
vt 0.270071 0.069192
vt 0.270071 0.086253
vt 0.259657 0.086253
vt 0.259657 0.070962
vt 0.270071 0.070962
vt 0.330231 0.077800
vt 0.330231 0.079415
vt 0.259729 0.077800
vt 0.270071 0.074024
vt 0.259657 0.074024
vt 0.230656 0.247309
vt 0.237881 0.247309
vt 0.254401 0.247309
vt 0.254401 0.245122
vt 0.249789 0.302635
vt 0.250681 0.311189
vt 0.253340 0.310318
vt 0.253444 0.300386
vt 0.254401 0.247969
vt 0.237881 0.247969
vt 0.230656 0.247969
vt 0.247378 0.312708
vt 0.245588 0.307632
vt 0.251494 0.299377
vt 0.243810 0.307186
vt 0.245951 0.314526
vt 0.254059 0.313019
vt 0.255767 0.310809
vt 0.254002 0.299630
vt 0.253259 0.281910
vt 0.255767 0.282163
vt 0.317996 0.316189
vt 0.311795 0.316189
vt 0.311795 0.317678
vt 0.317996 0.317678
vt 0.459190 0.053868
vt 0.459190 0.059490
vt 0.461215 0.061515
vt 0.455099 0.053868
vt 0.455099 0.059490
vt 0.453074 0.061515
vt 0.459283 0.069208
vt 0.455005 0.069256
vt 0.453074 0.071185
vt 0.461217 0.070982
vt 0.455005 0.063446
vt 0.459284 0.063446
vt 0.307202 0.147550
vt 0.307202 0.151248
vt 0.310037 0.151248
vt 0.310037 0.147550
vt 0.324756 0.320772
vt 0.317996 0.320772
vt 0.317996 0.327830
vt 0.324756 0.327830
vt 0.305035 0.316189
vt 0.305035 0.317678
vt 0.305364 0.147550
vt 0.305957 0.147550
vt 0.305364 0.143551
vt 0.305957 0.143551
vt 0.305364 0.139852
vt 0.305957 0.139852
vt 0.324756 0.316189
vt 0.324756 0.317678
vt 0.298834 0.316189
vt 0.298834 0.317678
vt 0.305035 0.320772
vt 0.311795 0.320772
vt 0.307202 0.143551
vt 0.307202 0.155248
vt 0.307202 0.139852
vt 0.298834 0.320772
vt 0.310037 0.139852
vt 0.310037 0.143551
vt 0.313286 0.143551
vt 0.313286 0.139852
vt 0.305035 0.327830
vt 0.298834 0.327830
vt 0.298834 0.337902
vt 0.305035 0.337902
vt 0.310037 0.155248
vt 0.311795 0.327830
vt 0.317303 0.147550
vt 0.317303 0.143551
vt 0.313286 0.147550
vt 0.305035 0.347905
vt 0.311795 0.347905
vt 0.311795 0.337902
vt 0.317996 0.337902
vt 0.324756 0.337902
vt 0.313286 0.151248
vt 0.313286 0.155248
vt 0.384775 0.103102
vt 0.377314 0.117505
vt 0.395744 0.117505
vt 0.392889 0.103102
vt 0.384775 0.098822
vt 0.377314 0.105687
vt 0.392889 0.094464
vt 0.395744 0.092472
vt 0.377314 0.092472
vt 0.384775 0.094464
vt 0.392889 0.098483
vt 0.395744 0.104932
vt 0.448818 0.030574
vt 0.447373 0.034968
vt 0.243070 0.233706
vt 0.243070 0.234368
vt 0.250289 0.234368
vt 0.250289 0.233706
vt 0.243070 0.221793
vt 0.243070 0.227260
vt 0.250289 0.227260
vt 0.250289 0.221793
vt 0.445723 0.042045
vt 0.444934 0.051843
vt 0.243070 0.231515
vt 0.250289 0.231515
vt 0.231206 0.229832
vt 0.231206 0.231515
vt 0.238426 0.231515
vt 0.238426 0.229832
vt 0.226366 0.194963
vt 0.240165 0.169675
vt 0.233611 0.163529
vt 0.214720 0.186696
vt 0.257087 0.192988
vt 0.281125 0.029033
vt 0.277491 0.029033
vt 0.277491 0.024057
vt 0.281125 0.024057
vt 0.268760 0.029033
vt 0.205716 0.152785
vt 0.289856 0.029033
vt 0.450872 0.027147
vt 0.391534 0.365487
vt 0.391534 0.376409
vt 0.391534 0.351454
vt 0.488895 0.337853
vt 0.475397 0.337853
vt 0.475397 0.345264
vt 0.488895 0.345264
vt 0.391534 0.343371
vt 0.391534 0.335222
vt 0.391534 0.382972
vt 0.352083 0.320962
vt 0.352083 0.322054
vt 0.359465 0.322054
vt 0.359465 0.320962
vt 0.220935 0.231225
vt 0.220702 0.231225
vt 0.220935 0.218480
vt 0.220702 0.218480
vt 0.220702 0.223869
vt 0.220935 0.223869
vt 0.475397 0.350694
vt 0.488895 0.350694
vt 0.474175 0.337853
vt 0.474175 0.350694
vt 0.474175 0.345264
vt 0.269964 0.114546
vt 0.269964 0.111295
vt 0.259548 0.111295
vt 0.259548 0.114546
vt 0.259539 0.103438
vt 0.259539 0.101963
vt 0.277470 0.368365
vt 0.263014 0.368365
vt 0.263014 0.373057
vt 0.277470 0.373057
vt 0.277470 0.361960
vt 0.263014 0.361960
vt 0.262008 0.361960
vt 0.262008 0.373057
vt 0.262008 0.368365
vt 0.269964 0.106884
vt 0.269964 0.103438
vt 0.259548 0.106884
vt 0.259548 0.090855
vt 0.259548 0.094106
vt 0.269964 0.094106
vt 0.269964 0.090855
vt 0.259548 0.109679
vt 0.269964 0.109679
vt 0.269964 0.095722
vt 0.259548 0.095722
vt 0.269964 0.101963
vt 0.259548 0.098517
vt 0.269964 0.098517
vt 0.303179 0.101963
vt 0.303179 0.103438
vt 0.330123 0.103438
vt 0.330123 0.101963
vt 0.238426 0.233706
vt 0.231206 0.233706
vt 0.254933 0.233706
vt 0.254933 0.231515
vt 0.261959 0.293800
vt 0.265615 0.296050
vt 0.265512 0.286117
vt 0.263978 0.284596
vt 0.238426 0.234368
vt 0.254933 0.234368
vt 0.231206 0.234368
vt 0.258978 0.284596
vt 0.257760 0.288804
vt 0.263665 0.297059
vt 0.255982 0.289249
vt 0.258978 0.282663
vt 0.263978 0.282663
vt 0.267938 0.285627
vt 0.266173 0.296805
vt 0.265430 0.314526
vt 0.267938 0.314272
vt 0.287458 0.152066
vt 0.288150 0.152066
vt 0.288150 0.147925
vt 0.287458 0.147925
vt 0.446959 0.053868
vt 0.444934 0.061515
vt 0.446959 0.059490
vt 0.451049 0.053868
vt 0.451049 0.059490
vt 0.446866 0.069208
vt 0.444931 0.070982
vt 0.451143 0.069256
vt 0.451143 0.063446
vt 0.446865 0.063446
vt 0.345256 0.324346
vt 0.345256 0.329563
vt 0.352083 0.329563
vt 0.352083 0.324346
vt 0.289589 0.156581
vt 0.292872 0.156581
vt 0.292872 0.152066
vt 0.289589 0.152066
vt 0.288150 0.143410
vt 0.287458 0.143410
vt 0.345256 0.320962
vt 0.345256 0.322054
vt 0.337874 0.320962
vt 0.337874 0.322054
vt 0.331047 0.320962
vt 0.331047 0.322054
vt 0.287458 0.156581
vt 0.288150 0.156581
vt 0.288150 0.139269
vt 0.287458 0.139269
vt 0.289589 0.143410
vt 0.289589 0.147925
vt 0.337874 0.324346
vt 0.359465 0.324346
vt 0.331047 0.324346
vt 0.289589 0.139269
vt 0.331047 0.329563
vt 0.331047 0.335543
vt 0.337874 0.335543
vt 0.337874 0.329563
vt 0.292872 0.143410
vt 0.297555 0.143410
vt 0.297555 0.139269
vt 0.292872 0.139269
vt 0.359465 0.329563
vt 0.292872 0.147925
vt 0.345256 0.342936
vt 0.345256 0.335543
vt 0.337874 0.342936
vt 0.302207 0.143410
vt 0.297555 0.147925
vt 0.302207 0.147925
vt 0.297555 0.156581
vt 0.297555 0.152066
vt 0.352083 0.335543
vt 0.359465 0.335543
vt 0.222624 0.090086
vt 0.221858 0.099024
vt 0.226645 0.099434
vt 0.227225 0.090707
vt 0.438166 0.309260
vt 0.438080 0.310588
vt 0.440434 0.310151
vt 0.439162 0.309261
vt 0.292880 0.384143
vt 0.296247 0.384143
vt 0.296247 0.379825
vt 0.292880 0.379825
vt 0.229117 0.099576
vt 0.229511 0.090865
vt 0.227752 0.100669
vt 0.226394 0.104416
vt 0.227626 0.103299
vt 0.228888 0.104537
vt 0.228943 0.103362
vt 0.229064 0.100735
vt 0.437845 0.314531
vt 0.445451 0.313977
vt 0.438954 0.307328
vt 0.439660 0.306677
vt 0.438379 0.306341
vt 0.438383 0.306986
vt 0.440554 0.303868
vt 0.439040 0.301354
vt 0.438699 0.301335
vt 0.438482 0.304555
vt 0.439747 0.300402
vt 0.438784 0.300137
vt 0.441787 0.302833
vt 0.436077 0.353722
vt 0.445451 0.353722
vt 0.236454 0.090711
vt 0.231806 0.090914
vt 0.231593 0.099662
vt 0.236402 0.099690
vt 0.437231 0.309111
vt 0.435788 0.309876
vt 0.296247 0.376191
vt 0.292880 0.376191
vt 0.230376 0.100790
vt 0.230260 0.103421
vt 0.231383 0.104646
vt 0.430254 0.313200
vt 0.437679 0.307250
vt 0.437040 0.306511
vt 0.436498 0.303581
vt 0.438359 0.301305
vt 0.437794 0.300262
vt 0.435424 0.302380
vt 0.426531 0.353620
vt 0.228788 0.082794
vt 0.228464 0.083246
vt 0.229796 0.083666
vt 0.229845 0.082961
vt 0.227768 0.082108
vt 0.224290 0.081361
vt 0.229946 0.081887
vt 0.229991 0.080396
vt 0.231218 0.083364
vt 0.230933 0.082894
vt 0.235584 0.081838
vt 0.232112 0.082265
vt 0.226948 0.025760
vt 0.223231 0.048715
vt 0.227092 0.031127
vt 0.231838 0.020276
vt 0.231544 0.013490
vt 0.221858 0.014273
vt 0.226914 0.020469
vt 0.231818 0.031079
vt 0.236746 0.025591
vt 0.239407 0.049322
vt 0.242028 0.013111
vt 0.236896 0.020192
vt 0.236569 0.031238
vt 0.304815 0.384143
vt 0.304815 0.379825
vt 0.304815 0.376191
vt 0.292880 0.395983
vt 0.296247 0.395983
vt 0.296247 0.392131
vt 0.292880 0.392131
vt 0.296247 0.388497
vt 0.292880 0.388497
vt 0.296247 0.372339
vt 0.292880 0.372339
vt 0.313215 0.398303
vt 0.316582 0.398303
vt 0.316582 0.393949
vt 0.313215 0.393949
vt 0.310527 0.384143
vt 0.310527 0.388497
vt 0.316582 0.388497
vt 0.316582 0.384143
vt 0.304815 0.388497
vt 0.304815 0.395983
vt 0.304815 0.392131
vt 0.304815 0.372339
vt 0.323321 0.384143
vt 0.323321 0.379825
vt 0.316582 0.379825
vt 0.323321 0.393949
vt 0.323321 0.388497
vt 0.323321 0.398303
vt 0.323321 0.374373
vt 0.316582 0.374373
vt 0.323321 0.370055
vt 0.316582 0.370055
vt 0.310527 0.379825
vt 0.313215 0.374373
vt 0.313215 0.370055
s 1
usemtl マテリアル.001
f 4/1/1 1/2/1 2/3/1 5/4/1
f 1/2/2 3/5/2 12/6/2 2/3/2
f 6/7/1 4/1/1 5/4/1 7/8/1
f 8/9/3 6/7/3 7/8/3 9/10/3
f 10/11/4 8/12/4 9/13/4 11/14/4
f 3/5/4 10/11/4 11/14/4 12/6/4
f 14/15/5 13/16/5 11/14/5 9/13/5
f 13/16/6 15/17/6 12/6/6 11/14/6
f 13/16/4 14/15/4 17/18/4 16/19/4
f 15/17/4 13/16/4 16/19/4 18/20/4
f 16/19/7 17/18/7 21/21/7 19/22/7
f 18/20/8 16/19/8 19/22/8 22/23/8
f 19/22/4 21/21/4 46/24/4 20/25/4
f 22/23/4 19/22/4 20/25/4 24/26/4
f 23/27/9 22/23/9 24/26/9 25/28/9
f 56/29/10 18/20/10 22/23/10 23/27/10
f 27/30/11 26/31/12 24/26/12 20/25/11
f 26/31/12 28/32/12 25/28/12 24/26/12
f 29/33/13 26/34/14 27/35/14 69/36/15
f 28/37/16 26/38/16 27/39/16 57/40/16
f 26/41/17 30/42/17 32/43/17 28/44/17
f 30/45/18 26/34/18 29/33/18 34/46/18
f 31/47/19 30/48/19 33/49/20 68/50/20
f 32/43/21 30/42/21 31/51/21 61/52/21
f 36/53/22 33/54/22 30/55/23 34/46/23
f 36/53/24 34/46/25 35/56/25 37/57/24
f 34/46/26 29/33/26 72/58/26 35/56/26
f 38/59/27 36/53/24 37/57/24 39/60/27
f 38/59/28 41/61/28 33/54/22 36/53/22
f 40/62/29 38/59/29 39/60/29 70/63/29
f 41/64/30 38/59/30 40/62/30 44/65/30
f 44/66/31 45/67/31 42/68/31 41/69/31
f 43/70/32 41/69/32 42/68/32 60/71/32
f 43/72/33 68/50/20 33/49/20 41/73/33
f 57/40/16 27/39/16 44/74/16 45/75/16
f 45/76/34 44/77/35 46/78/35 47/79/36
f 69/36/15 27/35/14 44/65/14 40/62/37
f 44/80/35 27/30/11 20/25/11 46/24/35
f 21/81/38 49/82/38 47/79/38 46/78/38
f 57/83/39 45/76/34 47/79/36 48/84/39
f 49/82/1 50/85/1 48/84/1 47/79/1
f 51/86/40 52/87/40 50/85/40 49/82/40
f 17/88/41 51/86/41 49/82/41 21/81/41
f 53/89/1 54/90/1 52/87/1 51/86/1
f 14/91/42 53/89/42 51/86/42 17/88/42
f 54/90/43 53/89/43 7/8/43 5/4/43
f 53/89/44 14/91/44 9/10/44 7/8/44
f 55/92/45 54/90/45 5/4/45 2/3/45
f 54/90/1 55/92/1 56/29/1 52/87/1
f 55/92/46 15/17/46 18/20/46 56/29/46
f 15/17/47 55/92/47 2/3/47 12/6/47
f 52/87/48 56/29/48 23/27/48 50/85/48
f 50/85/1 23/27/1 25/28/1 48/84/1
f 28/32/12 57/83/39 48/84/39 25/28/12
f 57/93/49 58/94/49 42/68/50 45/67/49
f 57/93/49 28/44/49 32/43/51 58/94/49
f 42/68/52 58/94/53 59/95/53 60/71/53
f 58/94/53 32/43/54 61/52/53 59/95/53
f 60/71/55 59/95/56 62/96/56 63/97/55
f 59/95/56 61/52/57 64/98/57 62/96/56
f 62/96/58 65/99/58 66/100/59 63/97/59
f 64/98/60 67/101/60 65/99/58 62/96/58
f 68/50/61 43/72/61 66/100/61 65/99/61
f 31/47/62 68/50/61 65/99/61 67/101/62
f 61/52/63 31/51/63 67/101/63 64/98/63
f 43/70/64 60/71/64 63/97/64 66/100/64
f 69/36/15 40/62/37 70/63/65 71/102/66
f 71/102/67 70/63/68 39/60/68 37/57/67
f 72/58/69 71/102/67 37/57/67 35/56/69
f 29/33/13 69/36/15 71/102/66 72/58/70
f 1/103/71 121/104/72 161/105/73 3/106/74
f 4/107/75 156/108/76 121/104/72 1/103/71
f 8/109/77 158/110/77 106/111/78 6/112/79
f 10/113/80 164/114/81 158/110/82 8/109/82
f 81/115/83 77/116/83 140/117/83 141/118/83
f 113/119/84 143/120/84 144/121/84 114/122/84
f 158/123/85 112/124/85 111/125/85 106/126/85
f 75/127/86 79/128/86 112/129/86 158/130/86
f 112/124/87 141/131/87 142/132/87 111/125/87
f 79/128/88 81/115/88 141/118/88 112/129/88
f 109/133/89 139/134/89 140/135/89 110/136/89
f 110/137/90 118/138/90 117/139/90 109/140/90
f 83/141/91 85/142/91 118/138/92 110/143/92
f 88/144/93 87/145/93 120/146/93 119/147/93
f 109/148/94 119/147/94 120/146/94 139/149/94
f 84/150/95 88/144/95 119/147/96 109/151/96
f 109/152/97 117/139/97 86/153/98 84/154/98
f 118/138/99 85/142/100 86/153/100 117/139/99
f 139/155/101 120/146/101 87/145/101 78/156/101
f 110/157/102 140/117/102 77/116/103 83/158/103
f 111/159/104 142/160/105 82/161/106 80/162/104
f 106/163/107 111/159/108 80/162/108 76/164/109
f 105/165/110 125/166/110 126/167/110 108/168/110
f 156/169/111 104/170/112 89/171/112 121/172/111
f 142/160/105 139/173/113 78/174/113 82/161/106
f 155/175/110 177/176/110 178/177/110 107/178/110
f 105/179/114 121/180/114 89/181/115 73/182/115
f 74/183/116 90/184/116 161/185/116 108/186/116
f 108/186/117 161/185/117 121/180/117 105/179/117
f 73/187/118 91/188/118 125/166/119 105/165/119
f 108/168/120 126/167/120 92/189/120 74/190/120
f 123/191/121 125/166/121 91/188/121 93/192/121
f 94/193/122 92/189/122 126/167/122 124/194/122
f 124/194/123 126/167/123 125/166/123 123/191/123
f 97/195/124 99/196/124 133/197/124 127/198/124
f 127/199/125 133/200/125 134/201/125 128/202/125
f 124/203/126 130/204/126 96/205/126 94/206/126
f 123/207/127 129/208/127 130/204/127 124/203/127
f 93/209/128 95/210/129 129/208/130 123/207/130
f 127/211/131 129/208/132 95/210/133 97/212/134
f 98/213/135 96/205/135 130/204/135 128/214/135
f 128/214/136 130/204/136 129/208/136 127/211/136
f 205/215/137 138/216/137 135/217/137 204/218/137
f 204/219/138 135/217/138 136/220/138 203/221/138
f 128/222/139 134/223/139 100/224/139 98/225/139
f 131/226/140 133/197/140 99/196/140 101/227/140
f 102/228/141 100/224/141 134/223/141 132/229/141
f 132/230/142 134/201/142 133/200/142 131/231/142
f 135/217/143 138/216/143 137/232/143 136/220/143
f 203/233/144 136/220/144 137/232/144 206/234/144
f 206/232/145 205/216/145 101/216/145 102/232/145
f 116/235/146 140/135/146 139/134/146 115/236/146
f 113/119/147 141/131/147 140/237/147 116/238/147
f 115/236/148 139/134/148 142/132/148 114/122/148
f 114/122/149 142/132/149 141/131/149 113/119/149
f 149/239/150 154/240/150 153/241/150 148/242/150
f 116/238/151 146/243/151 143/120/151 113/119/151
f 114/122/152 144/121/152 145/244/152 115/236/152
f 115/236/153 145/244/153 146/245/153 116/235/153
f 147/246/154 150/247/154 149/239/154 148/242/154
f 145/248/155 149/239/155 150/247/155 146/249/155
f 143/250/156 147/246/156 148/242/156 144/251/156
f 146/249/157 150/247/157 147/246/157 143/250/157
f 151/252/158 153/241/158 154/240/158 152/253/158
f 144/254/159 151/255/159 152/253/159 145/248/159
f 148/242/160 153/241/160 151/252/160 144/251/160
f 145/248/161 152/253/161 154/240/161 149/239/161
f 157/256/93 180/257/93 173/258/93 163/259/93
f 3/106/74 161/105/73 164/114/81 10/113/80
f 106/163/107 76/164/109 104/170/162 156/169/162
f 6/112/79 106/111/78 156/108/76 4/107/75
f 107/260/4 158/130/4 164/261/4 155/262/4
f 159/263/4 75/127/4 158/130/4 107/260/4
f 160/264/4 103/265/4 75/127/4 159/263/4
f 155/262/4 164/261/4 103/265/4 160/264/4
f 122/266/163 161/267/163 90/268/163 162/269/163
f 162/269/164 90/268/165 103/265/4 163/270/166
f 157/271/167 164/261/167 161/267/167 122/266/167
f 163/270/166 103/265/4 164/261/4 157/271/4
f 170/272/168 186/273/168 183/274/168 167/275/168
f 166/276/169 182/277/169 184/278/169 168/279/169
f 163/259/170 173/258/170 174/280/170 162/281/170
f 160/282/171 176/283/171 177/176/171 155/175/171
f 159/284/170 175/285/170 176/283/170 160/282/170
f 107/286/93 178/287/93 175/285/93 159/284/93
f 122/288/110 179/289/110 180/257/110 157/256/110
f 162/281/172 174/280/172 179/290/172 122/291/172
f 171/292/173 174/280/174 173/258/175 172/293/176
f 170/272/177 176/283/178 175/285/179 169/294/180
f 165/295/181 178/177/182 177/176/183 167/275/184
f 169/294/180 175/285/179 178/287/182 165/296/181
f 167/275/184 177/176/183 176/283/178 170/272/177
f 166/297/185 179/290/186 174/280/174 171/292/173
f 168/279/187 180/257/188 179/289/186 166/276/185
f 172/293/176 173/258/175 180/257/188 168/279/187
f 181/298/189 189/299/189 193/300/189 185/301/189
f 187/302/190 195/303/190 190/304/190 182/305/190
f 167/275/191 183/274/191 181/306/191 165/295/191
f 172/293/192 188/307/192 187/302/192 171/292/192
f 168/279/193 184/278/193 188/307/193 172/293/193
f 171/292/194 187/302/194 182/305/194 166/297/194
f 165/296/195 181/298/195 185/301/195 169/294/195
f 169/294/192 185/301/192 186/273/192 170/272/192
f 191/308/4 194/309/4 193/300/4 189/310/4
f 190/311/4 195/303/4 196/312/4 192/313/4
f 185/301/196 193/300/196 194/309/196 186/273/196
f 182/277/197 190/314/197 192/315/197 184/278/197
f 186/273/198 194/309/198 191/316/198 183/274/198
f 183/274/199 191/316/199 189/317/199 181/306/199
f 188/307/200 196/312/200 195/303/200 187/302/200
f 184/278/201 192/315/201 196/312/201 188/307/201
f 137/232/202 138/216/202 205/216/202 206/232/202
f 132/229/203 203/233/203 206/234/203 102/228/203
f 131/231/204 204/219/204 203/221/204 132/230/204
f 101/227/205 205/215/205 204/218/205 131/226/205
f 300/318/206 299/319/207 263/320/207 223/321/208
f 301/322/209 300/318/206 223/321/208 258/323/210
f 303/324/211 302/325/211 208/326/211 260/327/211
f 304/328/212 303/324/213 260/327/213 266/329/214
f 81/115/83 243/330/83 242/331/83 77/116/83
f 215/332/215 216/333/215 246/334/215 245/335/215
f 260/336/216 208/337/216 213/338/216 214/339/216
f 75/127/86 260/340/86 214/341/86 79/128/86
f 214/339/217 213/338/217 244/342/217 243/343/217
f 79/128/88 214/341/88 243/330/88 81/115/88
f 211/344/218 212/345/218 242/346/218 241/347/218
f 212/348/219 211/349/219 219/350/219 220/351/219
f 83/141/91 212/352/220 220/351/220 85/142/91
f 88/144/93 221/353/93 222/354/93 87/145/93
f 211/355/221 241/356/221 222/354/221 221/353/221
f 84/150/95 211/357/222 221/353/222 88/144/95
f 211/358/223 84/154/98 86/153/98 219/350/223
f 220/351/224 219/350/224 86/153/100 85/142/100
f 241/359/101 78/156/101 87/145/101 222/354/101
f 212/360/225 83/158/103 77/116/103 242/331/225
f 213/361/104 80/162/104 82/161/106 244/362/226
f 208/363/227 76/164/109 80/162/108 213/361/108
f 207/364/170 210/365/170 228/366/170 227/367/170
f 258/368/228 223/369/228 89/171/112 104/170/112
f 244/362/226 82/161/106 78/174/113 241/370/113
f 257/371/170 209/372/170 280/373/170 279/374/170
f 207/375/229 73/182/115 89/181/115 223/376/229
f 74/377/230 210/378/230 263/379/230 90/380/230
f 210/378/231 207/375/231 223/376/231 263/379/231
f 73/187/118 207/364/232 227/367/232 91/188/118
f 210/365/233 74/381/233 92/382/233 228/366/233
f 225/383/234 93/192/234 91/188/234 227/367/234
f 94/384/235 226/385/235 228/366/235 92/382/235
f 226/385/236 225/383/236 227/367/236 228/366/236
f 97/386/237 229/387/237 235/388/237 99/389/237
f 229/390/238 230/391/238 236/391/238 235/390/238
f 226/392/239 94/393/239 96/394/239 232/395/239
f 225/396/240 226/392/240 232/395/240 231/397/240
f 93/209/128 225/396/241 231/397/241 95/210/129
f 229/398/242 97/212/242 95/210/242 231/397/242
f 98/399/243 230/400/243 232/395/243 96/394/243
f 230/400/244 229/398/244 231/397/244 232/395/244
f 307/401/245 306/402/245 237/390/245 240/403/245
f 306/390/246 305/391/246 238/391/246 237/390/246
f 230/404/247 98/405/247 100/406/247 236/407/247
f 233/408/248 101/409/248 99/389/248 235/388/248
f 102/410/249 234/411/249 236/407/249 100/406/249
f 234/391/250 233/390/250 235/390/250 236/391/250
f 237/390/143 238/391/143 239/412/143 240/403/143
f 305/413/251 308/414/251 239/412/251 238/391/251
f 308/415/252 102/416/252 101/417/252 307/418/252
f 218/419/253 217/420/253 241/347/253 242/346/253
f 215/332/254 218/419/254 242/346/254 243/343/254
f 217/421/255 216/333/255 244/342/255 241/422/255
f 216/333/256 215/332/256 243/343/256 244/342/256
f 251/423/257 250/424/257 255/425/257 256/426/257
f 218/419/258 215/332/258 245/335/258 248/427/258
f 216/333/259 217/421/259 247/428/259 246/334/259
f 217/420/260 218/419/260 248/427/260 247/429/260
f 249/430/261 250/424/261 251/423/261 252/431/261
f 247/432/262 248/433/262 252/431/262 251/423/262
f 245/434/263 246/435/263 250/424/263 249/430/263
f 248/433/264 245/434/264 249/430/264 252/431/264
f 253/436/265 254/437/265 256/426/265 255/425/265
f 246/438/266 247/432/266 254/437/266 253/439/266
f 250/424/267 246/435/267 253/436/267 255/425/267
f 247/432/268 251/423/268 256/426/268 254/437/268
f 259/440/93 265/441/93 275/442/93 282/443/93
f 299/319/269 304/328/212 266/329/214 263/320/269
f 208/363/227 258/368/162 104/170/162 76/164/109
f 302/325/270 301/322/209 258/323/210 208/326/270
f 209/444/4 257/445/4 266/446/4 260/340/4
f 261/447/4 209/444/4 260/340/4 75/127/4
f 262/448/4 261/447/4 75/127/4 103/265/4
f 257/445/4 262/448/4 103/265/4 266/446/4
f 224/449/271 264/450/271 90/268/271 263/451/271
f 264/450/272 265/452/273 103/265/4 90/268/165
f 259/453/274 224/449/274 263/451/274 266/446/274
f 265/452/273 259/453/4 266/446/4 103/265/4
f 272/454/275 269/455/275 285/456/275 288/457/275
f 268/458/276 270/459/276 286/460/276 284/461/276
f 265/441/110 264/462/110 276/463/110 275/442/110
f 262/464/171 257/371/171 279/374/171 278/465/171
f 261/466/110 262/464/110 278/465/110 277/467/110
f 209/468/93 261/466/93 277/467/93 280/469/93
f 224/470/170 259/440/170 282/443/170 281/471/170
f 264/462/277 224/472/277 281/473/277 276/463/277
f 273/474/278 274/475/279 275/442/280 276/463/281
f 272/454/282 271/476/283 277/467/284 278/465/285
f 267/477/286 269/455/287 279/374/288 280/373/289
f 271/476/283 267/478/286 280/469/289 277/467/284
f 269/455/287 272/454/282 278/465/285 279/374/288
f 268/479/290 273/474/278 276/463/281 281/473/291
f 270/459/292 268/458/290 281/471/291 282/443/293
f 274/475/279 270/459/292 282/443/293 275/442/280
f 283/480/294 287/481/294 295/482/294 291/483/294
f 289/484/295 284/485/295 292/486/295 297/487/295
f 269/455/296 267/477/296 283/488/296 285/456/296
f 274/475/297 273/474/297 289/484/297 290/489/297
f 270/459/298 274/475/298 290/489/298 286/460/298
f 273/474/299 268/479/299 284/485/299 289/484/299
f 267/478/300 271/476/300 287/481/300 283/480/300
f 271/476/297 272/454/297 288/457/297 287/481/297
f 293/490/4 291/491/4 295/482/4 296/492/4
f 292/493/4 294/494/4 298/495/4 297/487/4
f 287/481/301 288/457/301 296/492/301 295/482/301
f 284/461/302 286/460/302 294/496/302 292/497/302
f 288/457/303 285/456/303 293/498/303 296/492/303
f 285/456/304 283/488/304 291/499/304 293/498/304
f 290/489/305 289/484/305 297/487/305 298/495/305
f 286/460/306 290/489/306 298/495/306 294/496/306
f 239/412/307 308/415/307 307/418/307 240/403/307
f 234/411/308 102/410/308 308/414/308 305/413/308
f 233/390/309 234/391/309 305/391/309 306/390/309
f 101/409/310 233/408/310 306/402/310 307/401/310
f 336/500/4 314/501/4 354/502/4 356/503/4
f 201/504/110 202/505/110 317/506/110 357/507/110
f 315/508/4 309/509/4 321/510/4 323/511/4
f 375/512/170 350/513/170 368/514/170 377/515/170
f 202/505/1 197/516/1 320/517/1 317/506/1
f 310/518/171 309/519/171 357/520/171 317/506/171
f 309/519/171 315/521/171 359/522/171 357/520/171
f 316/523/171 310/518/171 317/506/171 320/517/171
f 323/511/93 321/510/93 325/524/93 327/525/93
f 310/526/1 316/527/1 324/528/1 322/529/1
f 309/509/110 310/526/110 322/529/110 321/510/110
f 326/530/1 328/531/1 332/532/1 330/533/1
f 322/529/93 324/528/93 328/531/93 326/530/93
f 321/510/93 322/529/93 326/530/93 325/524/93
f 329/534/171 330/533/171 332/532/171 331/535/171
f 325/536/110 326/530/110 330/533/110 329/534/110
f 327/525/4 325/524/4 329/537/4 331/538/4
f 313/539/1 335/540/1 355/541/1 353/542/1
f 198/543/170 361/544/170 337/545/170 199/546/170
f 315/508/4 323/511/4 339/547/4 333/548/4
f 350/513/311 348/549/311 367/550/311 368/514/311
f 199/546/1 337/545/1 320/517/1 197/516/1
f 334/551/171 337/545/171 361/552/171 333/553/171
f 333/553/171 361/552/171 359/522/171 315/521/171
f 316/523/171 320/517/171 337/545/171 334/551/171
f 323/511/93 327/525/93 341/554/93 339/547/93
f 334/555/1 340/556/1 324/528/1 316/527/1
f 333/548/170 339/547/170 340/556/170 334/555/170
f 342/557/1 344/558/1 332/532/1 328/531/1
f 340/556/93 342/557/93 328/531/93 324/528/93
f 339/547/93 341/554/93 342/557/93 340/556/93
f 343/559/171 331/535/171 332/532/171 344/558/171
f 341/560/170 343/559/170 344/558/170 342/557/170
f 327/525/4 331/538/4 343/561/4 341/554/4
f 312/562/93 314/563/93 345/564/93 346/565/93
f 311/566/93 312/562/93 346/565/93 358/567/93
f 313/568/93 311/566/93 358/567/93 360/569/93
f 314/563/93 336/570/93 349/571/93 345/564/93
f 336/570/93 335/572/93 362/573/93 349/571/93
f 335/572/93 313/568/93 360/569/93 362/573/93
f 353/542/93 354/502/93 352/574/93 351/575/93
f 353/542/93 355/541/93 356/503/93 354/502/93
f 312/576/170 311/577/170 351/575/170 352/574/170
f 335/540/110 336/500/110 356/503/110 355/541/110
f 311/577/1 313/539/1 353/542/1 351/575/1
f 314/501/4 312/576/4 352/574/4 354/502/4
f 200/578/312 347/579/313 358/567/314 201/580/315
f 319/581/316 318/582/317 357/583/318 359/584/316
f 347/579/313 348/585/319 360/569/320 358/567/314
f 375/586/4 338/587/4 361/588/4 198/589/4
f 338/587/4 319/581/316 359/584/316 361/588/4
f 348/585/319 350/590/321 362/573/322 360/569/320
f 377/515/323 368/514/323 374/591/323 380/592/323
f 368/514/324 367/550/324 373/593/324 374/591/324
f 318/594/325 319/595/325 364/596/325 363/597/325
f 319/595/326 338/598/326 365/599/326 364/596/326
f 348/549/327 347/600/327 366/601/327 367/550/327
f 200/602/328 318/603/329 363/604/329 376/605/330
f 378/606/331 379/607/332 369/608/333 370/609/333
f 378/606/334 370/609/334 371/610/334 380/592/334
f 363/597/335 364/596/335 370/611/335 369/612/335
f 364/596/336 365/599/336 371/610/336 370/611/336
f 367/550/337 366/601/337 372/613/337 373/593/337
f 379/607/338 372/614/4 303/615/4 304/616/339
f 363/604/340 369/608/340 299/617/340 300/618/340
f 376/605/341 363/604/342 300/618/342 301/619/343
f 372/614/344 366/620/344 302/621/344 303/615/344
f 366/620/345 376/622/341 301/623/343 302/621/345
f 369/608/346 379/607/338 304/616/339 299/617/346
f 373/624/334 378/606/334 380/592/334 374/591/334
f 373/624/347 372/614/347 379/607/332 378/606/331
f 347/625/348 200/626/328 376/622/330 366/620/348
f 365/599/323 377/515/323 380/592/323 371/610/323
f 350/590/321 375/586/4 198/589/4 362/573/322
f 318/582/317 200/578/312 201/580/315 357/583/318
f 349/571/1 199/546/1 197/516/1 345/564/1
f 362/573/170 198/543/170 199/546/170 349/571/170
f 346/565/1 345/564/1 197/516/1 202/505/1
f 338/598/170 375/512/170 377/515/170 365/599/170
f 358/567/110 346/565/110 202/505/110 201/504/110
usemtl OH_Outline_Material
f 384/627/349 385/628/350 382/629/351 381/630/351
f 381/630/352 382/629/352 392/631/352 383/632/352
f 386/633/353 387/634/353 385/628/350 384/627/349
f 388/635/354 389/636/354 387/634/354 386/633/354
f 390/637/355 391/638/356 389/639/357 388/640/357
f 383/632/358 392/631/358 391/638/356 390/637/355
f 394/641/359 389/639/359 391/638/359 393/642/359
f 393/642/360 391/638/360 392/631/360 395/643/360
f 393/642/361 396/644/362 397/645/363 394/641/363
f 395/643/364 398/646/364 396/644/362 393/642/361
f 396/644/365 399/647/365 401/648/365 397/645/365
f 398/646/366 402/649/366 399/647/366 396/644/366
f 399/647/367 400/650/368 426/651/369 401/648/369
f 402/649/370 404/652/370 400/650/368 399/647/367
f 403/653/371 405/654/371 404/652/371 402/649/371
f 436/655/372 403/653/372 402/649/372 398/646/372
f 407/656/373 400/650/374 404/652/375 406/657/376
f 406/657/376 404/652/375 405/654/377 408/658/378
f 409/659/379 449/660/380 407/661/381 406/662/382
f 408/663/383 437/664/384 407/665/384 406/666/383
f 406/667/385 408/668/385 412/669/385 410/670/385
f 410/671/386 414/672/386 409/659/386 406/662/386
f 411/673/387 448/674/388 413/675/389 410/676/387
f 412/669/390 441/677/390 411/678/390 410/670/390
f 416/679/391 414/672/392 410/680/392 413/681/393
f 416/679/394 417/682/395 415/683/396 414/672/396
f 414/672/397 415/683/397 452/684/397 409/659/397
f 418/685/398 419/686/398 417/682/395 416/679/394
f 418/685/399 416/679/391 413/681/393 421/687/399
f 420/688/400 450/689/400 419/686/400 418/685/400
f 421/690/401 424/691/401 420/688/401 418/685/401
f 424/692/402 421/693/402 422/694/402 425/695/402
f 423/696/403 440/697/403 422/694/403 421/693/403
f 423/698/404 421/699/404 413/675/389 448/674/388
f 437/664/384 425/700/405 424/701/405 407/665/384
f 425/702/406 427/703/407 426/704/408 424/705/409
f 449/660/380 420/688/410 424/691/411 407/661/381
f 424/706/409 426/651/408 400/650/374 407/656/373
f 401/707/412 426/704/412 427/703/412 429/708/412
f 437/709/413 428/710/414 427/703/407 425/702/406
f 429/708/415 427/703/415 428/710/416 430/711/417
f 431/712/418 429/708/418 430/711/418 432/713/418
f 397/714/419 401/707/419 429/708/419 431/712/419
f 433/715/420 431/712/420 432/713/421 434/716/422
f 394/717/423 397/714/423 431/712/423 433/715/423
f 434/716/424 385/628/424 387/634/424 433/715/424
f 433/715/425 387/634/425 389/636/425 394/717/425
f 435/718/426 382/629/426 385/628/426 434/716/426
f 434/716/422 432/713/421 436/655/427 435/718/427
f 435/718/428 436/655/428 398/646/428 395/643/428
f 395/643/429 392/631/429 382/629/429 435/718/429
f 432/713/430 430/711/430 403/653/430 436/655/430
f 430/711/417 428/710/416 405/654/431 403/653/431
f 408/658/378 405/654/377 428/710/414 437/709/413
f 437/719/432 425/695/433 422/694/434 438/720/435
f 437/719/432 438/720/435 412/669/436 408/668/437
f 422/694/438 440/697/439 439/721/440 438/720/441
f 438/720/441 439/721/440 441/677/442 412/669/443
f 440/697/444 443/722/444 442/723/445 439/721/446
f 439/721/446 442/723/445 444/724/447 441/677/447
f 442/723/448 443/722/449 446/725/449 445/726/450
f 444/724/451 442/723/448 445/726/450 447/727/451
f 448/674/452 445/726/453 446/725/454 423/698/454
f 411/673/455 447/727/455 445/726/453 448/674/452
f 441/677/456 444/724/456 447/727/456 411/678/456
f 423/696/457 446/725/457 443/722/457 440/697/457
f 449/660/380 451/728/458 450/689/459 420/688/410
f 451/728/460 417/682/461 419/686/462 450/689/462
f 452/684/463 415/683/463 417/682/461 451/728/460
f 409/659/379 452/684/464 451/728/458 449/660/380
f 381/729/465 383/730/466 541/731/467 501/732/468
f 384/733/469 381/729/465 501/732/468 536/734/470
f 388/735/471 386/736/472 486/737/473 538/738/471
f 390/739/474 388/735/475 538/738/475 544/740/476
f 461/741/477 521/742/478 520/743/478 457/744/477
f 493/745/479 494/746/479 524/747/479 523/748/479
f 538/749/480 486/750/480 491/751/480 492/752/480
f 455/753/481 538/754/482 492/755/482 459/756/481
f 492/752/483 491/751/483 522/757/483 521/758/483
f 459/756/484 492/755/485 521/742/485 461/741/484
f 489/759/486 490/760/486 520/761/486 519/762/486
f 490/763/487 489/764/487 497/765/487 498/766/487
f 463/767/488 490/768/489 498/766/489 465/769/488
f 468/770/490 499/771/491 500/772/491 467/773/490
f 489/774/492 519/775/492 500/772/492 499/771/492
f 464/776/493 489/777/494 499/771/494 468/770/493
f 489/778/495 464/779/496 466/780/496 497/765/495
f 498/766/497 497/765/497 466/780/498 465/769/498
f 519/781/499 458/782/500 467/773/500 500/772/499
f 490/783/501 463/784/502 457/744/502 520/743/501
f 491/785/503 460/786/504 462/787/505 522/788/506
f 486/789/507 456/790/508 460/786/509 491/785/510
f 485/791/511 488/792/511 506/793/511 505/794/511
f 536/795/512 501/796/512 469/797/513 484/798/513
f 522/788/506 462/787/505 458/799/514 519/800/515
f 535/801/516 487/802/516 558/803/516 557/804/516
f 485/805/517 453/806/518 469/807/518 501/808/517
f 454/809/519 488/810/519 541/811/519 470/812/519
f 488/810/520 485/805/520 501/808/520 541/811/520
f 453/813/521 485/791/522 505/794/522 471/814/521
f 488/792/523 454/815/523 472/816/523 506/793/523
f 503/817/524 473/818/524 471/814/524 505/794/524
f 474/819/525 504/820/525 506/793/525 472/816/525
f 504/820/526 503/817/526 505/794/526 506/793/526
f 477/821/527 507/822/527 513/823/527 479/824/527
f 507/825/528 508/826/528 514/827/528 513/828/528
f 504/829/529 474/830/529 476/831/529 510/832/529
f 503/833/530 504/829/530 510/832/530 509/834/530
f 473/835/531 503/833/532 509/834/532 475/836/531
f 507/837/533 477/838/534 475/836/535 509/834/536
f 478/839/537 508/840/537 510/832/537 476/831/537
f 508/840/538 507/837/538 509/834/538 510/832/538
f 585/841/539 584/842/539 515/843/539 518/844/539
f 584/845/540 583/846/540 516/847/540 515/843/540
f 508/848/541 478/849/541 480/850/541 514/851/541
f 511/852/542 481/853/542 479/824/542 513/823/542
f 482/854/543 512/855/543 514/851/543 480/850/543
f 512/856/544 511/857/544 513/828/544 514/827/544
f 515/843/545 516/847/545 517/858/545 518/844/545
f 583/859/546 586/860/546 517/858/546 516/847/546
f 586/858/547 482/858/547 481/844/547 585/844/547
f 496/861/548 495/862/548 519/762/548 520/761/548
f 493/745/549 496/863/549 520/864/549 521/758/549
f 495/862/550 494/746/550 522/757/550 519/762/550
f 494/746/551 493/745/551 521/758/551 522/757/551
f 529/865/552 528/866/552 533/867/552 534/868/552
f 496/863/553 493/745/553 523/748/553 526/869/553
f 494/746/554 495/862/554 525/870/554 524/747/554
f 495/862/555 496/861/555 526/871/555 525/870/555
f 527/872/556 528/866/556 529/865/556 530/873/556
f 525/874/557 526/875/557 530/873/557 529/865/557
f 523/876/558 524/877/558 528/866/558 527/872/558
f 526/875/559 523/876/559 527/872/559 530/873/559
f 531/878/560 532/879/560 534/868/560 533/867/560
f 524/880/561 525/874/561 532/879/561 531/881/561
f 528/866/562 524/877/562 531/878/562 533/867/562
f 525/874/563 529/865/563 534/868/563 532/879/563
f 537/882/564 543/883/564 553/884/564 560/885/564
f 383/730/466 390/739/474 544/740/476 541/731/467
f 486/789/507 536/795/565 484/798/566 456/790/508
f 386/736/472 384/733/469 536/734/470 486/737/473
f 487/886/567 535/887/568 544/888/569 538/754/570
f 539/889/571 487/886/567 538/754/570 455/753/572
f 540/890/573 539/889/571 455/753/572 483/891/574
f 535/887/568 540/890/573 483/891/574 544/888/569
f 502/892/575 542/893/575 470/894/575 541/895/575
f 542/893/576 543/896/577 483/891/574 470/894/578
f 537/897/579 502/892/579 541/895/579 544/888/579
f 543/896/577 537/897/580 544/888/569 483/891/574
f 550/898/581 547/899/581 563/900/581 566/901/581
f 546/902/582 548/903/582 564/904/582 562/905/582
f 543/883/583 542/906/583 554/907/583 553/884/583
f 540/908/584 535/801/584 557/804/584 556/909/584
f 539/910/585 540/908/585 556/909/585 555/911/585
f 487/912/586 539/910/586 555/911/586 558/913/586
f 502/914/587 537/882/587 560/885/587 559/915/587
f 542/906/588 502/916/588 559/917/588 554/907/588
f 551/918/589 552/919/590 553/884/591 554/907/592
f 550/898/593 549/920/594 555/911/595 556/909/596
f 545/921/597 547/899/598 557/804/599 558/803/600
f 549/920/594 545/922/597 558/913/600 555/911/595
f 547/899/598 550/898/593 556/909/596 557/804/599
f 546/923/601 551/918/589 554/907/592 559/917/602
f 548/903/603 546/902/601 559/915/602 560/885/604
f 552/919/590 548/903/603 560/885/604 553/884/591
f 561/924/605 565/925/605 573/926/605 569/927/605
f 567/928/606 562/929/606 570/930/606 575/931/606
f 547/899/607 545/921/607 561/932/607 563/900/607
f 552/919/608 551/918/608 567/928/608 568/933/608
f 548/903/609 552/919/609 568/933/609 564/904/609
f 551/918/610 546/923/610 562/929/610 567/928/610
f 545/922/611 549/920/611 565/925/611 561/924/611
f 549/920/612 550/898/612 566/901/612 565/925/612
f 571/934/613 569/935/613 573/926/613 574/936/613
f 570/937/614 572/938/614 576/939/614 575/931/614
f 565/925/615 566/901/615 574/936/615 573/926/615
f 562/905/616 564/904/616 572/940/616 570/941/616
f 566/901/617 563/900/617 571/942/617 574/936/617
f 563/900/618 561/932/618 569/943/618 571/942/618
f 568/933/619 567/928/619 575/931/619 576/939/619
f 564/904/620 568/933/620 576/939/620 572/940/620
f 517/858/621 586/858/621 585/844/621 518/844/621
f 512/855/622 482/854/622 586/860/622 583/859/622
f 511/857/623 512/856/623 583/846/623 584/845/623
f 481/853/624 511/852/624 584/842/624 585/841/624
f 680/944/625 603/945/626 643/946/627 679/947/627
f 681/948/628 638/949/629 603/945/626 680/944/625
f 683/950/630 640/951/630 588/952/630 682/953/630
f 684/954/631 646/955/632 640/951/633 683/950/633
f 461/741/477 457/744/477 622/956/634 623/957/634
f 595/958/635 625/959/635 626/960/635 596/961/635
f 640/962/636 594/963/636 593/964/636 588/965/636
f 455/753/481 459/756/481 594/966/637 640/967/637
f 594/963/638 623/968/638 624/969/638 593/964/638
f 459/756/484 461/741/484 623/957/639 594/966/639
f 591/970/640 621/971/640 622/972/640 592/973/640
f 592/974/641 600/975/641 599/976/641 591/977/641
f 463/767/488 465/769/488 600/975/642 592/978/642
f 468/770/490 467/773/490 602/979/643 601/980/643
f 591/981/644 601/980/644 602/979/644 621/982/644
f 464/776/493 468/770/493 601/980/645 591/983/645
f 591/984/646 599/976/646 466/780/496 464/779/496
f 600/975/647 465/769/498 466/780/498 599/976/647
f 621/985/648 602/979/648 467/773/500 458/782/500
f 592/986/649 622/956/649 457/744/502 463/784/502
f 593/987/650 624/988/651 462/787/505 460/786/504
f 588/989/652 593/987/653 460/786/509 456/790/508
f 587/990/654 607/991/654 608/992/654 590/993/654
f 638/994/655 484/798/513 469/797/513 603/995/655
f 624/988/651 621/996/656 458/799/514 462/787/505
f 637/997/657 659/998/657 660/999/657 589/1000/657
f 587/1001/658 603/1002/658 469/807/518 453/806/518
f 454/1003/659 470/1004/659 643/1005/659 590/1006/659
f 590/1006/660 643/1005/660 603/1002/660 587/1001/660
f 453/813/521 471/814/521 607/991/661 587/990/661
f 590/993/662 608/992/662 472/1007/662 454/1008/662
f 605/1009/663 607/991/663 471/814/663 473/818/663
f 474/1010/664 472/1007/664 608/992/664 606/1011/664
f 606/1011/665 608/992/665 607/991/665 605/1009/665
f 477/1012/666 479/1013/666 615/1014/666 609/1015/666
f 609/1016/667 615/1016/667 616/1017/667 610/1017/667
f 606/1018/668 612/1019/668 476/1020/668 474/1021/668
f 605/1022/669 611/1023/669 612/1019/669 606/1018/669
f 473/835/531 475/836/531 611/1023/670 605/1022/670
f 609/1024/671 611/1023/671 475/836/671 477/838/671
f 478/1025/672 476/1020/672 612/1019/672 610/1026/672
f 610/1026/673 612/1019/673 611/1023/673 609/1024/673
f 687/1027/674 620/1028/674 617/1016/674 686/1029/674
f 686/1016/675 617/1016/675 618/1017/675 685/1017/675
f 610/1030/676 616/1031/676 480/1032/676 478/1033/676
f 613/1034/677 615/1014/677 479/1013/677 481/1035/677
f 482/1036/678 480/1032/678 616/1031/678 614/1037/678
f 614/1017/679 616/1017/679 615/1016/679 613/1016/679
f 617/1016/680 620/1028/680 619/1038/680 618/1017/680
f 685/1039/681 618/1017/681 619/1038/681 688/1040/681
f 688/1041/682 687/1042/682 481/1043/682 482/1044/682
f 598/1045/683 622/972/683 621/971/683 597/1046/683
f 595/958/684 623/968/684 622/972/684 598/1045/684
f 597/1047/685 621/1048/685 624/969/685 596/961/685
f 596/961/686 624/969/686 623/968/686 595/958/686
f 631/1049/687 636/1050/687 635/1051/687 630/1052/687
f 598/1045/688 628/1053/688 625/959/688 595/958/688
f 596/961/689 626/960/689 627/1054/689 597/1047/689
f 597/1046/690 627/1055/690 628/1053/690 598/1045/690
f 629/1056/691 632/1057/691 631/1049/691 630/1052/691
f 627/1058/692 631/1049/692 632/1057/692 628/1059/692
f 625/1060/693 629/1056/693 630/1052/693 626/1061/693
f 628/1059/694 632/1057/694 629/1056/694 625/1060/694
f 633/1062/695 635/1051/695 636/1050/695 634/1063/695
f 626/1064/696 633/1065/696 634/1063/696 627/1058/696
f 630/1052/697 635/1051/697 633/1062/697 626/1061/697
f 627/1058/698 634/1063/698 636/1050/698 631/1049/698
f 639/1066/699 662/1067/699 655/1068/699 645/1069/699
f 679/947/700 643/946/700 646/955/632 684/954/631
f 588/989/652 456/790/508 484/798/566 638/994/701
f 682/953/702 588/952/702 638/949/629 681/948/628
f 589/1070/703 640/967/704 646/1071/705 637/1072/706
f 641/1073/707 455/753/572 640/967/704 589/1070/703
f 642/1074/708 483/891/574 455/753/572 641/1073/707
f 637/1072/706 646/1071/705 483/891/574 642/1074/708
f 604/1075/709 643/1076/709 470/894/709 644/1077/709
f 644/1077/710 470/894/578 483/891/574 645/1078/711
f 639/1079/712 646/1071/712 643/1076/712 604/1075/712
f 645/1078/711 483/891/574 646/1071/705 639/1079/713
f 652/1080/714 668/1081/714 665/1082/714 649/1083/714
f 648/1084/715 664/1085/715 666/1086/715 650/1087/715
f 645/1069/716 655/1068/716 656/1088/716 644/1089/716
f 642/1090/717 658/1091/717 659/998/717 637/997/717
f 641/1092/718 657/1093/718 658/1091/718 642/1090/718
f 589/1094/719 660/1095/719 657/1093/719 641/1092/719
f 604/1096/720 661/1097/720 662/1067/720 639/1066/720
f 644/1089/721 656/1088/721 661/1098/721 604/1099/721
f 653/1100/722 656/1088/723 655/1068/724 654/1101/725
f 652/1080/726 658/1091/727 657/1093/728 651/1102/729
f 647/1103/730 660/999/731 659/998/732 649/1083/733
f 651/1102/729 657/1093/728 660/1095/731 647/1104/730
f 649/1083/733 659/998/732 658/1091/727 652/1080/726
f 648/1105/734 661/1098/735 656/1088/723 653/1100/722
f 650/1087/736 662/1067/737 661/1097/735 648/1084/734
f 654/1101/725 655/1068/724 662/1067/737 650/1087/736
f 663/1106/738 671/1107/738 675/1108/738 667/1109/738
f 669/1110/739 677/1111/739 672/1112/739 664/1113/739
f 649/1083/740 665/1082/740 663/1114/740 647/1103/740
f 654/1101/741 670/1115/741 669/1110/741 653/1100/741
f 650/1087/742 666/1086/742 670/1115/742 654/1101/742
f 653/1100/743 669/1110/743 664/1113/743 648/1105/743
f 647/1104/744 663/1106/744 667/1109/744 651/1102/744
f 651/1102/745 667/1109/745 668/1081/745 652/1080/745
f 673/1116/746 676/1117/746 675/1108/746 671/1118/746
f 672/1119/747 677/1111/747 678/1120/747 674/1121/747
f 667/1109/748 675/1108/748 676/1117/748 668/1081/748
f 664/1085/749 672/1122/749 674/1123/749 666/1086/749
f 668/1081/750 676/1117/750 673/1124/750 665/1082/750
f 665/1082/751 673/1124/751 671/1125/751 663/1114/751
f 670/1115/752 678/1120/752 677/1111/752 669/1110/752
f 666/1086/753 674/1123/753 678/1120/753 670/1115/753
f 619/1038/754 620/1028/754 687/1042/754 688/1041/754
f 614/1037/755 685/1039/755 688/1040/755 482/1036/755
f 613/1016/756 686/1016/756 685/1017/756 614/1017/756
f 481/1035/757 687/1027/757 686/1029/757 613/1034/757
f 716/500/758 736/503/758 734/502/759 694/501/759
f 581/1126/170 737/1127/760 697/1128/760 582/1129/170
f 695/1130/761 703/1131/761 701/1132/762 689/1133/762
f 755/1134/763 757/1135/764 748/1136/765 730/1137/765
f 582/1129/766 697/1128/767 700/1138/768 577/1139/4
f 690/1140/769 697/1128/770 737/1141/771 689/1142/772
f 689/1142/772 737/1141/771 739/1143/773 695/1144/773
f 696/1145/774 700/1138/774 697/1128/770 690/1140/769
f 703/1131/775 707/1146/775 705/1147/776 701/1132/777
f 690/1148/778 702/1149/778 704/1150/779 696/1151/779
f 689/1133/780 701/1132/780 702/1149/780 690/1148/780
f 706/1152/781 710/1153/781 712/1154/782 708/1155/782
f 702/1149/783 706/1152/784 708/1155/785 704/1150/785
f 701/1132/777 705/1147/776 706/1152/784 702/1149/783
f 709/1156/786 711/1157/93 712/1154/93 710/1153/786
f 705/1158/170 709/1156/170 710/1153/170 706/1152/170
f 707/1146/787 711/1159/787 709/1160/788 705/1147/788
f 693/539/789 733/542/790 735/541/791 715/540/791
f 578/1161/110 579/1162/110 717/1163/792 741/1164/792
f 695/1130/761 713/1165/793 719/1166/793 703/1131/761
f 730/1137/794 748/1136/794 747/1167/794 728/1168/794
f 579/1162/795 577/1139/4 700/1138/768 717/1163/796
f 714/1169/797 713/1170/798 741/1171/799 717/1163/800
f 713/1170/798 695/1144/773 739/1143/773 741/1171/799
f 696/1145/774 714/1169/797 717/1163/800 700/1138/774
f 703/1131/775 719/1166/801 721/1172/802 707/1146/775
f 714/1173/803 696/1151/779 704/1150/779 720/1174/803
f 713/1165/804 714/1173/804 720/1174/804 719/1166/804
f 722/1175/805 708/1155/782 712/1154/782 724/1176/805
f 720/1174/806 704/1150/785 708/1155/785 722/1175/807
f 719/1166/801 720/1174/806 722/1175/807 721/1172/802
f 723/1177/808 724/1176/808 712/1154/93 711/1157/93
f 721/1178/110 722/1175/110 724/1176/110 723/1177/110
f 707/1146/787 721/1172/809 723/1179/809 711/1159/787
f 692/1180/810 726/1181/811 725/1182/812 694/1183/812
f 691/1184/813 738/1185/814 726/1181/811 692/1180/810
f 693/1186/815 740/1187/815 738/1185/814 691/1184/813
f 694/1183/812 725/1182/812 729/1188/816 716/1189/817
f 716/1189/817 729/1188/816 742/1190/818 715/1191/819
f 715/1191/819 742/1190/818 740/1187/815 693/1186/815
f 733/542/820 731/575/821 732/574/821 734/502/822
f 733/542/820 734/502/822 736/503/823 735/541/823
f 692/576/824 732/574/824 731/575/824 691/577/824
f 715/540/825 735/541/825 736/503/825 716/500/825
f 691/577/826 731/575/826 733/542/790 693/539/789
f 694/501/759 734/502/759 732/574/827 692/576/827
f 580/1192/828 581/1193/829 738/1185/830 727/1194/831
f 699/1195/832 739/1196/833 737/1197/834 698/1198/835
f 727/1194/831 738/1185/830 740/1187/836 728/1199/836
f 755/1200/837 578/1201/838 741/1202/839 718/1203/840
f 718/1203/840 741/1202/839 739/1196/833 699/1195/832
f 728/1199/836 740/1187/836 742/1190/841 730/1204/842
f 757/1135/843 760/1205/844 754/1206/845 748/1136/845
f 748/1136/846 754/1206/846 753/1207/846 747/1167/846
f 698/1208/847 743/1209/847 744/1210/847 699/1211/847
f 699/1211/848 744/1210/848 745/1212/848 718/1213/848
f 728/1168/849 747/1167/849 746/1214/849 727/1215/849
f 580/1216/850 756/1217/851 743/1218/852 698/1219/852
f 758/1220/853 750/1221/854 749/1222/854 759/1223/855
f 758/1220/856 760/1205/857 751/1224/858 750/1221/858
f 743/1209/859 749/1225/859 750/1226/859 744/1210/859
f 744/1210/860 750/1226/860 751/1224/860 745/1212/860
f 747/1167/861 753/1207/861 752/1227/861 746/1214/861
f 759/1223/862 684/1228/863 683/1229/864 752/1230/864
f 743/1218/865 680/1231/865 679/1232/865 749/1222/865
f 756/1217/866 681/1233/867 680/1231/868 743/1218/868
f 752/1230/869 683/1229/869 682/1234/869 746/1235/869
f 746/1235/870 682/1234/870 681/1236/867 756/1237/866
f 749/1222/871 679/1232/871 684/1228/863 759/1223/862
f 753/1238/872 754/1206/872 760/1205/857 758/1220/856
f 753/1238/873 758/1220/853 759/1223/855 752/1230/873
f 727/1239/874 746/1235/874 756/1237/851 580/1240/850
f 745/1212/875 751/1224/875 760/1205/844 757/1135/843
f 730/1204/842 742/1190/841 578/1201/838 755/1200/837
f 698/1198/835 737/1197/834 581/1193/829 580/1192/828
f 729/1188/876 725/1182/877 577/1139/4 579/1162/795
f 742/1190/878 729/1188/878 579/1162/110 578/1161/110
f 726/1181/879 582/1129/766 577/1139/4 725/1182/877
f 718/1213/880 745/1212/880 757/1135/764 755/1134/763
f 738/1185/881 581/1126/170 582/1129/170 726/1181/881
