# Blender 5.1.0
# www.blender.org
mtllib enemy.mtl
o 平面.005
v 1.441505 1.093475 2.304540
v 1.768647 0.138220 2.559843
v 2.072397 0.704506 1.740228
v 2.177451 0.590110 1.551299
v 2.254806 -0.372254 1.941922
v 2.546123 -0.057838 0.992717
v 2.413636 -1.279486 0.982929
v 2.290870 -0.687232 1.830796
v 1.910496 -1.644470 1.676764
v 1.680182 -1.499589 2.078382
v 1.787189 -0.579794 2.555079
v 1.116822 -1.337538 2.802354
v 1.119543 -1.269853 2.863849
v 1.156611 -0.314961 3.277998
v 0.434897 -1.044905 3.454128
v 0.653105 -1.013105 3.455921
v 0.355394 -0.078696 3.806577
v -0.247342 -0.917765 3.674725
v 0.116280 -0.923619 3.673110
v -0.546308 -0.121457 3.720296
v -0.739954 -1.070190 3.336733
v -0.577277 -1.104415 3.327885
v -1.293887 -0.375816 3.127068
v -1.233572 -1.326070 2.705056
v -1.263892 -1.408759 2.606388
v -1.900535 -0.613278 2.390500
v -1.821581 -1.510273 1.867167
v -2.276106 -1.540804 1.140624
v -2.349623 -0.687673 1.733479
v -2.623260 -0.778667 0.732701
v -2.455564 0.104028 1.147929
v -2.148759 -0.265716 2.071982
v -2.025642 0.704984 1.715194
v -1.919962 0.789656 1.873437
v -1.603705 0.191324 2.665077
v -1.242621 1.134821 2.411807
v -1.162459 1.137937 2.479452
v -0.812219 0.413982 3.141217
v -0.308648 1.270064 2.827763
v -0.378126 1.248134 2.919191
v 0.096211 0.456553 3.402014
v 0.552382 1.232572 2.878167
v 0.503692 1.266791 2.788237
v 0.999553 0.393998 3.065849
v 1.321200 1.102083 2.373120
vn 0.7356 0.3984 0.5479
vn 0.9111 0.2157 0.3511
vn 0.8302 -0.3934 0.3950
vn 0.6784 -0.3987 0.6171
vn 0.5422 -0.3520 0.7630
vn 0.1971 -0.2888 0.9369
vn -0.3030 -0.3034 0.9034
vn -0.5742 -0.3625 0.7341
vn -0.7029 -0.4036 0.5857
vn -0.9217 -0.2717 0.2767
vn -0.8816 0.2572 0.3957
vn -0.6861 0.4217 0.5928
vn -0.3913 0.5105 0.7656
vn 0.0461 0.5402 0.8403
vn 0.4702 0.4987 0.7281
vt 0.304805 0.591591
vt 0.437863 0.724649
vt 0.304805 0.724649
s 1
usemtl マテリアル.001
f 1/1/1 2/2/1 3/3/1
f 4/1/2 5/2/2 6/3/2
f 7/1/3 8/2/3 9/3/3
f 10/1/4 11/2/4 12/3/4
f 13/1/5 14/2/5 15/3/5
f 16/1/6 17/2/6 18/3/6
f 19/1/7 20/2/7 21/3/7
f 22/1/8 23/2/8 24/3/8
f 25/1/9 26/2/9 27/3/9
f 28/1/10 29/2/10 30/3/10
f 31/1/11 32/2/11 33/3/11
f 34/1/12 35/2/12 36/3/12
f 37/1/13 38/2/13 39/3/13
f 40/1/14 41/2/14 42/3/14
f 43/1/15 44/2/15 45/3/15
o 平面.006
v 0.000000 -9.847997 -12.791915
v 0.000000 -2.670371 -11.824723
v 0.000000 -9.150477 -9.885899
v 0.000000 -2.624079 -10.763301
v 0.000000 -6.486333 -12.884709
v 0.000000 -6.026190 -10.001998
v 0.000000 -9.956292 -11.311292
v 0.000000 -4.322039 -12.380344
v 0.000000 -2.101026 -11.259824
v 0.000000 -7.773394 -9.617090
v 0.000000 -8.530202 -13.200670
v 0.000000 -4.126289 -10.385951
v 0.000000 -6.256262 -11.443353
v 0.000000 -4.162184 -11.379268
v 0.000000 -8.203661 -11.405746
v -0.010000 -9.847997 -12.791915
v -0.010000 -2.670371 -11.824723
v -0.010000 -9.150477 -9.885899
v -0.010000 -2.624079 -10.763301
v -0.010000 -6.486333 -12.884709
v -0.010000 -6.026190 -10.001998
v -0.010000 -9.956292 -11.311292
v -0.010000 -4.322039 -12.380344
v -0.010000 -2.101026 -11.259824
v -0.010000 -7.773394 -9.617090
v -0.010000 -8.530202 -13.200670
v -0.010000 -4.126289 -10.385951
v -0.010000 -6.256262 -11.443353
v -0.010000 -4.162184 -11.379268
v -0.010000 -8.203661 -11.405746
vn 1.0000 -0.0000 -0.0000
vn -1.0000 -0.0000 -0.0000
vn -0.0000 -0.8705 0.4921
vn -0.0000 -0.9973 -0.0729
vn -0.0000 0.2270 -0.9739
vn -0.0000 0.3188 -0.9478
vn -0.0000 0.7043 -0.7099
vn -0.0000 0.6885 0.7253
vn -0.0000 0.2151 0.9766
vn -0.0000 -0.1916 0.9815
vn -0.0000 -0.2963 -0.9551
vn -0.0000 0.1528 -0.9883
vn -0.0000 0.2436 0.9699
vn -0.0000 0.1981 0.9802
vt 0.903768 0.130200
vt 0.878224 0.181582
vt 0.854225 0.178397
vt 0.867628 0.128995
vt 0.852680 0.232965
vt 0.839077 0.229378
vt 0.825474 0.225792
vt 0.830663 0.174817
vt 0.835851 0.123842
vt 0.944194 0.037398
vt 0.923981 0.083799
vt 0.877104 0.083145
vt 0.884834 0.038875
vt 0.830663 0.082097
vt 0.825474 0.040352
s 1
usemtl マテリアル.002
f 50/4/16 53/5/16 59/6/16 58/7/16
f 53/5/16 47/8/16 54/9/16 59/6/16
f 59/6/16 54/9/16 49/10/16 57/11/16
f 58/7/16 59/6/16 57/11/16 51/12/16
f 46/13/16 56/14/16 60/15/16 52/16/16
f 56/14/16 50/4/16 58/7/16 60/15/16
f 60/15/16 58/7/16 51/12/16 55/17/16
f 52/16/16 60/15/16 55/17/16 48/18/16
f 65/4/17 73/7/17 74/6/17 68/5/17
f 68/5/17 74/6/17 69/9/17 62/8/17
f 74/6/17 72/11/17 64/10/17 69/9/17
f 73/7/17 66/12/17 72/11/17 74/6/17
f 61/13/17 67/16/17 75/15/17 71/14/17
f 71/14/17 75/15/17 73/7/17 65/4/17
f 75/15/17 70/17/17 66/12/17 73/7/17
f 67/16/17 63/18/17 70/17/17 75/15/17
f 52/16/18 48/18/18 63/18/18 67/16/18
f 46/13/19 52/16/19 67/16/19 61/13/19
f 53/5/20 50/4/20 65/4/20 68/5/20
f 47/8/21 53/5/21 68/5/21 62/8/21
f 54/9/22 47/8/22 62/8/22 69/9/22
f 49/10/23 54/9/23 69/9/23 64/10/23
f 55/17/24 51/12/24 66/12/24 70/17/24
f 48/18/25 55/17/25 70/17/25 63/18/25
f 56/14/26 46/13/26 61/13/26 71/14/26
f 50/4/27 56/14/27 71/14/27 65/4/27
f 57/11/28 49/10/28 64/10/28 72/11/28
f 51/12/29 57/11/29 72/11/29 66/12/29
o 平面.007
v 3.623964 -6.362549 -5.446034
v 2.257121 -1.124457 -2.820020
v 3.691144 -5.764557 -1.699682
v 2.257121 -0.805884 -1.982318
v 2.500261 -3.613068 -3.947741
v 2.504761 -2.878086 -1.485545
v 2.287513 -2.206237 -3.307240
v 3.030995 -4.319952 -1.473554
v 3.016932 -5.100628 -4.830311
v 2.288076 -1.630799 -1.666900
v 3.729459 -6.224482 -3.708350
v 2.257121 -0.640938 -2.378624
v 2.502511 -3.245577 -2.716643
v 2.287795 -1.881726 -2.484512
v 3.023963 -4.710289 -3.151933
v 3.402205 -5.235025 -2.145945
v 3.380660 -5.575449 -3.930771
v -3.623964 -6.362549 -5.446034
v -2.257121 -1.124457 -2.820020
v -3.691144 -5.764557 -1.699682
v -2.257121 -0.805884 -1.982318
v -2.500261 -3.613068 -3.947741
v -2.504761 -2.878086 -1.485545
v -2.287513 -2.206237 -3.307240
v -3.030995 -4.319952 -1.473554
v -3.016932 -5.100628 -4.830311
v -2.288076 -1.630799 -1.666900
v -3.729459 -6.224482 -3.708350
v -2.257121 -0.640938 -2.378624
v -2.502511 -3.245577 -2.716643
v -2.287795 -1.881726 -2.484512
v -3.023963 -4.710289 -3.151933
v -3.402205 -5.235025 -2.145945
v -3.380660 -5.575449 -3.930771
v 3.615211 -6.367270 -5.444987
v 2.247128 -1.124771 -2.819816
v 3.682126 -5.768803 -1.698882
v 2.247125 -0.806179 -1.982294
v 2.490819 -3.616240 -3.946855
v 2.495092 -2.880540 -1.484848
v 2.277619 -2.207600 -3.306748
v 3.021813 -4.323797 -1.472603
v 3.008022 -5.105043 -4.829263
v 2.278125 -1.631749 -1.666641
v 3.720572 -6.228970 -3.707406
v 2.247126 -0.641240 -2.378540
v 2.492893 -3.248210 -2.715882
v 2.277848 -1.882695 -2.484181
v 3.014883 -4.714355 -3.150934
v 3.393255 -5.239387 -2.145008
v 3.371828 -5.580031 -3.929768
v -3.615211 -6.367270 -5.444987
v -2.247128 -1.124771 -2.819816
v -3.682126 -5.768803 -1.698882
v -2.247125 -0.806179 -1.982294
v -2.490819 -3.616240 -3.946855
v -2.495092 -2.880540 -1.484848
v -2.277619 -2.207600 -3.306748
v -3.021813 -4.323797 -1.472603
v -3.008022 -5.105043 -4.829263
v -2.278125 -1.631749 -1.666641
v -3.720572 -6.228970 -3.707406
v -2.247126 -0.641240 -2.378540
v -2.492893 -3.248210 -2.715882
v -2.277848 -1.882695 -2.484181
v -3.014883 -4.714355 -3.150934
v -3.393255 -5.239387 -2.145008
v -3.371828 -5.580031 -3.929768
vn 0.5029 0.5100 -0.6978
vn 0.6099 0.3840 -0.6932
vn 0.9947 0.0969 -0.0331
vn 0.9617 0.2633 -0.0761
vn 0.6393 0.4305 -0.6372
vn 0.5751 0.7984 -0.1786
vn 0.6106 0.5623 0.5576
vn 0.6669 0.2515 0.7015
vn 0.6851 0.2326 0.6903
vn 0.9660 0.1108 -0.2335
vn 0.9081 0.4067 -0.0999
vn 0.8247 -0.4564 -0.3341
vn 0.4110 0.5664 -0.7143
vn 0.7054 0.2420 0.6662
vn 0.9876 0.0013 -0.1572
vn 0.8552 -0.4927 0.1611
vn 0.7143 -0.3129 -0.6260
vn -0.5029 0.5100 -0.6978
vn -0.9617 0.2633 -0.0761
vn -0.9947 0.0969 -0.0331
vn -0.6099 0.3840 -0.6932
vn -0.5751 0.7984 -0.1786
vn -0.6393 0.4305 -0.6372
vn -0.6669 0.2515 0.7015
vn -0.6106 0.5623 0.5576
vn -0.6851 0.2326 0.6903
vn -0.9660 0.1108 -0.2335
vn -0.8247 -0.4564 -0.3341
vn -0.9081 0.4067 -0.0999
vn -0.4110 0.5664 -0.7143
vn -0.7054 0.2420 0.6662
vn -0.9876 0.0013 -0.1572
vn -0.8552 -0.4927 0.1611
vn -0.7143 -0.3129 -0.6260
vn -0.8402 0.0437 -0.5406
vn -0.9617 -0.2633 0.0761
vn -0.9947 -0.0970 0.0331
vn -0.7845 0.1783 -0.5939
vn -0.6200 0.7663 -0.1684
vn -0.7056 0.3800 -0.5980
vn -0.6922 0.1159 0.7124
vn -0.6449 0.5214 0.5588
vn -0.6561 -0.1106 0.7465
vn -0.6703 -0.7401 -0.0542
vn -0.1795 -0.9575 -0.2256
vn -0.9081 -0.4066 0.0999
vn -0.8257 -0.0508 -0.5619
vn -0.5667 -0.2889 0.7716
vn -0.6185 -0.7858 0.0042
vn -0.1298 -0.9597 0.2493
vn -0.2387 -0.8257 -0.5111
vn 0.8402 0.0437 -0.5406
vn 0.7845 0.1783 -0.5939
vn 0.9947 -0.0970 0.0331
vn 0.9617 -0.2633 0.0761
vn 0.7056 0.3800 -0.5980
vn 0.6200 0.7663 -0.1684
vn 0.6449 0.5214 0.5588
vn 0.6922 0.1159 0.7124
vn 0.6561 -0.1106 0.7465
vn 0.6703 -0.7401 -0.0542
vn 0.9081 -0.4066 0.0999
vn 0.1795 -0.9575 -0.2256
vn 0.8257 -0.0508 -0.5619
vn 0.5667 -0.2889 0.7716
vn 0.6185 -0.7858 0.0042
vn 0.1298 -0.9597 0.2493
vn 0.2387 -0.8257 -0.5111
vt 0.915125 0.614645
vt 0.918902 0.741245
vt 0.870104 0.793909
vt 0.838013 0.684868
vt 0.921323 0.837542
vt 0.906042 0.888433
vt 0.871255 0.890319
vt 0.819129 0.841049
vt 0.760906 0.755103
vt 0.834045 0.459794
vt 0.812617 0.556279
vt 0.790411 0.415082
vt 0.921323 0.468239
vt 0.703900 0.644308
vt 0.715874 0.548073
vt 0.661169 0.521290
vt 0.913223 0.344333
s 1
usemtl マテリアル.002
f 80/19/30 82/20/31 89/21/32 88/22/33
f 82/20/31 77/23/34 87/24/35 89/21/32
f 89/21/32 87/24/35 79/25/36 85/26/37
f 88/22/33 89/21/32 85/26/37 81/27/38
f 92/28/39 90/29/40 86/30/41
f 84/31/42 80/19/30 88/22/33 90/29/40
f 90/29/40 88/22/33 81/27/38 83/32/43
f 91/33/44 83/32/43 78/34/45
f 90/29/40 83/32/43 91/33/44
f 86/30/41 90/29/40 91/33/44
f 84/31/42 90/29/40 92/28/39
f 76/35/46 84/31/42 92/28/39
f 97/19/47 105/22/48 106/21/49 99/20/50
f 99/20/50 106/21/49 104/24/51 94/23/52
f 106/21/49 102/26/53 96/25/54 104/24/51
f 105/22/48 98/27/55 102/26/53 106/21/49
f 109/28/56 103/30/57 107/29/58
f 101/31/59 107/29/58 105/22/48 97/19/47
f 107/29/58 100/32/60 98/27/55 105/22/48
f 108/33/61 95/34/62 100/32/60
f 107/29/58 108/33/61 100/32/60
f 103/30/57 108/33/61 107/29/58
f 101/31/59 109/28/56 107/29/58
f 93/35/63 109/28/56 101/31/59
f 114/19/64 122/22/65 123/21/66 116/20/67
f 116/20/67 123/21/66 121/24/68 111/23/69
f 123/21/66 119/26/70 113/25/71 121/24/68
f 122/22/65 115/27/72 119/26/70 123/21/66
f 126/28/73 120/30/74 124/29/75
f 118/31/76 124/29/75 122/22/65 114/19/64
f 124/29/75 117/32/77 115/27/72 122/22/65
f 125/33/78 112/34/79 117/32/77
f 124/29/75 125/33/78 117/32/77
f 120/30/74 125/33/78 124/29/75
f 118/31/76 126/28/73 124/29/75
f 110/35/80 126/28/73 118/31/76
f 131/19/81 133/20/82 140/21/83 139/22/84
f 133/20/82 128/23/85 138/24/86 140/21/83
f 140/21/83 138/24/86 130/25/87 136/26/88
f 139/22/84 140/21/83 136/26/88 132/27/89
f 143/28/90 141/29/91 137/30/92
f 135/31/93 131/19/81 139/22/84 141/29/91
f 141/29/91 139/22/84 132/27/89 134/32/94
f 142/33/95 134/32/94 129/34/96
f 141/29/91 134/32/94 142/33/95
f 137/30/92 141/29/91 142/33/95
f 135/31/93 141/29/91 143/28/90
f 127/35/97 135/31/93 143/28/90
f 82/20/31 80/19/30 114/19/64 116/20/67
f 77/23/34 82/20/31 116/20/67 111/23/69
f 83/32/43 81/27/38 115/27/72 117/32/77
f 78/34/45 83/32/43 117/32/77 112/34/79
f 84/31/42 76/35/46 110/35/80 118/31/76
f 80/19/30 84/31/42 118/31/76 114/19/64
f 85/26/37 79/25/36 113/25/71 119/26/70
f 81/27/38 85/26/37 119/26/70 115/27/72
f 86/30/41 91/33/44 125/33/78 120/30/74
f 76/35/46 92/28/39 126/28/73 110/35/80
f 87/24/35 77/23/34 111/23/69 121/24/68
f 79/25/36 87/24/35 121/24/68 113/25/71
f 91/33/44 78/34/45 112/34/79 125/33/78
f 92/28/39 86/30/41 120/30/74 126/28/73
f 97/19/47 99/20/50 133/20/82 131/19/81
f 99/20/50 94/23/52 128/23/85 133/20/82
f 98/27/55 100/32/60 134/32/94 132/27/89
f 100/32/60 95/34/62 129/34/96 134/32/94
f 93/35/63 101/31/59 135/31/93 127/35/97
f 101/31/59 97/19/47 131/19/81 135/31/93
f 96/25/54 102/26/53 136/26/88 130/25/87
f 102/26/53 98/27/55 132/27/89 136/26/88
f 108/33/61 103/30/57 137/30/92 142/33/95
f 109/28/56 93/35/63 127/35/97 143/28/90
f 94/23/52 104/24/51 138/24/86 128/23/85
f 104/24/51 96/25/54 130/25/87 138/24/86
f 95/34/62 108/33/61 142/33/95 129/34/96
f 103/30/57 109/28/56 143/28/90 137/30/92
o 平面.008
v 3.516456 -6.094287 -5.419415
v 2.274388 -1.179762 -2.965705
v 3.507940 -5.337170 -1.568338
v 2.265872 -0.744378 -1.869272
v 2.574926 -3.594109 -3.948318
v 2.540321 -2.869416 -1.485545
v 3.516456 -6.094287 -5.094590
v 2.274388 -1.179762 -2.944566
v 3.499189 -5.339303 -1.748553
v 2.257121 -0.746512 -2.012242
v 2.574926 -3.594109 -3.738779
v 2.504761 -2.878086 -1.758475
v -3.516456 -6.094287 -5.419415
v -2.274388 -1.179761 -2.965706
v -3.507940 -5.337170 -1.568338
v -2.265872 -0.744378 -1.869272
v -2.574926 -3.594109 -3.948318
v -2.540321 -2.869416 -1.485545
v -3.516456 -6.094287 -5.094590
v -2.274388 -1.179762 -2.944566
v -3.499189 -5.339303 -1.748553
v -2.257121 -0.746512 -2.012242
v -2.574926 -3.594109 -3.738779
v -2.504761 -2.878086 -1.758475
v 2.338508 -2.201595 -3.325812
v 3.025599 -4.249657 -1.474677
v 3.050472 -5.018644 -4.776081
v 2.313635 -1.617028 -1.652545
v 2.338508 -2.201595 -3.237705
v 3.000040 -4.255889 -1.740023
v 3.050472 -5.018644 -4.426336
v 2.288076 -1.623260 -1.885802
v 2.258233 -0.450147 -2.004672
v 2.522541 -2.873751 -1.622010
v 3.682160 -5.715403 -1.681025
v 3.685434 -6.464524 -5.489450
v 2.574926 -3.594109 -3.843549
v 2.261507 -0.830426 -2.850549
v -2.338508 -2.201595 -3.325812
v -3.025599 -4.249657 -1.474677
v -3.050472 -5.018644 -4.776081
v -2.313635 -1.617028 -1.652545
v -2.338508 -2.201595 -3.237705
v -3.000040 -4.255888 -1.740023
v -3.050472 -5.018644 -4.426335
v -2.288076 -1.623260 -1.885802
v -2.258232 -0.450147 -2.004672
v -2.522541 -2.873751 -1.622010
v -3.682161 -5.715403 -1.681025
v -3.685434 -6.464524 -5.489450
v -2.574926 -3.594109 -3.843549
v -2.261507 -0.830426 -2.850549
v 2.300485 -1.586635 -1.776426
v 3.033086 -4.295571 -1.609912
v 3.069646 -5.060657 -4.627585
v 2.337045 -2.161954 -3.269890
v -2.300485 -1.586635 -1.776426
v -3.033086 -4.295571 -1.609912
v -3.069646 -5.060657 -4.627584
v -2.337045 -2.161954 -3.269891
v 3.507345 -6.098403 -5.419186
v 2.264672 -1.181004 -2.963696
v 3.498842 -5.341302 -1.567937
v 2.255885 -0.744752 -1.868939
v 2.565315 -3.596860 -3.948079
v 2.530694 -2.871933 -1.484554
v 3.507243 -6.098169 -5.094812
v 2.264509 -1.179880 -2.946109
v 3.490166 -5.343477 -1.747471
v 2.247226 -0.746617 -2.010798
v 2.565159 -3.596234 -3.739054
v 2.495158 -2.880496 -1.757072
v -3.507345 -6.098403 -5.419186
v -2.264672 -1.181004 -2.963696
v -3.498842 -5.341302 -1.567937
v -2.255885 -0.744752 -1.868939
v -2.565315 -3.596860 -3.948079
v -2.530694 -2.871933 -1.484554
v -3.507243 -6.098169 -5.094812
v -2.264509 -1.179880 -2.946109
v -3.490166 -5.343477 -1.747471
v -2.247226 -0.746617 -2.010798
v -2.565159 -3.596234 -3.739054
v -2.495158 -2.880496 -1.757072
v 2.328676 -2.203292 -3.325138
v 3.016315 -4.253295 -1.473924
v 3.041204 -5.022395 -4.775876
v 2.303734 -1.618199 -1.651778
v 2.328593 -2.202688 -3.238422
v 2.990818 -4.259552 -1.738783
v 3.041040 -5.021962 -4.426520
v 2.278224 -1.624162 -1.884349
v 2.248275 -0.450388 -2.003790
v 2.512922 -2.876213 -1.620820
v 3.673094 -5.719557 -1.680292
v 3.676276 -6.468541 -5.489415
v 2.565227 -3.596547 -3.843527
v 2.251526 -0.830930 -2.850905
v -2.328676 -2.203292 -3.325138
v -3.016315 -4.253295 -1.473924
v -3.041204 -5.022395 -4.775876
v -2.303734 -1.618199 -1.651778
v -2.328593 -2.202688 -3.238422
v -2.990818 -4.259552 -1.738783
v -3.041040 -5.021962 -4.426519
v -2.278224 -1.624162 -1.884349
v -2.248274 -0.450388 -2.003790
v -2.512922 -2.876212 -1.620820
v -3.673094 -5.719557 -1.680292
v -3.676276 -6.468541 -5.489415
v -2.565228 -3.596547 -3.843527
v -2.251526 -0.830930 -2.850905
v 2.290568 -1.587429 -1.775415
v 3.023895 -4.299407 -1.609012
v 3.060339 -5.064313 -4.627594
v 2.327096 -2.162926 -3.269644
v -2.290568 -1.587429 -1.775415
v -3.023896 -4.299407 -1.609012
v -3.060339 -5.064313 -4.627594
v -2.327096 -2.162926 -3.269644
vn 0.7031 0.2657 0.6596
vn 0.7107 0.2220 0.6676
vn 0.9917 0.0794 -0.1011
vn 0.4323 0.8723 -0.2287
vn 0.7054 0.2370 0.6681
vn 0.9619 0.2462 -0.1191
vn 0.5768 0.1027 -0.8104
vn 0.5887 -0.0338 -0.8076
vn 0.5821 -0.0366 -0.8123
vn 0.6988 0.2457 0.6718
vn 0.9191 0.3837 -0.0900
vn 0.7052 0.1847 0.6845
vn 0.8062 -0.5842 -0.0934
vn 0.5751 0.2049 -0.7920
vn 0.5618 0.2205 -0.7974
vn 0.5002 0.4929 -0.7120
vn 0.5083 0.5766 -0.6397
vn 0.9307 0.3657 0.0008
vn 0.7818 -0.4888 -0.3870
vn 0.5673 0.4936 -0.6591
vn 0.9698 0.2438 -0.0021
vn 0.7038 -0.1289 0.6987
vn 0.7455 -0.0903 0.6603
vn 0.7848 -0.1478 0.6019
vn 0.5901 0.3750 -0.7150
vn 0.9950 0.0972 -0.0247
vn 0.5555 0.2961 -0.7770
vn -0.9535 0.2801 0.1115
vn 0.6127 -0.1800 0.7695
vn 0.6533 -0.1494 0.7422
vn -0.7031 0.2657 0.6596
vn -0.4323 0.8723 -0.2287
vn -0.9917 0.0794 -0.1011
vn -0.7107 0.2220 0.6676
vn -0.5821 -0.0366 -0.8123
vn -0.5887 -0.0338 -0.8076
vn -0.5768 0.1027 -0.8104
vn -0.9619 0.2462 -0.1191
vn -0.7054 0.2370 0.6681
vn -0.9191 0.3837 -0.0900
vn -0.6988 0.2457 0.6718
vn -0.5618 0.2205 -0.7974
vn -0.5751 0.2049 -0.7920
vn -0.8062 -0.5842 -0.0934
vn -0.7052 0.1847 0.6845
vn -0.5002 0.4929 -0.7120
vn -0.7818 -0.4888 -0.3870
vn -0.9307 0.3657 0.0008
vn -0.5083 0.5766 -0.6397
vn -0.7848 -0.1478 0.6019
vn -0.7455 -0.0903 0.6603
vn -0.7038 -0.1289 0.6986
vn -0.9698 0.2438 -0.0021
vn -0.5673 0.4936 -0.6591
vn -0.9950 0.0972 -0.0247
vn -0.5900 0.3750 -0.7150
vn -0.6533 -0.1494 0.7422
vn -0.6127 -0.1800 0.7695
vn 0.9535 0.2799 0.1115
vn -0.5555 0.2961 -0.7770
vn -0.6681 0.2160 0.7120
vn -0.6304 0.7703 -0.0959
vn -0.9917 -0.0793 0.1011
vn -0.6673 0.0523 0.7429
vn -0.9619 -0.2461 0.1191
vn -0.6355 -0.1168 0.7632
vn -0.8048 -0.1577 -0.5722
vn -0.7876 -0.2373 -0.5687
vn -0.7813 -0.0519 -0.6220
vn -0.9191 -0.3837 0.0900
vn -0.5988 -0.2617 0.7569
vn -0.1897 -0.9818 0.0128
vn -0.5440 -0.3834 0.7464
vn -0.7415 -0.2972 -0.6015
vn -0.6679 -0.3702 -0.6456
vn -0.7250 -0.0580 -0.6863
vn -0.2218 -0.9005 -0.3741
vn -0.9307 -0.3658 -0.0008
vn -0.7991 0.0413 -0.5998
vn -0.9698 -0.2438 0.0021
vn -0.8039 0.0834 -0.5889
vn -0.5725 -0.5423 0.6150
vn -0.6593 -0.4116 0.6292
vn -0.4683 -0.6747 0.5705
vn -0.9949 -0.0975 0.0267
vn -0.8078 0.1174 -0.5777
vn -0.9841 0.1697 0.0528
vn -0.8273 0.1377 -0.5447
vn -0.7303 -0.2947 0.6163
vn -0.7846 -0.2062 0.5847
vn 0.6681 0.2160 0.7120
vn 0.6673 0.0523 0.7429
vn 0.9917 -0.0793 0.1011
vn 0.6304 0.7703 -0.0959
vn 0.8048 -0.1577 -0.5722
vn 0.7813 -0.0519 -0.6220
vn 0.9619 -0.2461 0.1191
vn 0.7876 -0.2373 -0.5687
vn 0.6355 -0.1168 0.7632
vn 0.5988 -0.2617 0.7569
vn 0.9191 -0.3837 0.0900
vn 0.7415 -0.2972 -0.6015
vn 0.1897 -0.9818 0.0128
vn 0.6679 -0.3702 -0.6456
vn 0.5440 -0.3834 0.7464
vn 0.7250 -0.0580 -0.6863
vn 0.7991 0.0413 -0.5998
vn 0.9307 -0.3658 -0.0008
vn 0.2218 -0.9005 -0.3741
vn 0.5725 -0.5423 0.6150
vn 0.4683 -0.6747 0.5705
vn 0.9698 -0.2438 0.0021
vn 0.6593 -0.4116 0.6292
vn 0.8039 0.0834 -0.5889
vn 0.8078 0.1174 -0.5777
vn 0.9949 -0.0975 0.0268
vn 0.7303 -0.2947 0.6163
vn 0.9841 0.1695 0.0528
vn 0.7846 -0.2062 0.5847
vn 0.8273 0.1377 -0.5446
vt 0.497243 0.964663
vt 0.493056 0.934662
vt 0.496217 0.934552
vt 0.499497 0.964888
vt 0.488869 0.904660
vt 0.494374 0.901623
vt 0.496287 0.905066
vt 0.499019 0.935089
vt 0.501751 0.965113
vt 0.492148 0.863057
vt 0.495763 0.862862
vt 0.495427 0.821454
vt 0.498589 0.821508
vt 0.501751 0.821563
vt 0.499019 0.863315
vt 0.625079 0.810961
vt 0.619996 0.858853
vt 0.616075 0.860601
vt 0.618669 0.814127
vt 0.614913 0.906745
vt 0.615293 0.904676
vt 0.611145 0.908606
vt 0.611702 0.862949
vt 0.612259 0.817292
vt 0.619996 0.943216
vt 0.618585 0.943353
vt 0.625079 0.979686
vt 0.623689 0.979631
vt 0.622299 0.979576
vt 0.616722 0.944091
s 1
usemtl マテリアル.003
f 147/36/98 171/37/99 196/38/100 176/39/101
f 171/37/99 149/40/102 177/41/103 196/38/100
f 196/38/100 177/41/103 155/42/104 175/43/105
f 176/39/101 196/38/100 175/43/105 153/44/106
f 149/40/102 169/45/107 197/46/108 177/41/103
f 169/45/107 146/47/109 178/48/110 197/46/108
f 197/46/108 178/48/110 152/49/111 173/50/112
f 177/41/103 197/46/108 173/50/112 155/42/104
f 144/51/113 170/52/114 198/53/115 179/54/116
f 170/52/114 148/55/117 180/56/118 198/53/115
f 198/53/115 180/56/118 154/57/119 174/58/120
f 179/54/116 198/53/115 174/58/120 150/59/121
f 148/55/117 168/60/122 199/61/123 180/56/118
f 168/60/122 145/62/124 181/63/125 199/61/123
f 199/61/123 181/63/125 151/64/126 172/65/127
f 180/56/118 199/61/123 172/65/127 154/57/119
f 159/36/128 190/39/129 200/38/130 185/37/131
f 190/39/129 165/44/132 189/43/133 200/38/130
f 200/38/130 189/43/133 167/42/134 191/41/135
f 185/37/131 200/38/130 191/41/135 161/40/136
f 161/40/136 191/41/135 201/46/137 183/45/138
f 191/41/135 167/42/134 187/50/139 201/46/137
f 201/46/137 187/50/139 164/49/140 192/48/141
f 183/45/138 201/46/137 192/48/141 158/47/142
f 156/51/143 193/54/144 202/53/145 184/52/146
f 193/54/144 162/59/147 188/58/148 202/53/145
f 202/53/145 188/58/148 166/57/149 194/56/150
f 184/52/146 202/53/145 194/56/150 160/55/151
f 160/55/151 194/56/150 203/61/152 182/60/153
f 194/56/150 166/57/149 186/65/154 203/61/152
f 203/61/152 186/65/154 163/64/155 195/63/156
f 182/60/153 203/61/152 195/63/156 157/62/157
f 207/36/158 236/39/159 256/38/160 231/37/161
f 231/37/161 256/38/160 237/41/162 209/40/163
f 256/38/160 235/43/164 215/42/165 237/41/162
f 236/39/159 213/44/166 235/43/164 256/38/160
f 209/40/163 237/41/162 257/46/167 229/45/168
f 229/45/168 257/46/167 238/48/169 206/47/170
f 257/46/167 233/50/171 212/49/172 238/48/169
f 237/41/162 215/42/165 233/50/171 257/46/167
f 204/51/173 239/54/174 258/53/175 230/52/176
f 230/52/176 258/53/175 240/56/177 208/55/178
f 258/53/175 234/58/179 214/57/180 240/56/177
f 239/54/174 210/59/181 234/58/179 258/53/175
f 208/55/178 240/56/177 259/61/182 228/60/183
f 228/60/183 259/61/182 241/63/184 205/62/185
f 259/61/182 232/65/186 211/64/187 241/63/184
f 240/56/177 214/57/180 232/65/186 259/61/182
f 219/36/188 245/37/189 260/38/190 250/39/191
f 250/39/191 260/38/190 249/43/192 225/44/193
f 260/38/190 251/41/194 227/42/195 249/43/192
f 245/37/189 221/40/196 251/41/194 260/38/190
f 221/40/196 243/45/197 261/46/198 251/41/194
f 251/41/194 261/46/198 247/50/199 227/42/195
f 261/46/198 252/48/200 224/49/201 247/50/199
f 243/45/197 218/47/202 252/48/200 261/46/198
f 216/51/203 244/52/204 262/53/205 253/54/206
f 253/54/206 262/53/205 248/58/207 222/59/208
f 262/53/205 254/56/209 226/57/210 248/58/207
f 244/52/204 220/55/211 254/56/209 262/53/205
f 220/55/211 242/60/212 263/61/213 254/56/209
f 254/56/209 263/61/213 246/65/214 226/57/210
f 263/61/213 255/63/215 223/64/216 246/65/214
f 242/60/212 217/62/217 255/63/215 263/61/213
f 145/62/124 168/60/122 228/60/183 205/62/185
f 168/60/122 148/55/117 208/55/178 228/60/183
f 146/47/109 169/45/107 229/45/168 206/47/170
f 169/45/107 149/40/102 209/40/163 229/45/168
f 148/55/117 170/52/114 230/52/176 208/55/178
f 170/52/114 144/51/113 204/51/173 230/52/176
f 149/40/102 171/37/99 231/37/161 209/40/163
f 171/37/99 147/36/98 207/36/158 231/37/161
f 172/65/127 151/64/126 211/64/187 232/65/186
f 154/57/119 172/65/127 232/65/186 214/57/180
f 173/50/112 152/49/111 212/49/172 233/50/171
f 155/42/104 173/50/112 233/50/171 215/42/165
f 174/58/120 154/57/119 214/57/180 234/58/179
f 150/59/121 174/58/120 234/58/179 210/59/181
f 175/43/105 155/42/104 215/42/165 235/43/164
f 153/44/106 175/43/105 235/43/164 213/44/166
f 176/39/101 153/44/106 213/44/166 236/39/159
f 147/36/98 176/39/101 236/39/159 207/36/158
f 178/48/110 146/47/109 206/47/170 238/48/169
f 152/49/111 178/48/110 238/48/169 212/49/172
f 179/54/116 150/59/121 210/59/181 239/54/174
f 144/51/113 179/54/116 239/54/174 204/51/173
f 181/63/125 145/62/124 205/62/185 241/63/184
f 151/64/126 181/63/125 241/63/184 211/64/187
f 182/60/153 157/62/157 217/62/217 242/60/212
f 160/55/151 182/60/153 242/60/212 220/55/211
f 183/45/138 158/47/142 218/47/202 243/45/197
f 161/40/136 183/45/138 243/45/197 221/40/196
f 184/52/146 160/55/151 220/55/211 244/52/204
f 156/51/143 184/52/146 244/52/204 216/51/203
f 185/37/131 161/40/136 221/40/196 245/37/189
f 159/36/128 185/37/131 245/37/189 219/36/188
f 163/64/155 186/65/154 246/65/214 223/64/216
f 186/65/154 166/57/149 226/57/210 246/65/214
f 164/49/140 187/50/139 247/50/199 224/49/201
f 187/50/139 167/42/134 227/42/195 247/50/199
f 166/57/149 188/58/148 248/58/207 226/57/210
f 188/58/148 162/59/147 222/59/208 248/58/207
f 167/42/134 189/43/133 249/43/192 227/42/195
f 189/43/133 165/44/132 225/44/193 249/43/192
f 165/44/132 190/39/129 250/39/191 225/44/193
f 190/39/129 159/36/128 219/36/188 250/39/191
f 158/47/142 192/48/141 252/48/200 218/47/202
f 192/48/141 164/49/140 224/49/201 252/48/200
f 162/59/147 193/54/144 253/54/206 222/59/208
f 193/54/144 156/51/143 216/51/203 253/54/206
f 157/62/157 195/63/156 255/63/215 217/62/217
f 195/63/156 163/64/155 223/64/216 255/63/215
o 平面.009
v 3.714218 -5.994350 -3.565089
v 2.257121 -0.965170 -2.445661
v 2.547633 -3.299293 -2.716931
v 3.714218 -5.994350 -3.747296
v 2.257121 -0.965170 -2.627867
v 2.547633 -3.299293 -2.988122
v -3.714218 -5.994350 -3.565089
v -2.257121 -0.965170 -2.445661
v -2.547633 -3.299293 -2.716931
v -3.714218 -5.994350 -3.747296
v -2.257121 -0.965170 -2.627867
v -2.547633 -3.299293 -2.988122
v 3.128656 -4.808002 -3.134422
v 2.293435 -1.925233 -2.492756
v 3.128656 -4.808002 -3.394313
v 2.293435 -1.925233 -2.752647
v 2.547632 -3.299293 -2.852526
v 2.257121 -0.640938 -2.514220
v 3.927562 -6.406477 -3.797552
v -3.128656 -4.808002 -3.134422
v -2.293435 -1.925233 -2.492756
v -3.128656 -4.808002 -3.394313
v -2.293435 -1.925233 -2.752647
v -2.547632 -3.299293 -2.852527
v -2.257121 -0.640938 -2.514220
v -3.927562 -6.406477 -3.797553
v 2.293435 -1.888440 -2.620143
v 3.152865 -4.854768 -3.280407
v -2.293435 -1.888440 -2.620143
v -3.152865 -4.854768 -3.280407
v 3.723220 -5.990015 -3.564697
v 2.267102 -0.964879 -2.445124
v 2.557300 -3.296746 -2.716699
v 3.723114 -5.989801 -3.747703
v 2.267097 -0.964782 -2.628436
v 2.557207 -3.296415 -2.988355
v -3.723220 -5.990015 -3.564697
v -2.267102 -0.964879 -2.445124
v -2.557300 -3.296746 -2.716699
v -3.723114 -5.989801 -3.747703
v -2.267097 -0.964783 -2.628436
v -2.557207 -3.296415 -2.988355
v 3.137905 -4.804211 -3.134156
v 2.303366 -1.924121 -2.492381
v 3.137790 -4.803944 -3.394614
v 2.303343 -1.923927 -2.753017
v 2.557257 -3.296579 -2.852525
v 2.267115 -0.640602 -2.514195
v 3.936518 -6.402030 -3.797568
v -3.137905 -4.804211 -3.134156
v -2.303366 -1.924121 -2.492381
v -3.137790 -4.803944 -3.394614
v -2.303343 -1.923927 -2.753017
v -2.557257 -3.296579 -2.852525
v -2.267115 -0.640602 -2.514195
v -3.936518 -6.402030 -3.797568
v 2.303391 -1.887496 -2.620156
v 3.161972 -4.850638 -3.280396
v -2.303390 -1.887496 -2.620156
v -3.161972 -4.850638 -3.280396
vn -0.6719 -0.3241 0.6660
vn -0.7214 -0.1541 0.6752
vn -0.9955 -0.0944 0.0012
vn -0.9625 -0.2714 -0.0002
vn -0.7148 0.0380 0.6983
vn -0.6158 0.7862 0.0506
vn -0.7261 0.1416 -0.6729
vn -0.7595 0.0027 -0.6505
vn -0.7604 -0.0835 -0.6440
vn -0.5239 -0.5584 0.6432
vn -0.6000 -0.4587 0.6554
vn -0.9107 -0.4131 -0.0012
vn -0.1948 -0.9543 -0.2267
vn -0.7444 -0.1398 -0.6530
vn -0.6966 -0.2062 -0.6872
vn 0.6719 -0.3241 0.6660
vn 0.9625 -0.2714 -0.0002
vn 0.9955 -0.0944 0.0012
vn 0.7214 -0.1541 0.6752
vn 0.7604 -0.0835 -0.6440
vn 0.7595 0.0027 -0.6505
vn 0.7261 0.1416 -0.6729
vn 0.6158 0.7862 0.0506
vn 0.7148 0.0380 0.6983
vn 0.5239 -0.5584 0.6432
vn 0.1948 -0.9543 -0.2268
vn 0.9107 -0.4131 -0.0012
vn 0.6000 -0.4587 0.6554
vn 0.6966 -0.2062 -0.6872
vn 0.7444 -0.1398 -0.6530
vn 0.6744 0.0214 0.7381
vn 0.9625 0.2714 0.0002
vn 0.9955 0.0945 -0.0013
vn 0.6559 -0.0027 0.7549
vn 0.4602 0.8860 0.0577
vn 0.6411 0.0776 0.7635
vn 0.6454 0.1930 -0.7391
vn 0.6393 0.1936 -0.7442
vn 0.6046 0.3361 -0.7222
vn 0.7190 0.0418 0.6938
vn 0.7978 -0.5495 -0.2481
vn 0.9107 0.4130 0.0012
vn 0.6965 0.0653 0.7146
vn 0.5471 0.4391 -0.7126
vn 0.5326 0.4202 -0.7347
vn -0.6744 0.0214 0.7381
vn -0.6559 -0.0027 0.7549
vn -0.9955 0.0945 -0.0013
vn -0.9625 0.2714 0.0002
vn -0.6454 0.1930 -0.7391
vn -0.6045 0.3361 -0.7222
vn -0.4602 0.8859 0.0577
vn -0.6393 0.1936 -0.7442
vn -0.6411 0.0776 0.7635
vn -0.7190 0.0418 0.6938
vn -0.6965 0.0653 0.7146
vn -0.9107 0.4130 0.0012
vn -0.7978 -0.5495 -0.2481
vn -0.5471 0.4391 -0.7127
vn -0.5326 0.4202 -0.7347
vt 0.560659 0.903622
vt 0.556374 0.935036
vt 0.552966 0.933941
vt 0.555109 0.898598
vt 0.552089 0.966450
vt 0.548919 0.965791
vt 0.545748 0.965132
vt 0.550034 0.933718
vt 0.554319 0.902304
vt 0.552089 0.809364
vt 0.556374 0.856493
vt 0.552966 0.855398
vt 0.548919 0.808705
vt 0.550034 0.855175
vt 0.545748 0.808046
s 1
usemtl マテリアル.003
f 266/66/218 277/67/219 290/68/220 280/69/221
f 277/67/219 265/70/222 281/71/223 290/68/220
f 290/68/220 281/71/223 268/72/224 279/73/225
f 280/69/221 290/68/220 279/73/225 269/74/226
f 264/75/227 276/76/228 291/77/229 282/78/230
f 276/76/228 266/66/218 280/69/221 291/77/229
f 291/77/229 280/69/221 269/74/226 278/79/231
f 282/78/230 291/77/229 278/79/231 267/80/232
f 272/66/233 287/69/234 292/68/235 284/67/236
f 287/69/234 275/74/237 286/73/238 292/68/235
f 292/68/235 286/73/238 274/72/239 288/71/240
f 284/67/236 292/68/235 288/71/240 271/70/241
f 270/75/242 289/78/243 293/77/244 283/76/245
f 289/78/243 273/80/246 285/79/247 293/77/244
f 293/77/244 285/79/247 275/74/237 287/69/234
f 283/76/245 293/77/244 287/69/234 272/66/233
f 296/66/248 310/69/249 320/68/250 307/67/251
f 307/67/251 320/68/250 311/71/252 295/70/253
f 320/68/250 309/73/254 298/72/255 311/71/252
f 310/69/249 299/74/256 309/73/254 320/68/250
f 294/75/257 312/78/258 321/77/259 306/76/260
f 306/76/260 321/77/259 310/69/249 296/66/248
f 321/77/259 308/79/261 299/74/256 310/69/249
f 312/78/258 297/80/262 308/79/261 321/77/259
f 302/66/263 314/67/264 322/68/265 317/69/266
f 317/69/266 322/68/265 316/73/267 305/74/268
f 322/68/265 318/71/269 304/72/270 316/73/267
f 314/67/264 301/70/271 318/71/269 322/68/265
f 300/75/272 313/76/273 323/77/274 319/78/275
f 319/78/275 323/77/274 315/79/276 303/80/277
f 323/77/274 317/69/266 305/74/268 315/79/276
f 313/76/273 302/66/263 317/69/266 323/77/274
f 266/66/218 276/76/228 306/76/260 296/66/248
f 276/76/228 264/75/227 294/75/257 306/76/260
f 265/70/222 277/67/219 307/67/251 295/70/253
f 277/67/219 266/66/218 296/66/248 307/67/251
f 278/79/231 269/74/226 299/74/256 308/79/261
f 267/80/232 278/79/231 308/79/261 297/80/262
f 279/73/225 268/72/224 298/72/255 309/73/254
f 269/74/226 279/73/225 309/73/254 299/74/256
f 281/71/223 265/70/222 295/70/253 311/71/252
f 268/72/224 281/71/223 311/71/252 298/72/255
f 282/78/230 267/80/232 297/80/262 312/78/258
f 264/75/227 282/78/230 312/78/258 294/75/257
f 283/76/245 272/66/233 302/66/263 313/76/273
f 270/75/242 283/76/245 313/76/273 300/75/272
f 284/67/236 271/70/241 301/70/271 314/67/264
f 272/66/233 284/67/236 314/67/264 302/66/263
f 275/74/237 285/79/247 315/79/276 305/74/268
f 285/79/247 273/80/246 303/80/277 315/79/276
f 274/72/239 286/73/238 316/73/267 304/72/270
f 286/73/238 275/74/237 305/74/268 316/73/267
f 271/70/241 288/71/240 318/71/269 301/70/271
f 288/71/240 274/72/239 304/72/270 318/71/269
f 273/80/246 289/78/243 319/78/275 303/80/277
f 289/78/243 270/75/242 300/75/272 319/78/275
o 立方体.003
v 0.000000 -3.063761 2.158189
v 0.000000 3.063761 2.158189
v 1.682734 -3.063761 0.000000
v 1.682734 3.063761 -0.000000
v 0.000000 -3.063761 -1.933378
v 0.000000 3.063761 -1.933378
v 0.000000 -0.127657 -2.905761
v 3.039567 -0.254127 -0.256412
v 0.000000 1.846007 3.513379
v 0.000000 -1.531880 -2.592621
v 1.174001 -3.063761 -1.348868
v 1.174001 3.063761 -1.348868
v 2.643030 -1.520133 0.032626
v 1.174001 -3.063761 1.348868
v 1.174001 3.063761 1.348868
v 0.000000 -2.043103 3.708691
v 0.000000 1.659537 -2.565152
v 2.517466 1.688051 -0.034164
v 2.937162 -0.958702 0.791364
v 2.023594 -0.127657 -2.027275
v 1.725996 1.659537 -1.789641
v 1.986980 1.675662 1.870565
v 1.875716 -1.653267 1.922091
v 1.749996 -1.531881 -1.808805
v 0.000000 0.809745 3.912729
v 0.000000 0.154622 4.765583
v 2.703508 -0.957355 1.423084
v 2.120399 0.596142 2.684072
v 1.741401 -0.769289 2.786643
v 0.000000 0.055727 4.029015
v 1.060199 0.325934 3.356543
v 1.590299 0.021338 2.948903
v 0.000000 0.765940 -2.823355
v 2.907589 0.700393 -0.136934
v 1.951594 0.765940 -1.969783
v 2.834269 0.305391 1.220691
v 2.649824 -0.425665 1.944532
v 0.000000 3.337925 -0.000000
v 0.000000 -3.165998 0.000000
v 0.000000 0.113510 4.455339
v 2.577877 -0.882937 1.449403
v 1.858562 0.499160 2.637220
v 1.682888 -0.693491 2.726812
v 0.000000 0.219883 3.282404
v 1.120253 0.263144 3.224598
v 1.583275 -0.002909 2.868540
v 2.505218 -0.401447 1.890327
v 0.000000 -0.395571 3.395806
v 2.386481 -0.891942 1.103470
v 1.870100 0.077931 1.598697
v 1.682888 -0.798080 2.253410
v 0.000000 0.190119 1.268932
v 1.130489 0.507924 1.955613
v 2.446239 -0.380364 1.529792
v 0.000000 -1.657948 1.004545
v 1.104681 -1.334868 1.101923
v 0.000000 -0.944932 0.633857
v -1.682734 -3.063761 0.000000
v -1.682734 3.063761 -0.000000
v -3.039567 -0.254127 -0.256412
v -1.174001 -3.063761 -1.348868
v -1.174001 3.063761 -1.348868
v -2.643031 -1.520133 0.032626
v -1.174001 -3.063761 1.348868
v -1.174001 3.063761 1.348868
v -2.517466 1.688051 -0.034164
v -2.937162 -0.958702 0.791364
v -2.023594 -0.127657 -2.027275
v -1.725996 1.659537 -1.789641
v -1.986980 1.675662 1.870565
v -1.875716 -1.653267 1.922091
v -1.749996 -1.531880 -1.808805
v -2.703508 -0.957355 1.423084
v -2.120399 0.596142 2.684072
v -1.741401 -0.769289 2.786643
v -1.060199 0.325934 3.356543
v -1.590299 0.021338 2.948903
v -2.907589 0.700393 -0.136934
v -1.951594 0.765940 -1.969783
v -2.834269 0.305391 1.220691
v -2.649824 -0.425665 1.944532
v -2.577877 -0.882937 1.449403
v -1.858562 0.499160 2.637220
v -1.682888 -0.693491 2.726812
v -1.120253 0.263144 3.224598
v -1.583275 -0.002909 2.868540
v -2.505218 -0.401447 1.890327
v -2.386482 -0.891942 1.103470
v -1.870100 0.077931 1.598697
v -1.682888 -0.798080 2.253410
v -1.130489 0.507924 1.955613
v -2.446239 -0.380364 1.529791
v -1.104681 -1.334868 1.101923
v 0.000000 2.443791 2.924292
v 0.000000 -0.781897 -2.804814
v 0.000000 -2.297821 -2.287721
v 1.545768 -3.063761 -0.725017
v 0.631025 -3.063761 -1.776010
v 0.631025 3.063761 -1.776010
v 1.545768 3.063761 -0.725017
v 2.931868 -0.829275 -0.249034
v 2.140183 -2.300091 0.005994
v 0.631025 -3.063761 1.804111
v 1.545768 -3.063761 0.725017
v 1.545767 3.063761 0.725017
v 0.631025 3.063761 1.804111
v 0.000000 -2.663782 2.979717
v 0.000000 2.313778 -2.284287
v 0.000000 0.367013 -2.895460
v 2.140479 2.339286 -0.011117
v 3.014372 0.244445 -0.201969
v 3.110840 -0.535004 0.319083
v 1.087682 -0.127657 -2.669246
v 2.681783 -0.143466 -1.121712
v 0.927723 1.659537 -2.356360
v 1.480598 2.313778 -1.593689
v 2.278004 1.663101 -0.966203
v 1.869395 1.164868 -1.904146
v 2.414958 1.732519 0.882388
v 1.561241 2.429271 1.624207
v 1.004674 1.836018 2.740760
v 2.560177 0.958923 1.502737
v 2.351520 -1.712912 0.954760
v 2.525083 -1.316707 1.305079
v 0.924519 -1.858382 2.891654
v 1.495011 -2.362978 1.681653
v 0.940623 -1.531880 -2.381593
v 1.935394 -0.781897 -1.956847
v 2.321012 -1.531440 -0.974804
v 1.483598 -2.297821 -1.596084
v 0.980914 0.767936 3.299114
v 2.407027 0.072273 2.324409
v 2.352055 -0.965690 1.912563
v 0.924912 -0.365191 3.763290
v 0.000000 -1.054590 4.283413
v 1.794220 -1.187202 2.445506
v 1.929782 1.047099 2.424642
v 0.000000 1.293096 3.805972
v 2.795336 -0.969638 1.191736
v 0.000000 0.409049 3.975283
v 1.367711 0.410360 3.145612
v 0.530100 0.190831 3.692779
v 1.838284 0.307450 2.824702
v 1.325249 0.173636 3.152724
v 0.000000 1.164868 -2.729276
v 2.758117 1.158562 -0.077718
v 2.014594 0.367013 -2.020088
v 2.975050 -0.333233 0.939050
v 2.777076 -0.769852 1.528059
v 2.731879 -0.034192 1.628781
v 2.941905 0.552697 0.639903
v 2.583387 0.757747 -1.075875
v 1.048982 0.765940 -2.593548
v 0.000000 3.252249 -0.966689
v 0.000000 3.252249 0.985423
v 0.841367 3.252248 -0.000000
v 0.000000 -3.134049 -0.966689
v 0.000000 -3.134049 0.985423
v 0.841367 -3.134049 0.000000
v 2.889321 -1.225084 0.474175
v 2.232997 0.025612 2.227472
v 2.247807 -0.868801 1.950811
v 0.900934 -0.340527 3.579875
v 0.569457 0.261535 3.200154
v 1.720918 0.248126 2.752880
v 1.351764 0.130118 3.046569
v 2.642819 -0.716072 1.530348
v 2.632267 -0.910546 1.469077
v 2.566223 -0.409328 1.954444
v 0.000000 0.134066 4.610461
v 1.712145 -0.731390 2.756727
v 1.989480 0.547651 2.660646
v 1.586787 0.009215 2.908722
v 1.090226 0.294539 3.290571
v 0.000000 0.067179 3.848924
v 1.489408 0.381152 2.930909
v 2.249848 -0.109697 1.615573
v 2.224308 -0.943872 1.491135
v 0.900934 -0.540362 3.033207
v 0.752484 0.417758 1.700321
v 2.522113 -0.610464 1.270136
v 1.430483 0.381748 1.791863
v 1.125140 0.481047 2.463081
v 0.000000 0.414250 2.409099
v 2.542969 -0.893056 1.292506
v 1.682888 -0.745785 2.490111
v 2.474703 -0.399180 1.710330
v 1.869870 0.345595 2.151650
v 0.000000 -0.271831 3.681351
v 0.000000 -0.640729 0.725604
v 0.000000 -1.375236 1.916647
v 0.661664 -0.596986 0.974691
v 1.534131 -0.583517 1.193680
v 0.773589 -1.197581 2.012145
v 1.791754 -1.169754 1.162505
v 0.469216 -1.600116 1.012606
v 2.185017 -0.478056 1.197263
v 0.000000 -1.260146 0.643339
v -1.545768 -3.063761 -0.725017
v -0.631025 -3.063761 -1.776010
v -0.631025 3.063761 -1.776010
v -1.545768 3.063761 -0.725017
v -2.931868 -0.829275 -0.249034
v -2.140183 -2.300091 0.005994
v -0.631025 -3.063761 1.804111
v -1.545767 -3.063761 0.725017
v -1.545768 3.063761 0.725017
v -0.631025 3.063761 1.804111
v -2.140480 2.339286 -0.011117
v -3.014371 0.244445 -0.201969
v -3.110840 -0.535004 0.319083
v -1.087682 -0.127657 -2.669246
v -2.681783 -0.143466 -1.121712
v -0.927723 1.659537 -2.356360
v -1.480598 2.313778 -1.593689
v -2.278004 1.663101 -0.966203
v -1.869395 1.164868 -1.904146
v -2.414958 1.732519 0.882388
v -1.561241 2.429271 1.624207
v -1.004674 1.836018 2.740760
v -2.560177 0.958923 1.502737
v -2.351520 -1.712912 0.954760
v -2.525083 -1.316707 1.305079
v -0.924519 -1.858382 2.891654
v -1.495011 -2.362979 1.681653
v -0.940623 -1.531880 -2.381593
v -1.935394 -0.781897 -1.956847
v -2.321012 -1.531440 -0.974804
v -1.483598 -2.297821 -1.596084
v -0.980915 0.767936 3.299114
v -2.407027 0.072273 2.324408
v -2.352055 -0.965690 1.912563
v -0.924912 -0.365191 3.763290
v -1.794220 -1.187202 2.445506
v -1.929782 1.047099 2.424642
v -2.795336 -0.969638 1.191736
v -1.367711 0.410360 3.145612
v -0.530100 0.190831 3.692779
v -1.838284 0.307450 2.824702
v -1.325249 0.173636 3.152724
v -2.758117 1.158563 -0.077718
v -2.014594 0.367013 -2.020088
v -2.975050 -0.333233 0.939050
v -2.777076 -0.769852 1.528059
v -2.731879 -0.034192 1.628781
v -2.941905 0.552697 0.639903
v -2.583387 0.757747 -1.075875
v -1.048982 0.765940 -2.593548
v -0.841367 3.252248 -0.000000
v -0.841367 -3.134049 0.000000
v -2.889322 -1.225084 0.474175
v -2.232998 0.025612 2.227472
v -2.247807 -0.868801 1.950811
v -0.900934 -0.340527 3.579875
v -0.569457 0.261535 3.200154
v -1.720918 0.248126 2.752880
v -1.351764 0.130118 3.046569
v -2.642819 -0.716072 1.530348
v -2.632267 -0.910546 1.469077
v -2.566223 -0.409328 1.954444
v -1.712145 -0.731390 2.756727
v -1.989480 0.547651 2.660646
v -1.586787 0.009215 2.908722
v -1.090226 0.294539 3.290571
v -1.489407 0.381152 2.930909
v -2.249848 -0.109697 1.615573
v -2.224308 -0.943872 1.491135
v -0.900934 -0.540362 3.033207
v -0.752484 0.417758 1.700321
v -2.522113 -0.610464 1.270136
v -1.430483 0.381748 1.791863
v -1.125140 0.481047 2.463081
v -2.542968 -0.893057 1.292506
v -1.682889 -0.745785 2.490111
v -2.474703 -0.399180 1.710329
v -1.869870 0.345595 2.151651
v -0.661664 -0.596986 0.974691
v -1.534131 -0.583517 1.193680
v -0.773589 -1.197581 2.012145
v -1.791753 -1.169755 1.162505
v -0.469216 -1.600116 1.012606
v -2.185018 -0.478056 1.197263
v 1.004800 1.164867 -2.507126
v 0.795822 2.313778 -2.098357
v 1.951740 2.316967 -0.857997
v 2.471201 1.164080 -1.033193
v 2.732547 1.125715 0.790938
v 2.004242 2.387680 0.835026
v 0.842965 2.450943 2.307652
v 1.960400 -2.320948 0.874576
v 3.051606 -0.889053 0.197891
v 0.797520 -2.492621 2.371507
v 0.797434 -2.297821 -2.101511
v 1.040274 -0.781897 -2.576516
v 2.567757 -0.788570 -1.080571
v 1.956789 -2.297376 -0.856642
v 0.945836 -1.141025 3.355542
v 1.040116 1.251126 3.069909
v 2.426745 -1.151733 1.651635
v 2.868205 -0.571253 1.273903
v 0.766210 0.437201 3.509856
v 1.557168 0.307117 3.015440
v 2.451662 0.554430 1.989322
v 3.073020 -0.013915 0.471529
v 2.668396 0.351692 -1.111044
v 1.082844 0.367013 -2.659783
v 0.777775 3.193346 -0.893625
v 0.777776 3.193347 0.898309
v 0.777775 -3.112084 -0.893625
v 0.777775 -3.112084 0.898309
v 2.626622 -1.418862 0.912601
v 2.699878 -0.734678 1.565631
v 0.912923 -0.352859 3.671583
v 1.788134 0.278433 2.784684
v 1.338507 0.151877 3.099646
v 2.298860 -0.915992 1.935862
v 0.546257 0.182159 3.566650
v 2.309297 0.037814 2.324637
v 1.520697 0.253132 2.910120
v 0.614135 0.444136 2.452806
v 2.241748 -0.905863 1.724748
v 2.607430 -0.710055 1.387239
v 1.518026 0.479444 2.334342
v 0.900934 -0.453525 3.282119
v 2.210200 0.001285 1.961805
v 1.105009 -0.039199 1.339942
v 0.417287 -1.479401 1.688548
v 1.896216 -0.823569 1.083620
v 1.444223 -1.028075 1.899583
v 0.300586 -1.070548 0.719246
v 2.356670 -0.359074 1.326946
v -1.004800 1.164868 -2.507125
v -0.795821 2.313778 -2.098357
v -1.951740 2.316966 -0.857997
v -2.471201 1.164080 -1.033193
v -2.732547 1.125715 0.790938
v -2.004242 2.387680 0.835026
v -0.842965 2.450943 2.307652
v -1.960400 -2.320948 0.874576
v -3.051606 -0.889053 0.197891
v -0.797520 -2.492621 2.371507
v -0.797434 -2.297821 -2.101511
v -1.040274 -0.781897 -2.576516
v -2.567757 -0.788570 -1.080571
v -1.956789 -2.297376 -0.856642
v -0.945836 -1.141026 3.355542
v -1.040116 1.251126 3.069908
v -2.426745 -1.151733 1.651635
v -2.868205 -0.571253 1.273903
v -0.766210 0.437201 3.509856
v -1.557168 0.307117 3.015440
v -2.451662 0.554430 1.989323
v -3.073020 -0.013915 0.471529
v -2.668397 0.351692 -1.111044
v -1.082844 0.367013 -2.659783
v -0.777775 3.193346 -0.893625
v -0.777775 3.193346 0.898309
v -0.777775 -3.112085 -0.893625
v -0.777775 -3.112084 0.898309
v -2.626622 -1.418862 0.912601
v -2.699878 -0.734678 1.565631
v -0.912923 -0.352859 3.671583
v -1.788134 0.278433 2.784684
v -1.338507 0.151877 3.099647
v -2.298860 -0.915992 1.935862
v -0.546257 0.182159 3.566650
v -2.309297 0.037814 2.324637
v -1.520697 0.253132 2.910120
v -0.614135 0.444136 2.452806
v -2.241748 -0.905863 1.724748
v -2.607430 -0.710055 1.387239
v -1.518026 0.479444 2.334342
v -0.900934 -0.453525 3.282119
v -2.210200 0.001285 1.961805
v -1.105009 -0.039199 1.339942
v -0.417287 -1.479401 1.688548
v -1.896216 -0.823569 1.083620
v -1.444223 -1.028075 1.899583
v -0.300586 -1.070548 0.719246
v -2.356670 -0.359074 1.326946
vn -0.0000 0.2051 -0.9787
vn -0.0000 0.2737 -0.9618
vn 0.3859 0.2803 -0.8789
vn 0.3900 0.2102 -0.8965
vn -0.0000 0.3568 -0.9342
vn 0.3796 0.3648 -0.8502
vn 0.6601 0.3885 -0.6429
vn 0.6761 0.3009 -0.6725
vn 0.6857 0.2272 -0.6915
vn -0.0000 0.4132 -0.9106
vn 0.3800 0.4218 -0.8232
vn -0.0000 0.4293 -0.9032
vn 0.3834 0.4377 -0.8133
vn 0.6527 0.4631 -0.5996
vn 0.6523 0.4470 -0.6121
vn 0.8063 0.4812 -0.3440
vn 0.8243 0.4227 -0.3766
vn 0.8026 0.4977 -0.3288
vn 0.8433 0.5368 -0.0265
vn 0.8533 0.5193 -0.0469
vn 0.8838 0.4611 -0.0787
vn 0.8495 0.3353 -0.4073
vn 0.8640 0.2581 -0.4324
vn 0.9226 0.3700 -0.1092
vn 0.9498 0.2792 -0.1412
vn 0.9100 0.3697 0.1878
vn 0.9601 0.2387 0.1455
vn 0.8443 0.4842 0.2297
vn 0.7228 0.4789 0.4981
vn 0.8594 0.3358 0.3856
vn 0.9352 0.1685 0.3114
vn 0.7977 0.5479 0.2519
vn 0.7762 0.5700 0.2695
vn 0.6264 0.6031 0.4939
vn 0.6571 0.5719 0.4910
vn 0.5035 0.6172 0.6046
vn 0.5607 0.5124 0.6504
vn 0.4713 0.6532 0.5926
vn 0.3952 0.6911 0.6051
vn 0.4513 0.6344 0.6275
vn 0.5248 0.4883 0.6972
vn 0.8607 -0.5090 -0.0062
vn 0.8554 -0.5174 -0.0239
vn 0.7964 -0.5312 0.2889
vn 0.8030 -0.5183 0.2943
vn 0.8402 -0.5293 -0.1182
vn 0.7536 -0.5999 0.2686
vn 0.6955 -0.5238 0.4918
vn 0.6796 -0.5543 0.4805
vn 0.6652 -0.5665 0.4864
vn 0.9052 -0.2995 -0.3016
vn 0.9425 -0.3207 -0.0944
vn 0.8574 -0.5097 0.0708
vn 0.9645 -0.0359 -0.2616
vn 0.9952 -0.0941 0.0253
vn 0.9206 -0.2929 0.2581
vn 0.5577 -0.6376 0.5314
vn 0.5093 -0.6811 0.5260
vn 0.6316 -0.5101 0.5839
vn 0.6162 -0.4884 0.6179
vn 0.5243 -0.6672 0.5291
vn 0.4192 -0.7669 0.4859
vn -0.0000 -0.4253 -0.9050
vn -0.0000 -0.3983 -0.9173
vn 0.3826 -0.4068 -0.8295
vn 0.3842 -0.4337 -0.8150
vn -0.0000 -0.3228 -0.9465
vn 0.3839 -0.3302 -0.8623
vn 0.6660 -0.3550 -0.6560
vn 0.6571 -0.4324 -0.6175
vn 0.6549 -0.4585 -0.6007
vn -0.0000 -0.2132 -0.9770
vn 0.3906 -0.2185 -0.8942
vn -0.0000 -0.0660 -0.9978
vn 0.3969 -0.0677 -0.9154
vn 0.6974 -0.0708 -0.7132
vn 0.6822 -0.2358 -0.6921
vn 0.8414 -0.2698 -0.4682
vn 0.8175 -0.4112 -0.4034
vn 0.8717 -0.0623 -0.4861
vn 0.8103 -0.4726 -0.3464
vn 0.8099 -0.4883 -0.3251
vn 0.6823 -0.4390 0.5845
vn 0.6442 -0.3903 0.6578
vn 0.6645 -0.3861 0.6399
vn 0.6368 -0.3299 0.6969
vn 0.6315 -0.3116 0.7100
vn 0.6334 -0.3485 0.6909
vn 0.5485 0.3217 0.7718
vn 0.5600 0.4029 0.7239
vn 0.5326 0.2017 0.8220
vn 0.5260 0.2562 0.8110
vn 0.7160 0.3401 0.6097
vn 0.6845 0.4274 0.5905
vn 0.8727 -0.3718 0.3164
vn 0.7269 -0.4941 0.4769
vn 0.7477 -0.5455 0.3787
vn 0.8214 -0.4342 0.3698
vn 0.7150 -0.4373 0.5454
vn 0.9284 0.1153 0.3533
vn 0.9548 -0.0873 0.2843
vn 0.9638 -0.0067 0.2666
vn 0.9324 0.0875 0.3508
vn 0.9511 -0.1444 0.2729
vn 0.5103 0.1650 0.8440
vn 0.5331 0.0468 0.8448
vn 0.5138 0.1472 0.8452
vn 0.5088 0.1352 0.8502
vn 0.5084 0.1412 0.8495
vn 0.5184 0.1310 0.8450
vn 0.5525 -0.1107 0.8261
vn 0.5476 -0.1115 0.8293
vn 0.5611 -0.0905 0.8228
vn 0.5576 -0.1264 0.8205
vn 0.8598 0.2918 0.4190
vn 0.8846 0.2523 0.3923
vn 0.9697 0.1581 -0.1862
vn 0.9896 0.0985 0.1050
vn 0.6966 0.1123 -0.7087
vn 0.8767 0.1379 -0.4608
vn -0.0000 0.0996 -0.9950
vn 0.3956 0.1022 -0.9127
vn -0.0000 0.9846 -0.1749
vn -0.0000 0.9915 -0.1304
vn 0.1306 0.9848 -0.1143
vn 0.0945 0.9818 -0.1649
vn -0.0000 1.0000 -0.0005
vn 0.1487 0.9889 -0.0003
vn 0.2001 0.9798 -0.0001
vn 0.1880 0.9786 -0.0838
vn 0.1598 0.9773 -0.1391
vn 0.1360 0.9846 0.1097
vn 0.1890 0.9785 0.0831
vn -0.0000 0.9926 0.1212
vn -0.0000 0.9875 0.1575
vn 0.1080 0.9824 0.1523
vn 0.1627 0.9770 0.1379
vn 0.0608 -0.9967 -0.0529
vn 0.0715 -0.9969 -0.0317
vn 0.0495 -0.9978 -0.0432
vn 0.0357 -0.9974 -0.0625
vn 0.0759 -0.9971 -0.0000
vn 0.0563 -0.9984 -0.0001
vn -0.0000 -1.0000 -0.0002
vn -0.0000 -0.9988 -0.0492
vn -0.0000 -0.9978 -0.0661
vn -0.0000 -0.9982 0.0594
vn -0.0000 -0.9990 0.0456
vn 0.0515 -0.9978 0.0415
vn 0.0408 -0.9975 0.0577
vn 0.0719 -0.9969 0.0315
vn 0.0619 -0.9967 0.0525
vn 0.7614 -0.5995 0.2466
vn 0.1755 -0.5287 0.8304
vn 0.1066 -0.6124 0.7833
vn -0.1492 -0.7407 0.6550
vn -0.0096 -0.7221 0.6917
vn -0.2371 -0.7233 0.6485
vn -0.6724 -0.6712 0.3121
vn -0.7243 -0.6305 0.2791
vn -0.5063 -0.2340 0.8300
vn 0.4377 0.8977 -0.0512
vn 0.4787 0.8779 0.0080
vn 0.4965 0.8667 0.0486
vn 0.4332 0.8998 -0.0510
vn 0.6271 0.7403 0.2425
vn 0.6175 0.7494 0.2389
vn 0.6069 0.7592 0.2352
vn 0.5119 0.8545 0.0878
vn 0.4196 0.9063 -0.0506
vn 0.4840 -0.6804 -0.5502
vn 0.5754 -0.6913 -0.4371
vn 0.6030 -0.6588 -0.4498
vn 0.4712 -0.6608 -0.5843
vn 0.7341 -0.6618 -0.1517
vn 0.7265 -0.6437 -0.2404
vn 0.7114 -0.6178 -0.3348
vn 0.6340 -0.6237 -0.4572
vn 0.4262 -0.5926 -0.6835
vn -0.2916 -0.9084 0.2996
vn 0.6873 0.5615 0.4608
vn 0.6287 0.6873 0.3637
vn 0.6872 0.5273 0.4998
vn 0.6404 0.6184 0.4555
vn 0.5300 0.7696 0.3563
vn 0.6239 0.7069 0.3331
vn 0.3610 -0.8918 0.2728
vn 0.2696 -0.9594 0.0827
vn 0.1983 -0.9801 -0.0043
vn 0.1632 -0.9866 0.0051
vn -0.0000 -1.0000 0.0033
vn -0.0000 -0.9966 -0.0819
vn -0.0000 -0.9724 -0.2334
vn 0.0582 -0.9772 -0.2044
vn 0.0512 -0.9792 -0.1964
vn 0.1002 -0.5144 0.8517
vn -0.0652 -0.6137 0.7869
vn -0.1224 -0.6451 0.7542
vn 0.1020 -0.5524 0.8273
vn -0.2094 -0.6804 0.7023
vn -0.5748 -0.7212 0.3867
vn -0.6178 -0.0234 -0.7860
vn -0.3900 0.2102 -0.8965
vn -0.3859 0.2803 -0.8789
vn -0.6857 0.2272 -0.6915
vn -0.6761 0.3009 -0.6725
vn -0.6601 0.3885 -0.6429
vn -0.3796 0.3648 -0.8502
vn -0.3800 0.4218 -0.8232
vn -0.6523 0.4470 -0.6121
vn -0.6527 0.4631 -0.5996
vn -0.3834 0.4377 -0.8133
vn -0.8243 0.4227 -0.3766
vn -0.8063 0.4812 -0.3440
vn -0.8838 0.4611 -0.0787
vn -0.8533 0.5193 -0.0469
vn -0.8433 0.5368 -0.0265
vn -0.8026 0.4977 -0.3288
vn -0.8640 0.2581 -0.4324
vn -0.8495 0.3353 -0.4073
vn -0.9498 0.2792 -0.1412
vn -0.9226 0.3700 -0.1092
vn -0.9601 0.2387 0.1455
vn -0.9100 0.3697 0.1878
vn -0.9352 0.1685 0.3114
vn -0.8594 0.3358 0.3856
vn -0.7228 0.4789 0.4981
vn -0.8443 0.4842 0.2297
vn -0.7977 0.5479 0.2519
vn -0.6571 0.5719 0.4910
vn -0.6264 0.6031 0.4939
vn -0.7762 0.5700 0.2695
vn -0.5607 0.5124 0.6504
vn -0.5035 0.6172 0.6046
vn -0.5248 0.4883 0.6972
vn -0.4513 0.6344 0.6275
vn -0.3952 0.6911 0.6051
vn -0.4713 0.6532 0.5926
vn -0.8607 -0.5090 -0.0062
vn -0.8030 -0.5183 0.2943
vn -0.7964 -0.5312 0.2889
vn -0.8554 -0.5174 -0.0239
vn -0.6652 -0.5665 0.4864
vn -0.6796 -0.5543 0.4805
vn -0.6955 -0.5238 0.4918
vn -0.7536 -0.5999 0.2686
vn -0.8402 -0.5293 -0.1182
vn -0.8574 -0.5097 0.0708
vn -0.9425 -0.3207 -0.0944
vn -0.9052 -0.2995 -0.3016
vn -0.9206 -0.2929 0.2581
vn -0.9952 -0.0941 0.0253
vn -0.9645 -0.0359 -0.2616
vn -0.5093 -0.6811 0.5260
vn -0.5577 -0.6376 0.5314
vn -0.4192 -0.7669 0.4859
vn -0.5243 -0.6672 0.5291
vn -0.6162 -0.4884 0.6179
vn -0.6316 -0.5101 0.5839
vn -0.3842 -0.4337 -0.8150
vn -0.3826 -0.4068 -0.8295
vn -0.6549 -0.4585 -0.6007
vn -0.6571 -0.4324 -0.6175
vn -0.6660 -0.3550 -0.6560
vn -0.3839 -0.3302 -0.8623
vn -0.3906 -0.2185 -0.8942
vn -0.6822 -0.2358 -0.6921
vn -0.6974 -0.0708 -0.7132
vn -0.3969 -0.0677 -0.9154
vn -0.8175 -0.4112 -0.4034
vn -0.8414 -0.2698 -0.4682
vn -0.8717 -0.0623 -0.4861
vn -0.8099 -0.4883 -0.3251
vn -0.8103 -0.4726 -0.3464
vn -0.6442 -0.3903 0.6578
vn -0.6823 -0.4390 0.5845
vn -0.6334 -0.3485 0.6909
vn -0.6315 -0.3116 0.7100
vn -0.6368 -0.3299 0.6969
vn -0.6645 -0.3861 0.6399
vn -0.5600 0.4029 0.7239
vn -0.5485 0.3217 0.7718
vn -0.6845 0.4274 0.5905
vn -0.7160 0.3401 0.6097
vn -0.5260 0.2562 0.8110
vn -0.5326 0.2017 0.8220
vn -0.7477 -0.5455 0.3787
vn -0.7269 -0.4941 0.4769
vn -0.8727 -0.3718 0.3164
vn -0.7150 -0.4373 0.5454
vn -0.8214 -0.4342 0.3698
vn -0.9638 -0.0067 0.2666
vn -0.9548 -0.0873 0.2843
vn -0.9284 0.1153 0.3533
vn -0.9511 -0.1444 0.2729
vn -0.9324 0.0875 0.3508
vn -0.5331 0.0468 0.8448
vn -0.5103 0.1650 0.8440
vn -0.5184 0.1310 0.8450
vn -0.5084 0.1412 0.8495
vn -0.5088 0.1352 0.8502
vn -0.5138 0.1472 0.8452
vn -0.5476 -0.1115 0.8293
vn -0.5525 -0.1107 0.8261
vn -0.5576 -0.1264 0.8205
vn -0.5611 -0.0905 0.8228
vn -0.8598 0.2918 0.4190
vn -0.8846 0.2523 0.3923
vn -0.9896 0.0985 0.1050
vn -0.9697 0.1581 -0.1862
vn -0.8767 0.1379 -0.4608
vn -0.6966 0.1123 -0.7087
vn -0.3956 0.1022 -0.9127
vn -0.0945 0.9818 -0.1649
vn -0.1306 0.9848 -0.1143
vn -0.1598 0.9773 -0.1391
vn -0.1880 0.9786 -0.0838
vn -0.2001 0.9798 -0.0001
vn -0.1487 0.9889 -0.0003
vn -0.1890 0.9785 0.0831
vn -0.1360 0.9846 0.1097
vn -0.1627 0.9770 0.1379
vn -0.1080 0.9824 0.1523
vn -0.0608 -0.9967 -0.0529
vn -0.0357 -0.9974 -0.0625
vn -0.0495 -0.9978 -0.0432
vn -0.0715 -0.9969 -0.0317
vn -0.0563 -0.9984 -0.0001
vn -0.0759 -0.9971 -0.0000
vn -0.0408 -0.9975 0.0577
vn -0.0515 -0.9978 0.0415
vn -0.0619 -0.9967 0.0525
vn -0.0719 -0.9969 0.0315
vn -0.7614 -0.5995 0.2466
vn -0.1755 -0.5287 0.8304
vn 0.1492 -0.7407 0.6550
vn -0.1066 -0.6124 0.7833
vn 0.5063 -0.2340 0.8300
vn 0.7243 -0.6305 0.2791
vn 0.6724 -0.6712 0.3121
vn 0.2371 -0.7233 0.6485
vn 0.0096 -0.7221 0.6917
vn -0.4377 0.8977 -0.0512
vn -0.4332 0.8998 -0.0510
vn -0.4965 0.8667 0.0486
vn -0.4787 0.8779 0.0080
vn -0.4196 0.9063 -0.0506
vn -0.5119 0.8545 0.0878
vn -0.6069 0.7592 0.2352
vn -0.6175 0.7494 0.2389
vn -0.6271 0.7403 0.2425
vn -0.4840 -0.6804 -0.5502
vn -0.4712 -0.6608 -0.5843
vn -0.6030 -0.6588 -0.4498
vn -0.5754 -0.6913 -0.4371
vn -0.4262 -0.5926 -0.6835
vn -0.6340 -0.6237 -0.4572
vn -0.7114 -0.6178 -0.3348
vn -0.7265 -0.6437 -0.2404
vn -0.7341 -0.6618 -0.1517
vn 0.2916 -0.9084 0.2996
vn -0.6287 0.6873 0.3637
vn -0.6873 0.5615 0.4608
vn -0.6239 0.7069 0.3331
vn -0.5300 0.7696 0.3563
vn -0.6404 0.6184 0.4555
vn -0.6872 0.5272 0.4998
vn -0.3610 -0.8918 0.2728
vn -0.1632 -0.9866 0.0051
vn -0.1983 -0.9801 -0.0043
vn -0.2696 -0.9594 0.0827
vn -0.0512 -0.9792 -0.1964
vn -0.0582 -0.9772 -0.2044
vn -0.1002 -0.5144 0.8517
vn -0.1020 -0.5524 0.8273
vn 0.1224 -0.6451 0.7542
vn 0.0652 -0.6137 0.7869
vn 0.5748 -0.7212 0.3867
vn 0.2094 -0.6804 0.7023
vn 0.6178 -0.0234 -0.7860
vn 0.0926 -0.9923 -0.0826
vn 0.0229 -0.9932 -0.1141
vn -0.0000 -0.9994 -0.0354
vn -0.0000 -0.9900 0.1411
vn 0.1368 -0.9862 0.0928
vn -0.0024 -0.9989 0.0464
vn 0.0729 0.9591 -0.2735
vn -0.0046 0.9848 -0.1735
vn -0.0721 0.9879 -0.1372
vn 0.0473 0.9708 -0.2350
vn -0.1528 0.9827 -0.1047
vn -0.1633 0.9856 -0.0443
vn -0.2437 0.9627 -0.1172
vn -0.2144 0.9651 -0.1507
vn -0.0950 0.9447 -0.3140
vn -0.9458 0.2402 0.2183
vn -0.9035 0.1346 0.4069
vn -0.8605 0.0724 0.5043
vn -0.8213 -0.5562 0.1269
vn -0.8528 -0.5015 0.1455
vn -0.8097 -0.5584 0.1804
vn -0.8354 -0.5196 0.1792
vn -0.7862 -0.0091 0.6180
vn 0.0121 -0.9986 0.0515
vn 0.0205 -0.9879 -0.1535
vn -0.1022 -0.9930 0.0592
vn -0.4395 -0.8665 0.2366
vn -0.2669 -0.9358 0.2301
vn -0.2971 -0.7230 0.6237
vn -0.0000 0.9068 -0.4216
vn 0.0357 0.9187 -0.3934
vn 0.0473 0.9397 -0.3386
vn -0.0000 0.9156 -0.4022
vn -0.0522 0.9159 -0.3981
vn -0.0000 0.9020 -0.4317
vn -0.6814 -0.7038 0.2009
vn -0.6712 -0.7189 0.1805
vn -0.5871 -0.7199 0.3703
vn -0.1286 -0.7386 0.6617
vn -0.1498 -0.6551 0.7405
vn -0.1887 -0.5145 0.8365
vn -0.1610 -0.6512 0.7416
vn -0.2108 -0.5235 0.8256
vn -0.2821 -0.2845 0.9163
vn -0.2419 -0.0192 0.9701
vn -0.0787 -0.3036 0.9495
vn -0.0000 0.9691 -0.2465
vn -0.0000 0.8879 -0.4601
vn -0.1846 0.9224 -0.3393
vn -0.1989 0.9482 -0.2476
vn -0.2112 0.8739 -0.4378
vn -0.3084 0.9178 -0.2501
vn 0.0156 -0.1588 0.9872
vn -0.1407 -0.4363 0.8887
vn 0.0191 -0.0311 0.9993
vn -0.1550 -0.1596 0.9749
vn -0.2314 0.9023 -0.3638
vn -0.2872 0.9290 -0.2334
vn -0.2998 -0.3736 0.8778
vn -0.3103 -0.2723 0.9108
vn -0.3190 -0.1248 0.9395
vn -0.3446 0.3001 0.8895
vn -0.0000 0.5439 0.8392
vn -0.3396 0.3152 0.8862
vn -0.7550 -0.5972 0.2707
vn -0.2983 -0.5818 0.7567
vn -0.3357 -0.3802 0.8618
vn -0.0229 -0.9932 -0.1141
vn -0.0926 -0.9923 -0.0826
vn 0.0024 -0.9989 0.0464
vn -0.1368 -0.9862 0.0928
vn -0.0729 0.9591 -0.2735
vn -0.0473 0.9708 -0.2350
vn 0.0721 0.9879 -0.1372
vn 0.0046 0.9848 -0.1735
vn 0.0950 0.9447 -0.3140
vn 0.2144 0.9651 -0.1507
vn 0.2437 0.9627 -0.1172
vn 0.1633 0.9856 -0.0443
vn 0.1528 0.9827 -0.1047
vn 0.9458 0.2402 0.2183
vn 0.8605 0.0724 0.5043
vn 0.9035 0.1346 0.4069
vn 0.7862 -0.0091 0.6180
vn 0.8528 -0.5015 0.1455
vn 0.8354 -0.5196 0.1792
vn 0.8097 -0.5584 0.1804
vn 0.8213 -0.5562 0.1269
vn -0.0121 -0.9986 0.0515
vn 0.4395 -0.8665 0.2366
vn 0.1022 -0.9930 0.0592
vn -0.0205 -0.9879 -0.1535
vn 0.2971 -0.7230 0.6237
vn 0.2669 -0.9358 0.2301
vn -0.0473 0.9397 -0.3386
vn -0.0357 0.9187 -0.3934
vn 0.0522 0.9159 -0.3981
vn 0.6814 -0.7038 0.2009
vn 0.5871 -0.7199 0.3703
vn 0.6712 -0.7189 0.1805
vn 0.1286 -0.7386 0.6617
vn 0.1610 -0.6512 0.7416
vn 0.1887 -0.5145 0.8365
vn 0.1498 -0.6551 0.7405
vn 0.0787 -0.3036 0.9495
vn 0.2419 -0.0192 0.9701
vn 0.2821 -0.2845 0.9163
vn 0.2108 -0.5235 0.8256
vn 0.1989 0.9482 -0.2476
vn 0.1846 0.9224 -0.3393
vn 0.3084 0.9178 -0.2501
vn 0.2112 0.8739 -0.4378
vn 0.1407 -0.4363 0.8887
vn -0.0156 -0.1588 0.9872
vn 0.1550 -0.1596 0.9749
vn -0.0191 -0.0311 0.9993
vn 0.2872 0.9290 -0.2334
vn 0.2314 0.9023 -0.3638
vn 0.3103 -0.2723 0.9108
vn 0.2998 -0.3736 0.8778
vn 0.3396 0.3152 0.8862
vn 0.3446 0.3001 0.8895
vn 0.3190 -0.1248 0.9395
vn 0.7550 -0.5972 0.2707
vn 0.2983 -0.5818 0.7567
vn 0.3357 -0.3802 0.8618
vt 0.286169 0.484476
vt 0.269897 0.477016
vt 0.279933 0.436757
vt 0.294798 0.441099
vt 0.253625 0.469556
vt 0.261956 0.430184
vt 0.270760 0.394828
vt 0.287825 0.397661
vt 0.301172 0.399306
vt 0.225572 0.448871
vt 0.237764 0.419491
vt 0.197519 0.428187
vt 0.210288 0.406866
vt 0.220160 0.384728
vt 0.247364 0.390282
vt 0.251551 0.361052
vt 0.274626 0.360731
vt 0.224666 0.361347
vt 0.223060 0.337849
vt 0.249052 0.332898
vt 0.272100 0.328898
vt 0.291368 0.360364
vt 0.304400 0.359959
vt 0.274626 0.360730
vt 0.290278 0.326539
vt 0.305739 0.325471
vt 0.285713 0.297434
vt 0.307098 0.297748
vt 0.263018 0.299775
vt 0.248635 0.266389
vt 0.283367 0.271773
vt 0.310672 0.275329
vt 0.239332 0.306780
vt 0.215206 0.315759
vt 0.201714 0.296638
vt 0.222681 0.281928
vt 0.199219 0.258050
vt 0.214458 0.235588
vt 0.183650 0.281420
vt 0.163164 0.268473
vt 0.172980 0.234266
vt 0.182796 0.200059
vt 0.461693 0.345338
vt 0.427869 0.331098
vt 0.448395 0.296873
vt 0.478978 0.319763
vt 0.391906 0.318223
vt 0.420175 0.280538
vt 0.451550 0.236617
vt 0.480645 0.266729
vt 0.503894 0.299779
vt 0.360048 0.326118
vt 0.362640 0.307613
vt 0.380413 0.295985
vt 0.338806 0.325870
vt 0.348852 0.303119
vt 0.369347 0.281888
vt 0.348853 0.303119
vt 0.527159 0.244620
vt 0.535018 0.287028
vt 0.517623 0.200136
vt 0.592709 0.177809
vt 0.581070 0.228143
vt 0.569431 0.278477
vt 0.465927 0.460501
vt 0.428399 0.474323
vt 0.421810 0.438477
vt 0.457056 0.432127
vt 0.390871 0.488145
vt 0.387659 0.443668
vt 0.385339 0.402302
vt 0.417752 0.402774
vt 0.451658 0.403273
vt 0.356207 0.491872
vt 0.356062 0.446157
vt 0.321542 0.495598
vt 0.329309 0.446510
vt 0.332057 0.401291
vt 0.356049 0.401855
vt 0.357273 0.360145
vt 0.386204 0.361636
vt 0.334269 0.359593
vt 0.418826 0.366899
vt 0.452769 0.373851
vt 0.450407 0.196955
vt 0.505640 0.149947
vt 0.445689 0.164759
vt 0.492170 0.098099
vt 0.542597 0.025089
vt 0.567653 0.101449
vt 0.195265 0.185882
vt 0.227404 0.215645
vt 0.207733 0.171705
vt 0.236566 0.198819
vt 0.273389 0.223564
vt 0.259705 0.238748
vt 0.373487 0.262008
vt 0.407378 0.236986
vt 0.405690 0.257941
vt 0.375037 0.248222
vt 0.406436 0.218043
vt 0.317980 0.256045
vt 0.344757 0.264244
vt 0.337845 0.280504
vt 0.327576 0.238192
vt 0.350440 0.249968
vt 0.238431 0.184119
vt 0.256405 0.200708
vt 0.216213 0.161859
vt 0.224692 0.152013
vt 0.238299 0.171636
vt 0.251905 0.191259
vt 0.262710 0.205048
vt 0.269262 0.212865
vt 0.258760 0.197299
vt 0.265615 0.203339
vt 0.290045 0.249221
vt 0.301105 0.229839
vt 0.321358 0.325222
vt 0.328608 0.299837
vt 0.314668 0.400461
vt 0.317543 0.359591
vt 0.303856 0.490037
vt 0.310094 0.444443
vt 0.180602 0.389470
vt 0.203027 0.375420
vt 0.163685 0.350753
vt 0.195686 0.343965
vt 0.189681 0.312526
vt 0.163424 0.309613
vt 0.474653 0.397107
vt 0.493601 0.361477
vt 0.528520 0.380742
vt 0.497224 0.420622
vt 0.548975 0.329610
vt 0.513643 0.324297
vt 0.400971 0.277361
vt 0.349977 0.245394
vt 0.374018 0.244424
vt 0.327611 0.233659
vt 0.329035 0.227755
vt 0.349307 0.242313
vt 0.369578 0.256872
vt 0.485921 0.098166
vt 0.533260 0.026993
vt 0.441888 0.163261
vt 0.434756 0.169023
vt 0.479339 0.098960
vt 0.523923 0.028897
vt 0.271519 0.209021
vt 0.276106 0.215792
vt 0.266933 0.202250
vt 0.268252 0.201161
vt 0.273537 0.204590
vt 0.278822 0.208019
vt 0.261884 0.196270
vt 0.256835 0.190290
vt 0.261764 0.189322
vt 0.265008 0.195241
vt 0.404639 0.214320
vt 0.402167 0.212947
vt 0.242773 0.171013
vt 0.228711 0.151737
vt 0.232729 0.151460
vt 0.247247 0.170391
vt 0.302682 0.223640
vt 0.303929 0.217887
vt 0.269613 0.199501
vt 0.270293 0.198670
vt 0.310673 0.275329
vt 0.362639 0.307613
vt 0.421810 0.438476
vt 0.418827 0.366899
vt 0.718519 0.258517
vt 0.710868 0.266562
vt 0.703922 0.249965
vt 0.713107 0.245330
vt 0.703218 0.274606
vt 0.692663 0.254583
vt 0.682109 0.234559
vt 0.699597 0.233175
vt 0.708866 0.235168
vt 0.727200 0.102908
vt 0.739864 0.139384
vt 0.734736 0.143115
vt 0.719658 0.109626
vt 0.752529 0.175860
vt 0.742464 0.171381
vt 0.732704 0.175012
vt 0.730174 0.147791
vt 0.717521 0.117400
vt 0.749787 0.194613
vt 0.744747 0.191415
vt 0.747045 0.213366
vt 0.742244 0.206710
vt 0.739128 0.203253
vt 0.739321 0.192791
vt 0.730563 0.243314
vt 0.724541 0.250915
vt 0.719926 0.239116
vt 0.726924 0.230830
vt 0.713023 0.227207
vt 0.721532 0.215531
vt 0.662955 0.022357
vt 0.695077 0.062633
vt 0.694927 0.072776
vt 0.665413 0.034347
vt 0.695318 0.083025
vt 0.667872 0.046337
vt 0.738804 0.228340
vt 0.735415 0.219814
vt 0.733302 0.210357
vt 0.701436 0.215068
vt 0.687379 0.203279
vt 0.692387 0.169681
vt 0.707781 0.198403
vt 0.657166 0.170009
vt 0.662519 0.108173
vt 0.672591 0.129295
vt 0.673663 0.164127
vt 0.684286 0.119154
vt 0.716236 0.188101
vt 0.726855 0.196044
vt 0.712517 0.165415
vt 0.705565 0.128116
vt 0.675244 0.220240
vt 0.674590 0.194447
vt 0.668380 0.205921
vt 0.662773 0.187965
vt 0.733939 0.200046
s 1
usemtl マテリアル.007
f 356/81/278 468/82/279 606/83/280 476/84/281
f 468/82/279 340/85/282 438/86/283 606/83/280
f 606/83/280 438/86/283 344/87/284 441/88/285
f 476/84/281 606/83/280 441/88/285 358/89/286
f 340/85/282 431/90/287 607/91/288 438/86/283
f 431/90/287 329/92/289 422/93/290 607/91/288
f 607/91/288 422/93/290 335/94/291 439/95/292
f 438/86/283 607/91/288 439/95/292 344/87/284
f 344/87/284 439/95/292 608/96/293 440/97/294
f 439/95/292 335/94/291 423/98/295 608/96/293
f 608/96/293 423/98/295 327/99/296 433/100/297
f 440/97/294 608/96/293 433/100/297 341/101/298
f 358/89/286 441/88/285 609/102/299 475/103/300
f 441/88/285 344/87/284 440/104/294 609/102/299
f 609/102/299 440/104/294 341/101/298 469/105/301
f 475/103/300 609/102/299 469/105/301 357/106/302
f 357/106/302 469/105/301 610/107/303 474/108/304
f 469/105/301 341/101/298 442/109/305 610/107/303
f 610/107/303 442/109/305 345/110/306 445/111/307
f 474/108/304 610/107/303 445/111/307 359/112/308
f 341/101/298 433/100/297 611/113/309 442/109/305
f 433/100/297 327/99/296 428/114/310 611/113/309
f 611/113/309 428/114/310 338/115/311 443/116/312
f 442/109/305 611/113/309 443/116/312 345/110/306
f 345/110/306 443/116/312 612/117/313 444/118/314
f 443/116/312 338/115/311 429/119/315 612/117/313
f 612/117/313 429/119/315 325/120/316 417/121/317
f 444/118/314 612/117/313 417/121/317 332/122/318
f 326/123/319 425/124/320 613/125/321 427/126/322
f 425/124/320 336/127/323 446/128/324 613/125/321
f 613/125/321 446/128/324 346/129/325 449/130/326
f 427/126/322 613/125/321 449/130/326 337/131/327
f 336/127/323 424/132/328 614/133/329 483/134/330
f 331/135/331 435/136/332 614/133/329 424/132/328
f 342/137/333 483/134/330 614/133/329 435/138/332
f 337/131/327 449/130/326 615/139/334 426/140/335
f 449/130/326 346/129/325 448/141/336 615/139/334
f 615/139/334 448/141/336 339/142/337 430/143/338
f 426/140/335 615/139/334 430/143/338 324/144/339
f 328/145/340 419/146/341 616/147/342 421/148/343
f 419/146/341 333/149/344 450/150/345 616/147/342
f 616/147/342 450/150/345 347/151/346 453/152/347
f 421/148/343 616/147/342 453/152/347 334/153/348
f 333/149/344 418/154/349 617/155/350 450/150/345
f 418/154/349 330/156/351 436/157/352 617/155/350
f 617/155/350 436/157/352 343/158/353 451/159/354
f 450/150/345 617/155/350 451/159/354 347/151/346
f 347/151/346 451/159/354 618/160/355 452/161/356
f 451/159/354 343/158/353 437/162/357 618/160/355
f 618/160/355 437/162/357 331/135/331 424/132/328
f 452/161/356 618/160/355 424/132/328 336/127/323
f 334/153/348 453/152/347 619/163/358 420/164/359
f 453/152/347 347/151/346 452/161/356 619/163/358
f 619/163/358 452/161/356 336/127/323 425/124/320
f 420/164/359 619/163/358 425/124/320 326/123/319
f 346/129/325 459/165/360 620/166/361 448/141/336
f 459/165/360 352/167/362 457/168/363 620/166/361
f 620/166/361 457/168/363 349/169/364 458/170/365
f 448/141/336 620/166/361 458/170/365 339/142/337
f 332/122/318 461/171/366 621/172/367 444/118/314
f 461/171/366 348/173/368 454/174/369 621/172/367
f 621/172/367 454/174/369 351/175/370 460/176/371
f 444/118/314 621/172/367 460/176/371 345/110/306
f 342/137/333 462/177/372 622/178/373 447/179/374
f 462/177/372 350/180/375 456/181/376 622/178/373
f 622/178/373 456/181/376 352/167/362 459/165/360
f 447/179/374 622/178/373 459/165/360 346/129/325
f 359/112/308 473/182/377 623/183/378 471/184/379
f 473/182/377 360/185/380 472/186/381 623/183/378
f 623/183/378 472/186/381 350/180/375 462/177/372
f 471/184/379 623/183/378 462/177/372 342/137/333
f 351/175/370 454/174/369 624/187/382 464/188/383
f 454/174/369 348/173/368 463/189/384 624/187/382
f 624/187/382 463/189/384 353/190/385 465/191/386
f 464/188/383 624/187/382 465/191/386 354/192/387
f 351/175/370 464/188/383 625/193/388 466/194/389
f 354/192/387 467/195/390 625/193/388 464/188/383
f 355/196/391 466/194/389 625/193/388 467/195/390
f 345/110/306 460/176/371 626/197/392 445/111/307
f 460/176/371 351/175/370 455/198/393 626/197/392
f 626/197/392 455/198/393 360/185/380 473/182/377
f 445/111/307 626/197/392 473/182/377 359/112/308
f 331/135/331 434/199/394 627/200/395 435/138/332
f 434/199/394 357/106/302 474/108/304 627/200/395
f 627/200/395 474/108/304 359/112/308 471/184/379
f 435/138/332 627/200/395 471/184/379 342/137/333
f 343/158/353 470/201/396 628/202/397 437/162/357
f 470/201/396 358/89/286 475/103/300 628/202/397
f 628/202/397 475/103/300 357/106/302 434/199/394
f 437/162/357 628/202/397 434/199/394 331/135/331
f 330/156/351 432/203/398 629/204/399 436/157/352
f 432/203/398 356/81/278 476/84/281 629/204/399
f 629/204/399 476/84/281 358/89/286 470/201/396
f 436/157/352 629/204/399 470/201/396 343/158/353
f 329/92/400 477/205/401 630/206/402 422/93/403
f 477/205/401 361/207/404 479/208/405 630/206/402
f 630/206/402 479/208/405 327/99/406 423/98/407
f 422/93/403 630/206/402 423/98/407 335/94/408
f 327/99/406 479/208/405 631/209/409 428/114/410
f 479/208/405 361/207/404 478/210/411 631/209/409
f 631/209/409 478/210/411 325/120/412 429/119/413
f 428/114/410 631/209/409 429/119/413 338/115/414
f 334/153/415 420/164/416 632/211/417 421/148/418
f 420/164/416 326/123/419 482/212/420 632/211/417
f 632/211/417 482/212/420 362/213/421 480/214/422
f 421/148/418 632/211/417 480/214/422 328/145/423
f 324/144/424 481/215/425 633/216/426 426/140/427
f 481/215/425 362/213/421 482/212/420 633/216/426
f 633/216/426 482/212/420 326/123/419 427/126/428
f 426/140/427 633/216/426 427/126/428 337/131/429
f 346/129/325 446/128/324 634/217/430 447/179/374
f 336/127/323 483/134/330 634/217/430 446/128/324
f 342/137/333 447/179/374 634/217/430 483/134/330
f 350/180/431 472/186/432 635/218/433 491/219/431
f 472/186/432 360/185/434 492/220/435 635/218/433
f 635/218/433 492/220/435 370/221/436 490/222/437
f 491/219/438 635/218/438 490/222/438 364/223/438
f 349/169/439 457/168/440 636/224/441 493/225/442
f 457/168/440 352/167/443 494/226/444 636/224/441
f 636/224/441 494/226/444 366/227/445 486/228/446
f 493/225/442 636/224/441 486/228/446 363/229/447
f 351/175/448 466/194/449 637/230/450 495/231/451
f 466/194/449 355/196/452 496/232/453 637/230/450
f 637/230/450 496/232/453 369/233/454 488/234/455
f 495/231/451 637/230/450 488/234/455 365/235/456
f 355/196/457 467/195/457 638/236/457 496/232/457
f 467/195/457 354/192/457 497/237/457 638/236/457
f 638/236/457 497/237/457 368/238/457 489/239/457
f 496/232/457 638/236/457 489/239/457 369/233/457
f 352/167/443 456/181/458 639/240/459 494/226/444
f 456/181/458 350/180/460 491/219/461 639/240/459
f 639/240/459 491/219/461 364/223/462 485/241/463
f 494/226/444 639/240/459 485/241/463 366/227/445
f 354/192/464 465/191/465 640/242/466 497/237/467
f 465/191/465 353/190/468 498/243/469 640/242/466
f 640/242/466 498/243/469 367/244/470 487/245/471
f 497/237/467 640/242/466 487/245/471 368/238/472
f 351/175/473 495/231/474 641/246/475 455/198/476
f 495/231/474 365/235/477 484/247/478 641/246/475
f 641/246/475 484/247/478 370/221/436 492/220/435
f 455/198/476 641/246/475 492/220/435 360/185/434
f 369/233/479 489/239/479 642/248/479 488/234/479
f 368/238/479 499/249/479 642/248/479 489/239/479
f 365/235/479 488/234/479 642/248/479 499/249/479
f 356/81/278 571/84/480 655/83/481 468/82/279
f 571/84/480 402/89/482 540/88/483 655/83/481
f 655/83/481 540/88/483 392/87/484 537/86/485
f 468/82/279 655/83/481 537/86/485 340/85/282
f 340/85/282 537/86/485 656/91/486 431/90/287
f 537/86/485 392/87/484 538/95/487 656/91/486
f 656/91/486 538/95/487 385/94/488 524/93/489
f 431/90/287 656/91/486 524/93/489 329/92/289
f 392/87/484 539/97/490 657/96/491 538/95/487
f 539/97/490 389/101/492 532/100/493 657/96/491
f 657/96/491 532/100/493 382/99/494 525/98/495
f 538/95/487 657/96/491 525/98/495 385/94/488
f 402/89/482 570/103/496 658/102/497 540/88/483
f 570/103/496 401/106/498 564/105/499 658/102/497
f 658/102/497 564/105/499 389/101/492 539/104/490
f 540/88/483 658/102/497 539/104/490 392/87/484
f 401/106/498 569/108/500 659/107/501 564/105/499
f 569/108/500 403/250/502 544/111/503 659/107/501
f 659/107/501 544/111/503 393/110/504 541/109/505
f 564/105/499 659/107/501 541/109/505 389/101/492
f 389/101/492 541/109/505 660/113/506 532/100/493
f 541/109/505 393/110/504 542/116/507 660/113/506
f 660/113/506 542/116/507 388/115/508 530/114/509
f 532/100/493 660/113/506 530/114/509 382/99/494
f 393/110/504 543/118/510 661/117/511 542/116/507
f 543/118/510 332/122/512 417/121/513 661/117/511
f 661/117/511 417/121/513 325/120/514 531/119/515
f 542/116/507 661/117/511 531/119/515 388/115/508
f 381/123/516 529/126/517 662/125/518 527/124/519
f 529/126/517 387/131/520 548/130/521 662/125/518
f 662/125/518 548/130/521 394/129/522 545/128/523
f 527/124/519 662/125/518 545/128/523 386/127/524
f 386/127/524 574/134/525 663/251/526 526/132/527
f 390/137/528 534/136/529 663/251/526 574/134/525
f 383/135/530 526/132/527 663/251/526 534/138/529
f 387/131/520 528/140/531 664/139/532 548/130/521
f 528/140/531 324/144/533 430/143/534 664/139/532
f 664/139/532 430/143/534 339/142/535 547/141/536
f 548/130/521 664/139/532 547/141/536 394/129/522
f 328/145/340 523/148/537 665/252/538 419/146/341
f 523/148/537 384/153/539 552/152/540 665/252/538
f 665/252/538 552/152/540 395/151/541 549/150/542
f 419/146/341 665/252/538 549/150/542 333/149/344
f 333/149/344 549/150/542 666/155/543 418/154/349
f 549/150/542 395/151/541 550/159/544 666/155/543
f 666/155/543 550/159/544 391/158/545 535/157/546
f 418/154/349 666/155/543 535/157/546 330/156/351
f 395/151/541 551/161/547 667/160/548 550/159/544
f 551/161/547 386/127/524 526/132/527 667/160/548
f 667/160/548 526/132/527 383/135/530 536/162/549
f 550/159/544 667/160/548 536/162/549 391/158/545
f 384/153/539 522/164/550 668/253/551 552/152/540
f 522/164/550 381/123/516 527/124/519 668/253/551
f 668/253/551 527/124/519 386/127/524 551/161/547
f 552/152/540 668/253/551 551/161/547 395/151/541
f 394/129/522 547/141/536 669/166/552 557/165/553
f 547/141/536 339/142/535 458/170/554 669/166/552
f 669/166/552 458/170/554 349/169/555 556/168/556
f 557/165/553 669/166/552 556/168/556 398/167/557
f 332/122/512 543/118/510 670/172/558 461/171/559
f 543/118/510 393/110/504 558/176/560 670/172/558
f 670/172/558 558/176/560 397/175/561 553/174/562
f 461/171/559 670/172/558 553/174/562 348/173/563
f 390/137/528 546/179/564 671/178/565 559/177/566
f 546/179/564 394/129/522 557/165/553 671/178/565
f 671/178/565 557/165/553 398/167/557 555/181/567
f 559/177/566 671/178/565 555/181/567 396/180/568
f 403/250/502 566/184/569 672/183/570 568/182/571
f 566/184/569 390/137/528 559/177/566 672/183/570
f 672/183/570 559/177/566 396/180/568 567/186/572
f 568/182/571 672/183/570 567/186/572 404/185/573
f 397/175/561 560/188/574 673/187/575 553/174/562
f 560/188/574 399/192/576 561/191/577 673/187/575
f 673/187/575 561/191/577 353/190/578 463/189/579
f 553/174/562 673/187/575 463/189/579 348/173/563
f 397/175/561 562/194/580 674/193/581 560/188/574
f 400/196/582 563/195/583 674/193/581 562/194/580
f 399/192/576 560/188/574 674/193/581 563/195/583
f 393/110/504 544/111/503 675/197/584 558/176/560
f 544/111/503 403/250/502 568/182/571 675/197/584
f 675/197/584 568/182/571 404/185/573 554/198/585
f 558/176/560 675/197/584 554/198/585 397/175/561
f 383/135/530 534/136/529 676/200/586 533/199/587
f 534/136/529 390/137/528 566/184/569 676/200/586
f 676/200/586 566/184/569 403/250/502 569/108/500
f 533/199/587 676/200/586 569/108/500 401/106/498
f 391/158/545 536/162/549 677/202/588 565/201/589
f 536/162/549 383/135/530 533/199/587 677/202/588
f 677/202/588 533/199/587 401/106/498 570/103/496
f 565/201/589 677/202/588 570/103/496 402/89/482
f 330/156/351 535/157/546 678/204/590 432/203/398
f 535/157/546 391/158/545 565/201/589 678/204/590
f 678/204/590 565/201/589 402/89/482 571/84/480
f 432/203/398 678/204/590 571/84/480 356/81/278
f 329/92/400 524/93/591 679/206/592 477/205/401
f 524/93/591 385/94/593 525/98/594 679/206/592
f 679/206/592 525/98/594 382/99/595 572/208/596
f 477/205/401 679/206/592 572/208/596 361/207/404
f 382/99/595 530/114/597 680/209/598 572/208/596
f 530/114/597 388/115/599 531/119/600 680/209/598
f 680/209/598 531/119/600 325/120/412 478/210/411
f 572/208/596 680/209/598 478/210/411 361/207/404
f 384/153/601 523/148/602 681/211/603 522/164/604
f 523/148/602 328/145/423 480/214/422 681/211/603
f 681/211/603 480/214/422 362/213/421 573/212/605
f 522/164/604 681/211/603 573/212/605 381/123/606
f 324/144/424 528/140/607 682/216/608 481/215/425
f 528/140/607 387/131/609 529/126/610 682/216/608
f 682/216/608 529/126/610 381/123/606 573/212/605
f 481/215/425 682/216/608 573/212/605 362/213/421
f 394/129/522 546/179/564 683/217/611 545/128/523
f 390/137/528 574/134/525 683/217/611 546/179/564
f 386/127/524 545/128/523 683/217/611 574/134/525
f 396/180/612 582/219/612 684/218/613 567/186/614
f 582/219/615 405/223/615 581/222/615 684/218/615
f 684/218/613 581/222/616 410/221/617 583/220/618
f 567/186/614 684/218/613 583/220/618 404/185/619
f 349/169/620 493/225/621 685/224/622 556/168/623
f 493/225/621 363/229/624 577/228/625 685/224/622
f 685/224/622 577/228/625 407/227/626 584/226/627
f 556/168/623 685/224/622 584/226/627 398/167/628
f 397/175/629 585/231/630 686/230/631 562/194/632
f 585/231/630 406/235/633 579/234/634 686/230/631
f 686/230/631 579/234/634 409/233/635 586/232/636
f 562/194/632 686/230/631 586/232/636 400/196/637
f 400/196/638 586/232/638 687/236/638 563/195/638
f 586/232/638 409/233/638 580/239/638 687/236/638
f 687/236/638 580/239/638 408/238/638 587/237/638
f 563/195/638 687/236/638 587/237/638 399/192/638
f 398/167/628 584/226/627 688/240/639 555/181/640
f 584/226/627 407/227/626 576/241/641 688/240/639
f 688/240/639 576/241/641 405/223/642 582/219/643
f 555/181/640 688/240/639 582/219/643 396/180/644
f 399/192/645 587/237/646 689/242/647 561/191/648
f 587/237/646 408/238/649 578/245/650 689/242/647
f 689/242/647 578/245/650 367/244/470 498/243/469
f 561/191/648 689/242/647 498/243/469 353/190/468
f 397/175/651 554/198/652 690/246/653 585/231/654
f 554/198/652 404/185/619 583/220/618 690/246/653
f 690/246/653 583/220/618 410/221/617 575/247/655
f 585/231/654 690/246/653 575/247/655 406/235/656
f 409/233/657 579/234/657 691/248/657 580/239/657
f 406/235/657 588/249/657 691/248/657 579/234/657
f 408/238/657 580/239/657 691/248/657 588/249/657
usemtl マテリアル.008
f 368/254/472 487/255/471 643/256/658 506/257/659
f 487/255/471 367/258/470 507/259/660 643/256/658
f 643/256/658 507/259/660 375/260/661 503/261/662
f 506/257/659 643/256/658 503/261/662 376/262/663
f 366/263/664 485/264/665 644/265/666 509/266/667
f 485/264/665 364/267/668 508/268/669 644/265/666
f 644/265/666 508/268/669 372/269/670 501/270/671
f 509/266/667 644/265/666 501/270/671 374/271/672
f 364/267/673 490/272/673 645/273/674 508/268/675
f 490/272/437 370/274/436 510/275/676 645/273/677
f 645/273/677 510/275/676 377/276/678 504/277/679
f 508/268/675 645/273/674 504/277/680 372/269/680
f 365/278/681 499/279/682 646/280/683 511/281/684
f 499/279/682 368/254/472 506/257/659 646/280/683
f 646/280/683 506/257/659 376/262/663 505/282/685
f 511/281/684 646/280/683 505/282/685 373/283/686
f 363/284/687 486/285/688 647/286/689 512/287/690
f 486/285/688 366/263/664 509/266/667 647/286/689
f 647/286/689 509/266/667 374/271/672 502/288/691
f 512/287/690 647/286/689 502/288/691 371/289/692
f 370/274/436 484/290/478 648/291/693 510/275/676
f 484/290/478 365/278/694 511/281/684 648/291/693
f 648/291/693 511/281/684 373/283/686 500/292/695
f 510/275/676 648/291/693 500/292/695 377/276/678
f 376/262/696 503/261/697 649/293/698 505/282/699
f 503/261/697 375/260/700 515/294/701 649/293/698
f 649/293/698 515/294/701 379/295/702 516/296/703
f 505/282/699 649/293/698 516/296/703 373/283/686
f 378/297/704 514/298/705 650/299/706 519/300/707
f 371/289/692 517/301/708 650/299/706 514/298/705
f 379/295/709 519/300/707 650/299/706 517/301/708
f 373/283/686 516/296/703 651/302/710 520/303/711
f 379/295/702 518/304/712 651/302/710 516/296/703
f 372/269/713 520/303/711 651/302/710 518/304/712
f 379/295/709 517/301/708 652/305/714 518/304/715
f 517/301/708 371/289/692 502/288/691 652/305/714
f 652/305/714 502/288/691 374/271/672 501/270/671
f 518/304/715 652/305/714 501/270/671 372/269/670
f 375/260/700 513/306/716 653/307/717 515/294/701
f 513/306/716 380/308/718 521/309/718 653/307/717
f 653/307/719 521/309/720 378/297/720 519/300/721
f 515/294/701 653/307/719 519/300/721 379/295/702
f 377/276/678 500/292/695 654/310/722 504/277/679
f 373/283/686 520/303/711 654/310/723 500/292/695
f 372/269/713 504/277/724 654/310/723 520/303/711
f 408/254/649 595/257/725 692/256/726 578/255/650
f 595/257/725 414/262/727 592/261/728 692/256/726
f 692/256/726 592/261/728 375/260/661 507/259/660
f 578/255/650 692/256/726 507/259/660 367/258/470
f 407/263/729 597/266/730 693/265/731 576/264/732
f 597/266/730 413/271/733 590/270/734 693/265/731
f 693/265/731 590/270/734 411/269/735 596/268/736
f 576/264/732 693/265/731 596/268/736 405/267/737
f 405/267/738 596/268/739 694/273/740 581/272/738
f 596/268/739 411/269/741 593/277/741 694/273/740
f 694/273/742 593/277/743 415/276/744 598/275/745
f 581/272/616 694/273/742 598/275/745 410/274/617
f 406/278/746 599/281/747 695/280/748 588/279/749
f 599/281/747 412/283/750 594/282/751 695/280/748
f 695/280/748 594/282/751 414/262/727 595/257/725
f 588/279/749 695/280/748 595/257/725 408/254/649
f 363/284/687 512/287/690 696/286/752 577/285/753
f 512/287/690 371/289/692 591/288/754 696/286/752
f 696/286/752 591/288/754 413/271/733 597/266/730
f 577/285/753 696/286/752 597/266/730 407/263/729
f 410/274/617 598/275/745 697/291/755 575/290/655
f 598/275/745 415/276/744 589/292/756 697/291/755
f 697/291/755 589/292/756 412/283/750 599/281/747
f 575/290/655 697/291/755 599/281/747 406/278/757
f 414/262/758 594/282/759 698/293/760 592/261/761
f 594/282/759 412/283/750 601/296/762 698/293/760
f 698/293/760 601/296/762 416/295/763 600/294/764
f 592/261/761 698/293/760 600/294/764 375/260/765
f 378/297/704 604/300/766 699/299/767 514/298/705
f 416/295/768 602/301/769 699/299/767 604/300/766
f 371/289/692 514/298/705 699/299/767 602/301/769
f 412/283/750 605/303/770 700/302/771 601/296/762
f 411/269/772 603/304/773 700/302/771 605/303/770
f 416/295/763 601/296/762 700/302/771 603/304/773
f 416/295/768 603/304/774 701/305/775 602/301/769
f 603/304/774 411/269/735 590/270/734 701/305/775
f 701/305/775 590/270/734 413/271/733 591/288/754
f 602/301/769 701/305/775 591/288/754 371/289/692
f 375/260/765 600/294/764 702/307/776 513/306/777
f 600/294/764 416/295/763 604/300/778 702/307/779
f 702/307/779 604/300/778 378/297/720 521/309/720
f 513/306/777 702/307/776 521/309/780 380/308/780
f 415/276/744 593/277/743 703/310/781 589/292/756
f 411/269/772 605/303/770 703/310/782 593/277/783
f 412/283/750 589/292/756 703/310/782 605/303/770
o 立方体.014
v -0.659474 3.821758 1.304946
v -0.659474 4.650715 0.191060
v -0.430426 1.221456 -2.487931
v -0.362780 0.925843 -6.661680
v 0.659474 3.821758 1.304946
v 0.659474 4.650715 0.191060
v 0.430426 1.221456 -2.487931
v 0.362780 0.925843 -6.661680
v -0.771697 2.815697 0.221693
v -0.726600 3.114006 -2.751033
v 0.771697 2.815697 0.221693
v 0.726600 3.114007 -2.751032
v -0.811532 3.427033 1.017587
v -0.810535 4.310996 0.857110
v -0.532773 1.762791 -5.395110
v -0.463083 0.917396 -4.854505
v 0.000000 1.122038 -2.189304
v 0.000000 0.712753 -7.519705
v 0.463083 0.917396 -4.854505
v 0.638626 1.929074 -1.008468
v 0.805895 4.214812 -0.773130
v 0.810535 4.310996 0.857109
v 0.000000 3.772432 1.500110
v 0.000000 4.849559 0.214110
v -0.638626 1.929074 -1.008468
v -0.805895 4.214812 -0.773130
v 0.811532 3.427033 1.017587
v 0.532773 1.762791 -5.395109
v 0.000000 3.169940 -3.308419
v 0.000000 2.759763 0.779079
v 1.030079 2.964851 -1.264670
v -1.030079 2.964851 -1.264670
v -0.801504 1.830527 -3.229365
v 0.000000 0.589484 -5.441479
v 1.114272 3.828293 0.132986
v 0.000000 4.467884 1.086080
v 0.000000 3.279024 1.357160
v 0.000000 4.377563 -1.091189
v 0.000000 1.710781 -6.273874
v 0.000000 1.950273 -0.184855
v 0.801504 1.830527 -3.229364
v -1.114272 3.828293 0.132985
vn 0.7602 0.5416 -0.3588
vn 0.7341 0.6235 -0.2688
vn 0.9823 0.1844 0.0318
vn 0.9977 0.0579 0.0345
vn 0.6629 0.7310 -0.1618
vn 0.7921 0.6101 -0.0187
vn 0.9334 0.1763 0.3126
vn 0.8725 -0.3814 0.3055
vn 0.7822 -0.5255 0.3347
vn -0.0000 0.9526 -0.3041
vn -0.0000 1.0000 0.0021
vn -0.6629 0.7310 -0.1618
vn -0.7921 0.6101 -0.0187
vn -0.9334 0.1763 0.3126
vn -0.0000 0.2661 0.9639
vn -0.7602 0.5416 -0.3588
vn -0.7532 0.3602 -0.5504
vn -0.9910 -0.1105 -0.0757
vn -0.9977 0.0579 0.0345
vn -0.5814 -0.1068 -0.8066
vn -0.6986 -0.5546 -0.4521
vn -0.5627 -0.8267 -0.0039
vn -0.7048 -0.6464 0.2922
vn -0.7822 -0.5255 0.3347
vn -0.0000 -0.0764 -0.9971
vn -0.0000 -0.7604 -0.6494
vn 0.5814 -0.1068 -0.8066
vn 0.6986 -0.5546 -0.4521
vn 0.5627 -0.8267 -0.0039
vn -0.0000 -0.9995 -0.0320
vn 0.7532 0.3602 -0.5504
vn -0.0000 0.5878 -0.8090
vn -0.0000 0.7894 -0.6139
vn -0.0000 -0.9017 0.4324
vn -0.0000 -0.8820 0.4712
vn 0.7048 -0.6464 0.2922
vn -0.8725 -0.3814 0.3055
vn -0.0000 -0.8067 0.5909
vn -0.0000 0.8432 -0.5376
vn -0.7341 0.6235 -0.2688
vn -0.9823 0.1844 0.0318
vn 0.9910 -0.1105 -0.0757
vt 0.720451 0.860754
vt 0.720451 0.865992
vt 0.730928 0.866138
vt 0.730928 0.860754
vt 0.720451 0.871231
vt 0.730928 0.872686
vt 0.741405 0.871231
vt 0.741405 0.865992
vt 0.741405 0.860754
vt 0.720451 0.881708
vt 0.730928 0.881708
vt 0.720451 0.892185
vt 0.730928 0.890730
vt 0.741405 0.892185
vt 0.741405 0.881708
vt 0.720451 0.902663
vt 0.720451 0.907938
vt 0.730928 0.908047
vt 0.730928 0.902663
vt 0.720451 0.913140
vt 0.730928 0.914595
vt 0.741405 0.913140
vt 0.741405 0.907938
vt 0.741405 0.902663
vt 0.720451 0.923617
vt 0.730928 0.923763
vt 0.720451 0.934095
vt 0.730928 0.934095
vt 0.741405 0.934095
vt 0.741405 0.923617
vt 0.699496 0.902663
vt 0.699496 0.907901
vt 0.709973 0.907901
vt 0.709973 0.902663
vt 0.699496 0.913140
vt 0.709973 0.913140
vt 0.751882 0.907901
vt 0.751882 0.902663
vt 0.751883 0.913140
vt 0.762360 0.913140
vt 0.762360 0.907901
vt 0.762360 0.902663
vt 0.741405 0.897388
vt 0.751882 0.897424
vt 0.751883 0.892186
vt 0.762360 0.897424
vt 0.762360 0.892186
vt 0.699496 0.892186
vt 0.699496 0.897424
vt 0.709973 0.897424
vt 0.709973 0.892186
vt 0.720451 0.897388
vt 0.730928 0.897279
vt 0.720451 0.850276
vt 0.720451 0.855515
vt 0.730928 0.855515
vt 0.730928 0.850276
vt 0.741405 0.855515
vt 0.741405 0.850276
s 1
usemtl ひれ.002
f 712/311/784 728/312/785 736/313/786 735/314/787
f 728/312/785 706/315/788 719/316/789 736/313/786
f 736/313/786 719/316/789 707/317/790 718/318/791
f 735/314/787 736/313/786 718/318/791 713/319/792
f 706/315/788 720/320/793 737/321/794 719/316/789
f 720/320/793 710/322/795 722/323/796 737/321/794
f 737/321/794 722/323/796 711/324/797 721/325/798
f 719/316/789 737/321/794 721/325/798 707/317/790
f 714/326/799 730/327/800 738/328/801 734/329/802
f 730/327/800 708/330/803 725/331/804 738/328/801
f 738/328/801 725/331/804 709/332/805 724/333/806
f 734/329/802 738/328/801 724/333/806 715/334/807
f 708/330/803 726/335/808 739/336/809 725/331/804
f 726/335/808 704/337/810 717/338/811 739/336/809
f 739/336/809 717/338/811 705/339/812 727/340/813
f 725/331/804 739/336/809 727/340/813 709/332/805
f 712/341/784 716/342/814 740/343/815 733/344/816
f 716/342/814 704/345/810 726/346/808 740/343/815
f 740/343/815 726/346/808 708/330/803 730/327/800
f 733/344/816 740/343/815 730/327/800 714/326/799
f 715/334/807 724/333/806 741/347/817 732/348/818
f 724/333/806 709/332/805 727/349/813 741/347/817
f 741/347/817 727/349/813 705/350/812 729/351/819
f 732/348/818 741/347/817 729/351/819 713/352/792
f 711/324/797 731/353/820 742/354/821 721/355/798
f 731/353/820 715/334/807 732/348/818 742/354/821
f 742/354/821 732/348/818 713/352/792 718/356/791
f 721/355/798 742/354/821 718/356/791 707/357/790
f 706/358/788 728/359/785 743/360/822 720/361/793
f 728/359/785 712/341/784 733/344/816 743/360/822
f 743/360/822 733/344/816 714/326/799 723/362/823
f 720/361/793 743/360/822 723/362/823 710/322/795
f 710/322/795 723/362/823 744/363/824 722/323/796
f 723/362/823 714/326/799 734/329/802 744/363/824
f 744/363/824 734/329/802 715/334/807 731/353/820
f 722/323/796 744/363/824 731/353/820 711/324/797
f 704/364/810 716/365/814 745/366/825 717/367/811
f 716/365/814 712/311/784 735/314/787 745/366/825
f 745/366/825 735/314/787 713/319/792 729/368/819
f 717/367/811 745/366/825 729/368/819 705/369/812
o 立方体.015
v -0.355307 3.628190 0.301349
v -0.355307 4.074809 -0.298782
v -0.231902 1.563893 -2.364929
v -0.195456 1.309225 -5.262348
v 0.355307 3.628189 0.301349
v 0.355307 4.074809 -0.298782
v 0.231902 1.563893 -2.364928
v 0.195456 1.309225 -5.262347
v -0.415769 2.944046 -0.384634
v -0.391472 3.072967 -2.202496
v 0.415769 2.944046 -0.384634
v 0.391472 3.072967 -2.202495
v -0.437231 3.397759 0.133733
v -0.436694 3.891778 0.060067
v -0.287043 2.012644 -4.214934
v -0.249496 1.300438 -4.033516
v 0.000000 1.473741 -2.168855
v 0.000000 1.127133 -5.898177
v 0.249496 1.300437 -4.033516
v 0.344074 2.187143 -1.274144
v 0.434194 3.818218 -0.858086
v 0.436694 3.891777 0.060067
v 0.000000 3.601614 0.406498
v 0.000000 4.181941 -0.286364
v -0.344074 2.187143 -1.274145
v -0.434194 3.818218 -0.858086
v 0.437231 3.397759 0.133733
v 0.287043 2.012644 -4.214934
v 0.000000 3.097139 -2.543345
v 0.000000 2.919873 -0.043785
v 0.554978 3.008506 -1.293565
v -0.554979 3.008506 -1.293565
v -0.431828 2.086473 -2.766218
v 0.000000 1.014773 -4.494950
v 0.600339 3.611960 -0.356381
v 0.000000 3.976305 0.183430
v 0.000000 3.318761 0.321754
v 0.000000 3.905158 -1.034515
v 0.000000 1.962470 -4.811026
v 0.000000 2.210476 -0.721410
v 0.431828 2.086473 -2.766218
v -0.600339 3.611960 -0.356381
vn -0.8056 -0.4642 0.3681
vn -0.9993 -0.0204 -0.0310
vn -0.9936 -0.1105 -0.0248
vn -0.8111 -0.5165 0.2743
vn -0.7933 0.5187 -0.3188
vn -0.8802 0.3859 -0.2762
vn -0.9649 -0.0789 -0.2504
vn -0.8658 -0.4992 0.0348
vn -0.7760 -0.6084 0.1662
vn -0.0000 -0.9999 -0.0124
vn -0.0000 -0.9318 0.3631
vn -0.0000 -0.2424 -0.9702
vn 0.9649 -0.0789 -0.2504
vn 0.8658 -0.4992 0.0348
vn 0.7760 -0.6084 0.1662
vn 0.8056 -0.4642 0.3681
vn 0.9993 -0.0204 -0.0310
vn 0.9907 0.1161 0.0705
vn 0.7661 -0.3334 0.5495
vn 0.7933 0.5187 -0.3188
vn 0.7109 0.6405 -0.2904
vn 0.5686 0.8226 -0.0017
vn 0.7053 0.5497 0.4476
vn 0.5888 0.1014 0.8019
vn -0.0000 0.7604 0.6494
vn -0.0000 0.0724 0.9974
vn -0.0000 0.9996 0.0286
vn -0.5686 0.8226 -0.0017
vn -0.7053 0.5497 0.4476
vn -0.5888 0.1014 0.8019
vn -0.0000 -0.7335 0.6797
vn -0.0000 -0.5604 0.8282
vn -0.7661 -0.3334 0.5495
vn -0.0000 0.8811 -0.4730
vn -0.0000 0.9016 -0.4327
vn -0.7109 0.6405 -0.2904
vn -0.0000 0.8119 -0.5838
vn 0.8802 0.3859 -0.2762
vn -0.0000 -0.7884 0.6152
vn 0.8111 -0.5165 0.2743
vn 0.9936 -0.1105 -0.0248
vn -0.9907 0.1161 0.0705
vt 0.185963 0.887929
vt 0.196440 0.887929
vt 0.196440 0.893313
vt 0.185963 0.893168
vt 0.206918 0.887929
vt 0.206918 0.893168
vt 0.206918 0.898406
vt 0.196440 0.899862
vt 0.185963 0.898406
vt 0.196440 0.908884
vt 0.185963 0.908884
vt 0.206918 0.908884
vt 0.206918 0.919361
vt 0.196440 0.917906
vt 0.185963 0.919361
vt 0.185963 0.929838
vt 0.196440 0.929838
vt 0.196440 0.935223
vt 0.185963 0.935113
vt 0.206918 0.929838
vt 0.206918 0.935113
vt 0.206918 0.940316
vt 0.196440 0.941771
vt 0.185963 0.940316
vt 0.196440 0.950938
vt 0.185963 0.950793
vt 0.206918 0.950793
vt 0.206918 0.961270
vt 0.196440 0.961270
vt 0.185963 0.961270
vt 0.165008 0.929838
vt 0.175486 0.929838
vt 0.175486 0.935077
vt 0.165008 0.935077
vt 0.175486 0.940316
vt 0.165008 0.940316
vt 0.217395 0.929838
vt 0.217395 0.935077
vt 0.227872 0.929838
vt 0.227872 0.935077
vt 0.227872 0.940316
vt 0.217395 0.940316
vt 0.217395 0.919361
vt 0.217395 0.924600
vt 0.206918 0.924563
vt 0.227872 0.919361
vt 0.227872 0.924600
vt 0.165008 0.919361
vt 0.175486 0.919361
vt 0.175486 0.924600
vt 0.165008 0.924600
vt 0.185963 0.924563
vt 0.196440 0.924454
vt 0.185963 0.877452
vt 0.196440 0.877452
vt 0.196440 0.882691
vt 0.185963 0.882691
vt 0.206918 0.877452
vt 0.206918 0.882691
s 1
usemtl ひれ.003
f 754/370/826 777/371/827 778/372/828 770/373/829
f 777/371/827 755/374/830 760/375/831 778/372/828
f 778/372/828 760/375/831 749/376/832 761/377/833
f 770/373/829 778/372/828 761/377/833 748/378/834
f 748/378/834 761/377/833 779/379/835 762/380/836
f 761/377/833 749/376/832 763/381/837 779/379/835
f 779/379/835 763/381/837 753/382/838 764/383/839
f 762/380/836 779/379/835 764/383/839 752/384/840
f 756/385/841 776/386/842 780/387/843 772/388/844
f 776/386/842 757/389/845 766/390/846 780/387/843
f 780/387/843 766/390/846 751/391/847 767/392/848
f 772/388/844 780/387/843 767/392/848 750/393/849
f 750/393/849 767/392/848 781/394/850 768/395/851
f 767/392/848 751/391/847 769/396/852 781/394/850
f 781/394/850 769/396/852 747/397/853 759/398/854
f 768/395/851 781/394/850 759/398/854 746/399/855
f 754/400/826 775/401/856 782/402/857 758/403/858
f 775/401/856 756/385/841 772/388/844 782/402/857
f 782/402/857 772/388/844 750/393/849 768/404/851
f 758/403/858 782/402/857 768/404/851 746/405/855
f 757/389/845 774/406/859 783/407/860 766/390/846
f 774/406/859 755/408/830 771/409/861 783/407/860
f 783/407/860 771/409/861 747/410/853 769/411/852
f 766/390/846 783/407/860 769/411/852 751/391/847
f 753/382/838 763/412/837 784/413/862 773/414/863
f 763/412/837 749/415/832 760/416/831 784/413/862
f 784/413/862 760/416/831 755/408/830 774/406/859
f 773/414/863 784/413/862 774/406/859 757/389/845
f 748/417/834 762/418/836 785/419/864 770/420/829
f 762/418/836 752/384/840 765/421/865 785/419/864
f 785/419/864 765/421/865 756/385/841 775/401/856
f 770/420/829 785/419/864 775/401/856 754/400/826
f 752/384/840 764/383/839 786/422/866 765/421/865
f 764/383/839 753/382/838 773/414/863 786/422/866
f 786/422/866 773/414/863 757/389/845 776/386/842
f 765/421/865 786/422/866 776/386/842 756/385/841
f 746/423/855 759/424/854 787/425/867 758/426/858
f 759/424/854 747/427/853 771/428/861 787/425/867
f 787/425/867 771/428/861 755/374/830 777/371/827
f 758/426/858 787/425/867 777/371/827 754/370/826
o 立方体.016
v -1.208275 -2.573815 0.176486
v -1.208275 0.457116 -0.461373
v -1.175800 -3.847165 -10.550261
v -1.110848 -1.837507 -10.550262
v 1.208275 -2.573815 0.176486
v 1.208275 0.457116 -0.461373
v 1.175800 -3.847165 -10.550261
v 1.110848 -1.837507 -10.550261
v -2.023025 -3.231077 -2.738733
v -1.979724 0.615403 -2.951352
v 2.023026 -3.231077 -2.738733
v 1.979724 0.615403 -2.951352
v -1.784870 -0.718725 -5.363008
v 1.958074 -3.634415 -5.363008
v -1.958074 -3.634415 -5.363008
v 1.784870 -0.718725 -5.363008
v -1.706804 -3.040169 -1.042112
v -1.428550 -1.051552 0.104148
v -1.517513 -1.304568 -8.255868
v -1.362696 -2.888228 -11.030200
v 0.000000 -4.113252 -11.030199
v 0.000000 -1.663206 -11.030199
v 1.362696 -2.888228 -11.030199
v 1.646213 -3.898881 -8.255867
v 1.701391 0.814474 -1.609835
v 1.428550 -1.051552 0.104148
v 0.000000 -2.896986 0.525696
v 0.000000 0.793883 -0.317400
v -2.090842 -3.390732 -3.824524
v -1.701391 0.814474 -1.609836
v 1.706804 -3.040168 -1.042112
v 1.966351 -0.004474 -3.851102
v 0.000000 1.336618 -2.991219
v 0.000000 -3.952291 -2.698867
v 2.751891 -1.307837 -2.845043
v -2.751890 -1.307837 -2.845042
v -1.966351 -0.004474 -3.851102
v 2.090841 -3.390731 -3.824524
v -1.646212 -3.898881 -8.255868
v 1.517513 -1.304568 -8.255867
v 2.573274 -2.176571 -5.363009
v 0.000000 -4.181108 -5.363008
v 0.000000 -0.172033 -5.363010
v -2.573274 -2.176571 -5.363009
v -2.169940 -2.606249 -8.303185
v 0.000000 -2.984538 -12.037395
v 2.335250 -1.112177 -1.301662
v 0.000000 -1.037287 0.621643
v 0.000000 -3.763837 -0.903923
v 0.000000 1.539482 -1.699400
v 0.000000 0.630450 -3.856085
v 0.000000 -4.025655 -3.819541
v 2.789320 -1.697602 -3.837813
v -2.335250 -1.112177 -1.301662
v 2.169940 -2.606249 -8.303185
v 0.000000 -4.391196 -8.303185
v 0.000000 -0.821302 -8.303185
v -2.789320 -1.697603 -3.837812
vn -0.6639 -0.7474 0.0261
vn -0.9899 0.0146 -0.1412
vn -0.9797 0.0284 -0.1983
vn -0.6679 -0.7396 -0.0831
vn -0.6301 0.7143 -0.3046
vn -0.6338 0.7316 -0.2512
vn -0.5969 0.6678 -0.4447
vn -0.7828 -0.0010 -0.6223
vn -0.6224 -0.7001 -0.3500
vn -0.0000 -0.0381 -0.9993
vn -0.0000 -0.8528 -0.5223
vn -0.0000 0.7835 -0.6213
vn 0.5969 0.6678 -0.4447
vn 0.7828 -0.0010 -0.6223
vn 0.6224 -0.7001 -0.3500
vn 0.7052 -0.6874 0.1739
vn 0.9955 0.0543 0.0771
vn 0.9320 0.0596 0.3576
vn 0.6953 -0.6226 0.3590
vn 0.6827 0.7013 -0.2052
vn 0.6646 0.7062 0.2442
vn 0.5178 0.5680 0.6397
vn 0.6253 0.1426 0.7672
vn 0.5681 -0.3898 0.7248
vn -0.0000 0.1965 0.9805
vn -0.0000 -0.5266 0.8501
vn -0.0000 0.7119 0.7023
vn -0.5178 0.5680 0.6397
vn -0.6253 0.1426 0.7672
vn -0.5681 -0.3898 0.7248
vn -0.7052 -0.6874 0.1739
vn -0.0000 -0.9917 0.1287
vn -0.0000 -0.9457 0.3249
vn -0.6953 -0.6226 0.3590
vn -0.0000 0.9356 -0.3531
vn -0.0000 0.9871 0.1600
vn -0.6827 0.7013 -0.2052
vn -0.6646 0.7062 0.2442
vn 0.6301 0.7143 -0.3046
vn -0.0000 0.9358 -0.3524
vn -0.0000 0.8408 -0.5414
vn 0.6455 0.6543 -0.3940
vn -0.6455 0.6543 -0.3940
vn -0.0000 -0.9959 0.0906
vn -0.0000 -0.9933 0.1156
vn -0.6866 -0.7212 0.0917
vn 0.6639 -0.7474 0.0261
vn 0.6866 -0.7212 0.0917
vn 0.9899 0.0146 -0.1412
vn 0.9959 0.0165 -0.0890
vn -0.9320 0.0596 0.3576
vn -0.9955 0.0543 0.0771
vn 0.9797 0.0284 -0.1983
vn 0.6679 -0.7396 -0.0831
vn 0.6338 0.7316 -0.2512
vn -0.0000 -0.9999 -0.0143
vn -0.0000 0.9676 -0.2527
vn -0.9959 0.0165 -0.0890
vt 0.054690 0.526208
vt 0.072062 0.530784
vt 0.072062 0.545800
vt 0.054690 0.544716
vt 0.089434 0.526208
vt 0.089434 0.544716
vt 0.089434 0.563223
vt 0.072062 0.569494
vt 0.054690 0.563223
vt 0.072062 0.604306
vt 0.054690 0.604306
vt 0.089434 0.604306
vt 0.089434 0.645388
vt 0.072062 0.639117
vt 0.054690 0.645388
vt 0.054690 0.692639
vt 0.072062 0.692639
vt 0.072062 0.708353
vt 0.054690 0.707925
vt 0.089434 0.692639
vt 0.089434 0.707925
vt 0.089434 0.727553
vt 0.072062 0.733258
vt 0.054690 0.727553
vt 0.072062 0.769206
vt 0.054690 0.768635
vt 0.089434 0.768635
vt 0.089434 0.809717
vt 0.072062 0.809717
vt 0.054690 0.809717
vt 0.019946 0.686470
vt 0.037318 0.692125
vt 0.037318 0.707654
vt 0.019946 0.707011
vt 0.037318 0.727553
vt 0.019946 0.727553
vt 0.106806 0.692125
vt 0.106806 0.707654
vt 0.124177 0.686470
vt 0.124177 0.707011
vt 0.124177 0.727553
vt 0.106806 0.727553
vt 0.089434 0.676911
vt 0.106806 0.677369
vt 0.106806 0.684507
vt 0.089434 0.684521
vt 0.124177 0.682403
vt 0.124177 0.684436
vt 0.019946 0.682403
vt 0.037318 0.677369
vt 0.037318 0.684507
vt 0.019946 0.684436
vt 0.054690 0.676911
vt 0.054690 0.684521
vt 0.072062 0.676911
vt 0.072062 0.684521
vt 0.054690 0.481058
vt 0.072062 0.481058
vt 0.072062 0.501085
vt 0.054690 0.501599
vt 0.089434 0.481058
vt 0.089434 0.501599
vt 0.089434 0.522141
vt 0.072062 0.517000
vt 0.054690 0.522141
vt 0.072062 0.662582
vt 0.054690 0.663052
vt 0.089434 0.663052
vt 0.019946 0.645388
vt 0.037318 0.645388
vt 0.037318 0.663323
vt 0.019946 0.663895
vt 0.106806 0.645388
vt 0.106806 0.663323
vt 0.124177 0.645388
vt 0.124177 0.663895
vt 0.072062 0.524118
vt 0.054690 0.524174
vt 0.089434 0.524174
s 1
usemtl マテリアル.009
f 802/429/868 831/430/869 832/431/870 826/432/871
f 831/430/869 800/433/872 806/434/873 832/431/870
f 832/431/870 806/434/873 791/435/874 807/436/875
f 826/432/871 832/431/870 807/436/875 790/437/876
f 790/437/876 807/436/875 833/438/877 808/439/878
f 807/436/875 791/435/874 809/440/879 833/438/877
f 833/438/877 809/440/879 795/441/880 810/442/881
f 808/439/878 833/438/877 810/442/881 794/443/882
f 798/444/883 822/445/884 834/446/885 818/447/886
f 822/445/884 799/448/887 812/449/888 834/446/885
f 834/446/885 812/449/888 793/450/889 813/451/890
f 818/447/886 834/446/885 813/451/890 792/452/891
f 792/452/891 813/451/890 835/453/892 814/454/893
f 813/451/890 793/450/889 815/455/894 835/453/892
f 835/453/892 815/455/894 789/456/895 805/457/896
f 814/454/893 835/453/892 805/457/896 788/458/897
f 796/459/898 821/460/899 836/461/900 804/462/901
f 821/460/899 798/444/883 818/447/886 836/461/900
f 836/461/900 818/447/886 792/452/891 814/463/893
f 804/462/901 836/461/900 814/463/893 788/464/897
f 799/448/887 820/465/902 837/466/903 812/449/888
f 820/465/902 797/467/904 817/468/905 837/466/903
f 837/466/903 817/468/905 789/469/895 815/470/894
f 812/449/888 837/466/903 815/470/894 793/450/889
f 803/471/906 830/472/907 838/473/908 819/474/909
f 830/472/907 800/475/872 824/476/910 838/473/908
f 838/473/908 824/476/910 797/467/904 820/465/902
f 819/474/909 838/473/908 820/465/902 799/448/887
f 802/477/868 829/478/911 839/479/912 816/480/913
f 829/478/911 801/481/914 825/482/915 839/479/912
f 839/479/912 825/482/915 798/444/883 821/460/899
f 816/480/913 839/479/912 821/460/899 796/459/898
f 801/481/914 828/483/916 840/484/917 825/482/915
f 828/483/916 803/471/906 819/474/909 840/484/917
f 840/484/917 819/474/909 799/448/887 822/445/884
f 825/482/915 840/484/917 822/445/884 798/444/883
f 788/485/897 805/486/896 841/487/918 804/488/901
f 805/486/896 789/489/895 817/490/905 841/487/918
f 841/487/918 817/490/905 797/491/904 823/492/919
f 804/488/901 841/487/918 823/492/919 796/493/898
f 794/443/882 810/442/881 842/494/920 811/495/921
f 810/442/881 795/441/880 827/496/922 842/494/920
f 842/494/920 827/496/922 803/471/906 828/483/916
f 811/495/921 842/494/920 828/483/916 801/481/914
f 790/497/876 808/498/878 843/499/923 826/500/871
f 808/498/878 794/443/882 811/495/921 843/499/923
f 843/499/923 811/495/921 801/481/914 829/478/911
f 826/500/871 843/499/923 829/478/911 802/477/868
f 795/441/880 809/501/879 844/502/924 827/496/922
f 809/501/879 791/503/874 806/504/873 844/502/924
f 844/502/924 806/504/873 800/475/872 830/472/907
f 827/496/922 844/502/924 830/472/907 803/471/906
f 796/493/898 823/492/919 845/505/925 816/506/913
f 823/492/919 797/491/904 824/507/910 845/505/925
f 845/505/925 824/507/910 800/433/872 831/430/869
f 816/506/913 845/505/925 831/430/869 802/429/868
o 立方体.017
v 0.659474 -3.106082 1.071097
v 0.659474 -4.434554 1.540695
v 0.277255 -5.912888 -4.639265
v -0.035465 -9.041452 -4.687430
v -0.659474 -3.106082 1.071097
v -0.659474 -4.434554 1.540695
v -0.583597 -5.912887 -4.639265
v -0.761025 -9.041452 -4.687430
v 0.751275 -3.858876 -1.227373
v 0.624486 -6.414845 -1.086624
v -0.792120 -3.858876 -1.227373
v -0.828714 -6.414845 -1.086624
v 0.808980 -3.252965 0.277555
v 0.810535 -3.698950 1.455311
v 0.243875 -8.197288 -3.253684
v 0.167236 -7.676569 -4.949957
v -0.133883 -5.691343 -4.918105
v -0.457811 -9.661797 -4.981811
v -0.758930 -7.676569 -4.949957
v -0.709397 -4.804259 -3.230520
v -0.818659 -5.118831 0.693653
v -0.810535 -3.698950 1.455311
v 0.000000 -2.903368 1.144984
v 0.000000 -4.494533 1.765638
v 0.567855 -4.804259 -3.230521
v 0.793131 -5.118831 0.693653
v -0.814085 -3.252965 0.277555
v -0.821670 -8.197287 -3.253684
v -0.117431 -6.894090 -1.060233
v -0.005106 -3.379632 -1.253763
v -1.091348 -5.136861 -1.156998
v 0.968811 -5.136861 -1.156998
v 0.619684 -6.520432 -3.270360
v -0.338111 -8.095029 -5.551435
v -1.121930 -4.178862 0.500335
v 0.000000 -3.549178 1.768872
v -0.000638 -2.898221 0.208804
v -0.014679 -5.459502 0.791867
v -0.334636 -8.871962 -3.286850
v -0.029003 -4.168902 -3.253870
v -0.983324 -6.520432 -3.270360
v 1.106613 -4.178861 0.500335
vn -0.8192 -0.5060 0.2700
vn -0.8506 -0.3813 0.3621
vn -0.9875 0.0962 0.1250
vn -0.9963 0.0647 0.0561
vn -0.8305 -0.2168 0.5131
vn -0.8870 0.0703 0.4564
vn -0.8898 0.4285 0.1573
vn -0.8597 0.4736 -0.1916
vn -0.8033 0.5189 -0.2924
vn -0.0211 -0.5242 0.8513
vn 0.0147 0.1105 0.9938
vn 0.8100 -0.3216 0.4904
vn 0.9021 -0.0593 0.4275
vn 0.9430 0.3131 0.1127
vn 0.0698 0.9220 0.3808
vn 0.7991 -0.5464 0.2509
vn 0.7505 -0.6527 0.1031
vn 0.9913 -0.0458 -0.1232
vn 0.9999 -0.0076 0.0147
vn 0.6185 -0.7225 -0.3088
vn 0.7372 -0.2389 -0.6320
vn 0.6121 0.3206 -0.7229
vn 0.7380 0.4993 -0.4540
vn 0.8153 0.4588 -0.3531
vn -0.0003 -0.9214 -0.3886
vn -0.0000 -0.3644 -0.9312
vn -0.6219 -0.7205 -0.3067
vn -0.7414 -0.2351 -0.6286
vn -0.6166 0.3252 -0.7170
vn -0.0012 0.3778 -0.9259
vn -0.7600 -0.6400 0.1129
vn -0.0026 -0.9799 0.1994
vn -0.0110 -0.9251 0.3795
vn -0.0047 0.7706 -0.6373
vn -0.0050 0.7878 -0.6160
vn -0.7409 0.5217 -0.4228
vn 0.8901 0.3770 -0.2562
vn 0.0170 0.8643 -0.5028
vn -0.0234 -0.8525 0.5222
vn 0.8219 -0.4598 0.3361
vn 0.9964 -0.0234 0.0821
vn -0.9948 -0.0190 -0.1001
vt 0.373227 0.880650
vt 0.373227 0.885889
vt 0.383704 0.886034
vt 0.383704 0.880650
vt 0.373227 0.891127
vt 0.383704 0.892582
vt 0.394181 0.891127
vt 0.394181 0.885889
vt 0.394181 0.880650
vt 0.373227 0.901605
vt 0.383704 0.901605
vt 0.373227 0.912082
vt 0.383704 0.910627
vt 0.394181 0.912082
vt 0.394181 0.901605
vt 0.373227 0.922559
vt 0.373227 0.927834
vt 0.383704 0.927943
vt 0.383704 0.922559
vt 0.373227 0.933036
vt 0.383704 0.934492
vt 0.394181 0.933036
vt 0.394181 0.927834
vt 0.394181 0.922559
vt 0.373227 0.943514
vt 0.383704 0.943659
vt 0.373227 0.953991
vt 0.383704 0.953991
vt 0.394181 0.953991
vt 0.394181 0.943514
vt 0.352272 0.922559
vt 0.352272 0.927798
vt 0.362750 0.927798
vt 0.362750 0.922559
vt 0.352272 0.933037
vt 0.362750 0.933037
vt 0.404659 0.927798
vt 0.404659 0.922559
vt 0.404659 0.933037
vt 0.415136 0.933037
vt 0.415136 0.927798
vt 0.415136 0.922559
vt 0.394181 0.917284
vt 0.404659 0.917321
vt 0.404659 0.912082
vt 0.415136 0.917321
vt 0.415136 0.912082
vt 0.352272 0.912082
vt 0.352272 0.917321
vt 0.362750 0.917321
vt 0.362750 0.912082
vt 0.373227 0.917284
vt 0.383704 0.917175
vt 0.373227 0.870173
vt 0.373227 0.875412
vt 0.383704 0.875411
vt 0.383704 0.870173
vt 0.394181 0.875412
vt 0.394181 0.870173
s 1
usemtl ひれ.002
f 854/508/926 870/509/927 878/510/928 877/511/929
f 870/509/927 848/512/930 861/513/931 878/510/928
f 878/510/928 861/513/931 849/514/932 860/515/933
f 877/511/929 878/510/928 860/515/933 855/516/934
f 848/512/930 862/517/935 879/518/936 861/513/931
f 862/517/935 852/519/937 864/520/938 879/518/936
f 879/518/936 864/520/938 853/521/939 863/522/940
f 861/513/931 879/518/936 863/522/940 849/514/932
f 856/523/941 872/524/942 880/525/943 876/526/944
f 872/524/942 850/527/945 867/528/946 880/525/943
f 880/525/943 867/528/946 851/529/947 866/530/948
f 876/526/944 880/525/943 866/530/948 857/531/949
f 850/527/945 868/532/950 881/533/951 867/528/946
f 868/532/950 846/534/952 859/535/953 881/533/951
f 881/533/951 859/535/953 847/536/954 869/537/955
f 867/528/946 881/533/951 869/537/955 851/529/947
f 854/538/926 858/539/956 882/540/957 875/541/958
f 858/539/956 846/542/952 868/543/950 882/540/957
f 882/540/957 868/543/950 850/527/945 872/524/942
f 875/541/958 882/540/957 872/524/942 856/523/941
f 857/531/949 866/530/948 883/544/959 874/545/960
f 866/530/948 851/529/947 869/546/955 883/544/959
f 883/544/959 869/546/955 847/547/954 871/548/961
f 874/545/960 883/544/959 871/548/961 855/549/934
f 853/521/939 873/550/962 884/551/963 863/552/940
f 873/550/962 857/531/949 874/545/960 884/551/963
f 884/551/963 874/545/960 855/549/934 860/553/933
f 863/552/940 884/551/963 860/553/933 849/554/932
f 848/555/930 870/556/927 885/557/964 862/558/935
f 870/556/927 854/538/926 875/541/958 885/557/964
f 885/557/964 875/541/958 856/523/941 865/559/965
f 862/558/935 885/557/964 865/559/965 852/519/937
f 852/519/937 865/559/965 886/560/966 864/520/938
f 865/559/965 856/523/941 876/526/944 886/560/966
f 886/560/966 876/526/944 857/531/949 873/550/962
f 864/520/938 886/560/966 873/550/962 853/521/939
f 846/561/952 858/562/956 887/563/967 859/564/953
f 858/562/956 854/508/926 877/511/929 887/563/967
f 887/563/967 877/511/929 855/516/934 871/565/961
f 859/564/953 887/563/967 871/565/961 847/566/954
o 立方体.018
v 0.355307 -3.924495 0.458826
v 0.355307 -4.623843 0.808723
v 0.078731 -5.951715 -4.277483
v -0.202789 -7.949866 -3.731629
v -0.355307 -3.924495 0.458826
v -0.355307 -4.623843 0.808723
v -0.385073 -5.951715 -4.277484
v -0.593701 -7.949865 -3.731629
v 0.395347 -4.460407 -1.376593
v 0.289358 -5.903422 -0.884082
v -0.436192 -4.460406 -1.376593
v -0.493586 -5.903422 -0.884082
v 0.434679 -4.035371 -0.134629
v 0.436694 -4.233023 0.730199
v -0.001854 -7.244581 -2.513690
v -0.046351 -7.105161 -4.246941
v -0.133883 -5.826481 -4.592759
v -0.457811 -8.383837 -3.901122
v -0.545343 -7.105161 -4.246941
v -0.414845 -5.155943 -3.114322
v -0.446958 -5.022130 0.299757
v -0.436694 -4.233023 0.730199
v 0.000000 -3.812697 0.513886
v 0.000000 -4.653349 0.946513
v 0.273304 -5.155943 -3.114322
v 0.421430 -5.022130 0.299757
v -0.439784 -4.035370 -0.134629
v -0.575941 -7.244581 -2.513690
v -0.117431 -6.173988 -0.791737
v -0.005106 -4.189841 -1.468938
v -0.616247 -5.181914 -1.130337
v 0.493710 -5.181914 -1.130337
v 0.250009 -6.215482 -2.837903
v -0.338111 -7.429116 -4.755603
v -0.607997 -4.524694 0.092071
v 0.000000 -4.146675 0.932555
v -0.000638 -3.847102 -0.207453
v -0.014679 -5.202286 0.391595
v -0.334636 -7.665742 -2.421803
v -0.029003 -4.765223 -3.254004
v -0.613648 -6.215482 -2.837903
v 0.592680 -4.524694 0.092071
vn 0.8663 0.4538 -0.2087
vn 0.9954 -0.0899 -0.0339
vn 0.9874 -0.1436 -0.0660
vn 0.9231 0.2890 -0.2537
vn 0.8273 -0.4913 0.2724
vn 0.8793 -0.4423 0.1764
vn 0.9042 -0.4251 -0.0412
vn 0.9393 -0.1925 -0.2839
vn 0.9269 0.1022 -0.3612
vn -0.0384 -0.3437 -0.9383
vn 0.0489 0.4664 -0.8832
vn -0.1110 -0.9695 -0.2186
vn -0.9748 -0.2229 -0.0119
vn -0.9603 0.0312 -0.2771
vn -0.8904 0.2894 -0.3514
vn -0.8254 0.5309 -0.1921
vn -0.9991 0.0418 0.0024
vn -0.9920 0.0683 0.1066
vn -0.7566 0.6456 -0.1040
vn -0.8610 -0.3798 0.3382
vn -0.7717 -0.4583 0.4410
vn -0.6493 -0.2948 0.7011
vn -0.7626 0.2871 0.5796
vn -0.6391 0.7356 0.2248
vn -0.0000 0.4391 0.8985
vn 0.0005 0.9474 0.3200
vn 0.0022 -0.3552 0.9348
vn 0.6553 -0.3041 0.6914
vn 0.7691 0.2794 0.5748
vn 0.6451 0.7312 0.2218
vn 0.0242 0.9453 -0.3253
vn 0.0053 0.9807 -0.1954
vn 0.7758 0.6204 -0.1156
vn -0.0041 -0.7806 0.6250
vn 0.0056 -0.7645 0.6446
vn 0.7678 -0.5012 0.3991
vn -0.0487 -0.8465 0.5302
vn -0.9339 -0.2712 0.2331
vn 0.0524 0.8757 -0.4800
vn -0.8701 0.4319 -0.2375
vn -0.9974 0.0594 -0.0419
vn 0.9967 0.0161 0.0794
vt 0.281947 0.883696
vt 0.292424 0.883697
vt 0.292424 0.889081
vt 0.281947 0.888935
vt 0.302902 0.883696
vt 0.302902 0.888935
vt 0.302902 0.894174
vt 0.292424 0.895629
vt 0.281947 0.894174
vt 0.292424 0.904651
vt 0.281947 0.904651
vt 0.302902 0.904651
vt 0.302902 0.915128
vt 0.292424 0.913673
vt 0.281947 0.915128
vt 0.281947 0.925606
vt 0.292424 0.925606
vt 0.292424 0.930990
vt 0.281947 0.930881
vt 0.302902 0.925606
vt 0.302902 0.930881
vt 0.302902 0.936083
vt 0.292424 0.937538
vt 0.281947 0.936083
vt 0.292424 0.946706
vt 0.281947 0.946560
vt 0.302902 0.946560
vt 0.302902 0.957038
vt 0.292424 0.957038
vt 0.281947 0.957038
vt 0.260993 0.925606
vt 0.271470 0.925606
vt 0.271470 0.930844
vt 0.260993 0.930844
vt 0.271470 0.936083
vt 0.260993 0.936083
vt 0.313379 0.925606
vt 0.313379 0.930844
vt 0.323856 0.925606
vt 0.323856 0.930844
vt 0.323856 0.936083
vt 0.313379 0.936083
vt 0.313379 0.915129
vt 0.313379 0.920367
vt 0.302902 0.920331
vt 0.323856 0.915129
vt 0.323856 0.920367
vt 0.260993 0.915129
vt 0.271470 0.915129
vt 0.271470 0.920367
vt 0.260993 0.920367
vt 0.281947 0.920331
vt 0.292424 0.920222
vt 0.281947 0.873219
vt 0.292424 0.873219
vt 0.292424 0.878458
vt 0.281947 0.878458
vt 0.302902 0.873219
vt 0.302902 0.878458
s 1
usemtl ひれ.003
f 896/567/968 919/568/969 920/569/970 912/570/971
f 919/568/969 897/571/972 902/572/973 920/569/970
f 920/569/970 902/572/973 891/573/974 903/574/975
f 912/570/971 920/569/970 903/574/975 890/575/976
f 890/575/976 903/574/975 921/576/977 904/577/978
f 903/574/975 891/573/974 905/578/979 921/576/977
f 921/576/977 905/578/979 895/579/980 906/580/981
f 904/577/978 921/576/977 906/580/981 894/581/982
f 898/582/983 918/583/984 922/584/985 914/585/986
f 918/583/984 899/586/987 908/587/988 922/584/985
f 922/584/985 908/587/988 893/588/989 909/589/990
f 914/585/986 922/584/985 909/589/990 892/590/991
f 892/590/991 909/589/990 923/591/992 910/592/993
f 909/589/990 893/588/989 911/593/994 923/591/992
f 923/591/992 911/593/994 889/594/995 901/595/996
f 910/592/993 923/591/992 901/595/996 888/596/997
f 896/597/968 917/598/998 924/599/999 900/600/1000
f 917/598/998 898/582/983 914/585/986 924/599/999
f 924/599/999 914/585/986 892/590/991 910/601/993
f 900/600/1000 924/599/999 910/601/993 888/602/997
f 899/586/987 916/603/1001 925/604/1002 908/587/988
f 916/603/1001 897/605/972 913/606/1003 925/604/1002
f 925/604/1002 913/606/1003 889/607/995 911/608/994
f 908/587/988 925/604/1002 911/608/994 893/588/989
f 895/579/980 905/609/979 926/610/1004 915/611/1005
f 905/609/979 891/612/974 902/613/973 926/610/1004
f 926/610/1004 902/613/973 897/605/972 916/603/1001
f 915/611/1005 926/610/1004 916/603/1001 899/586/987
f 890/614/976 904/615/978 927/616/1006 912/617/971
f 904/615/978 894/581/982 907/618/1007 927/616/1006
f 927/616/1006 907/618/1007 898/582/983 917/598/998
f 912/617/971 927/616/1006 917/598/998 896/597/968
f 894/581/982 906/580/981 928/619/1008 907/618/1007
f 906/580/981 895/579/980 915/611/1005 928/619/1008
f 928/619/1008 915/611/1005 899/586/987 918/583/984
f 907/618/1007 928/619/1008 918/583/984 898/582/983
f 888/620/997 901/621/996 929/622/1009 900/623/1000
f 901/621/996 889/624/995 913/625/1003 929/622/1009
f 929/622/1009 913/625/1003 897/571/972 919/568/969
f 900/623/1000 929/622/1009 919/568/969 896/567/968
o 立方体.019
v 1.463241 1.834749 1.812302
v 1.463241 2.294835 1.812302
v 1.463241 1.834749 1.352216
v 1.463241 2.294835 1.352216
v 1.923327 1.834749 1.812302
v 1.923327 2.294835 1.812302
v 1.923327 1.834749 1.352216
v 1.923327 2.294835 1.352216
v -1.463241 1.834749 1.812302
v -1.463241 2.294835 1.812302
v -1.463241 1.834749 1.352216
v -1.463241 2.294835 1.352216
v -1.923327 1.834749 1.812302
v -1.923327 2.294835 1.812302
v -1.923327 1.834749 1.352216
v -1.923327 2.294835 1.352216
v 1.412830 1.784338 1.582259
v 1.412830 2.064792 1.862713
v 1.412830 2.345245 1.582259
v 1.412830 2.064792 1.301805
v 1.693284 1.784338 1.301806
v 1.693283 2.345245 1.301806
v 1.973737 2.064792 1.301806
v 1.973737 1.784338 1.582259
v 1.973737 2.345245 1.582259
v 1.973737 2.064792 1.862713
v 1.693283 1.784338 1.862713
v 1.693283 2.345245 1.862713
v -1.412830 1.784338 1.582259
v -1.412830 2.064792 1.862713
v -1.412830 2.345246 1.582259
v -1.412830 2.064792 1.301805
v -1.693283 1.784338 1.301805
v -1.693284 2.345246 1.301806
v -1.973737 2.064792 1.301806
v -1.973737 1.784338 1.582259
v -1.973737 2.345245 1.582259
v -1.973737 2.064792 1.862713
v -1.693284 1.784338 1.862713
v -1.693284 2.345246 1.862713
v 1.307038 2.064792 1.582259
v 1.693283 2.064792 1.196014
v 2.079529 2.064792 1.582259
v 1.693284 2.064792 1.968504
v 1.693283 1.678547 1.582259
v 1.693283 2.451037 1.582259
v -1.307038 2.064792 1.582259
v -1.693283 2.064792 1.196014
v -2.079529 2.064792 1.582259
v -1.693284 2.064792 1.968504
v -1.693283 1.678547 1.582259
v -1.693283 2.451037 1.582259
vn -0.5774 -0.5774 0.5774
vn -0.7071 -0.0000 0.7071
vn -1.0000 -0.0000 -0.0000
vn -0.7071 -0.7071 -0.0000
vn -0.5773 0.5774 0.5774
vn -0.7071 0.7071 -0.0000
vn -0.5773 0.5774 -0.5774
vn -0.7071 -0.0000 -0.7071
vn -0.5773 -0.5774 -0.5774
vn -0.0000 -0.0000 -1.0000
vn -0.0000 -0.7071 -0.7071
vn -0.0000 0.7071 -0.7071
vn 0.5773 0.5774 -0.5774
vn 0.7071 -0.0000 -0.7071
vn 0.5774 -0.5773 -0.5774
vn 1.0000 -0.0000 -0.0000
vn 0.7071 -0.7071 -0.0000
vn 0.7071 0.7071 -0.0000
vn 0.5773 0.5774 0.5773
vn 0.7071 -0.0000 0.7071
vn 0.5774 -0.5774 0.5773
vn -0.0000 -0.0000 1.0000
vn -0.0000 -0.7071 0.7071
vn -0.0000 0.7071 0.7071
vn -0.0000 -1.0000 -0.0000
vn -0.0000 1.0000 -0.0000
vn 0.5773 -0.5774 0.5774
vn 0.5774 -0.5774 -0.5774
vn 0.5773 0.5774 0.5774
vn -0.5774 -0.5773 -0.5774
vn -0.5774 0.5773 -0.5774
vn -0.5774 -0.5774 0.5773
vn -0.5774 0.5774 0.5773
vt 0.080550 0.866385
vt 0.091027 0.866385
vt 0.091027 0.876862
vt 0.080550 0.876862
vt 0.101504 0.866385
vt 0.101504 0.876862
vt 0.101504 0.887339
vt 0.091027 0.887339
vt 0.080550 0.887339
vt 0.091027 0.897817
vt 0.080550 0.897817
vt 0.101504 0.897817
vt 0.101504 0.908294
vt 0.091027 0.908294
vt 0.080550 0.908294
vt 0.091027 0.918771
vt 0.080550 0.918771
vt 0.101504 0.918771
vt 0.101504 0.929248
vt 0.091027 0.929249
vt 0.080550 0.929248
vt 0.091027 0.939726
vt 0.080550 0.939726
vt 0.101504 0.939726
vt 0.101504 0.950203
vt 0.091027 0.950203
vt 0.080550 0.950203
vt 0.059595 0.908294
vt 0.070072 0.908294
vt 0.070072 0.918771
vt 0.059595 0.918771
vt 0.070072 0.929249
vt 0.059595 0.929249
vt 0.111982 0.908294
vt 0.111982 0.918771
vt 0.122459 0.908294
vt 0.122459 0.918771
vt 0.122459 0.929249
vt 0.111982 0.929249
s 1
usemtl マテリアル.010
f 930/626/1010 947/627/1011 970/628/1012 946/629/1013
f 947/627/1011 931/630/1014 948/631/1015 970/628/1012
f 970/628/1012 948/631/1015 933/632/1016 949/633/1017
f 946/629/1013 970/628/1012 949/633/1017 932/634/1018
f 932/634/1018 949/633/1017 971/635/1019 950/636/1020
f 949/633/1017 933/632/1016 951/637/1021 971/635/1019
f 971/635/1019 951/637/1021 937/638/1022 952/639/1023
f 950/636/1020 971/635/1019 952/639/1023 936/640/1024
f 936/640/1024 952/639/1023 972/641/1025 953/642/1026
f 952/639/1023 937/638/1022 954/643/1027 972/641/1025
f 972/641/1025 954/643/1027 935/644/1028 955/645/1029
f 953/642/1026 972/641/1025 955/645/1029 934/646/1030
f 934/646/1030 955/645/1029 973/647/1031 956/648/1032
f 955/645/1029 935/644/1028 957/649/1033 973/647/1031
f 973/647/1031 957/649/1033 931/650/1014 947/651/1011
f 956/648/1032 973/647/1031 947/651/1011 930/652/1010
f 932/653/1018 950/654/1020 974/655/1034 946/656/1013
f 950/654/1020 936/640/1024 953/642/1026 974/655/1034
f 974/655/1034 953/642/1026 934/646/1030 956/657/1032
f 946/656/1013 974/655/1034 956/657/1032 930/658/1010
f 937/638/1022 951/659/1021 975/660/1035 954/643/1027
f 951/659/1021 933/661/1016 948/662/1015 975/660/1035
f 975/660/1035 948/662/1015 931/663/1014 957/664/1033
f 954/643/1027 975/660/1035 957/664/1033 935/644/1028
f 938/626/1036 958/629/1026 976/628/1025 959/627/1029
f 958/629/1026 940/634/1037 961/633/1023 976/628/1025
f 976/628/1025 961/633/1023 941/632/1022 960/631/1027
f 959/627/1029 976/628/1025 960/631/1027 939/630/1038
f 940/634/1037 962/636/1020 977/635/1019 961/633/1023
f 962/636/1020 944/640/1039 964/639/1017 977/635/1019
f 977/635/1019 964/639/1017 945/638/1040 963/637/1021
f 961/633/1023 977/635/1019 963/637/1021 941/632/1022
f 944/640/1039 965/642/1013 978/641/1012 964/639/1017
f 965/642/1013 942/646/1041 967/645/1011 978/641/1012
f 978/641/1012 967/645/1011 943/644/1042 966/643/1015
f 964/639/1017 978/641/1012 966/643/1015 945/638/1040
f 942/646/1041 968/648/1032 979/647/1031 967/645/1011
f 968/648/1032 938/652/1036 959/651/1029 979/647/1031
f 979/647/1031 959/651/1029 939/650/1038 969/649/1033
f 967/645/1011 979/647/1031 969/649/1033 943/644/1042
f 940/653/1037 958/656/1026 980/655/1034 962/654/1020
f 958/656/1026 938/658/1036 968/657/1032 980/655/1034
f 980/655/1034 968/657/1032 942/646/1041 965/642/1013
f 962/654/1020 980/655/1034 965/642/1013 944/640/1039
f 945/638/1040 966/643/1015 981/660/1035 963/659/1021
f 966/643/1015 943/644/1042 969/664/1033 981/660/1035
f 981/660/1035 969/664/1033 939/663/1038 960/662/1027
f 963/659/1021 981/660/1035 960/662/1027 941/661/1022
