# Blender 5.1.0
# www.blender.org
mtllib boss.mtl
o 体
v 7.136279 -8.383816 5.431315
v 3.999377 1.633399 5.634435
v 4.811732 -6.563247 -1.019267
v 3.543077 2.096530 0.151477
v -0.000000 -6.931382 -2.184353
v 0.000000 3.107619 -0.812260
v 0.000000 -9.388822 5.435314
v -0.000000 2.982715 5.703461
v 3.608041 -0.616566 11.331062
v 6.774856 -8.565179 11.313988
v 0.000000 -9.235874 13.085306
v 0.000000 -0.214072 13.117441
v 2.825306 -4.024001 -5.072592
v 0.000000 0.496258 -4.113652
v 0.000000 -3.914690 -5.921328
v 2.450807 0.100172 -3.092684
v 6.508235 -2.356666 5.816971
v 5.110433 -3.610639 11.857627
v 0.000000 -3.901223 14.907928
v 5.025980 -3.330972 -0.616673
v 4.142262 -1.204566 -1.281910
v 4.327710 -4.389716 -2.195999
v 2.398115 -3.707136 -4.037689
v 0.000000 -0.360927 -2.587586
v 0.000000 -3.522750 -4.655494
v 2.130235 -0.542116 -2.185826
v 4.194546 -3.435344 0.134409
v 3.473869 -1.487690 -0.614788
v 3.699832 -4.132458 -1.321372
v 2.374150 -4.580652 -2.822870
v -0.000000 0.390222 -1.185199
v 0.000000 -4.544108 -3.036688
v 2.026275 0.178142 -1.021282
v 3.863591 -4.606253 3.394618
v 3.111884 -0.980492 1.593314
v 3.513055 -5.336480 0.256725
v -0.000000 -4.938752 5.497963
v 0.000000 -0.860871 2.449781
v -0.000000 -5.623348 0.947195
v 2.436108 -3.274505 -5.109756
v 3.802450 -3.712573 -2.289711
v 3.608249 -1.728380 -1.559531
v 2.135064 -0.745832 -3.094720
v 0.000000 -3.083385 -5.779817
v 0.000000 -0.519485 -3.757204
v 4.348554 -3.137308 -1.059219
v 4.741492 -0.027746 0.326841
v 5.699903 -5.432275 0.032909
v 5.816208 -2.764918 1.875532
v 5.103515 -1.800556 0.218083
v 5.361937 -4.443468 -0.128554
v 5.463624 -3.162538 0.689567
v 5.135907 -5.054378 -0.361546
v 5.409179 -3.138387 1.119451
v 4.746971 -0.845780 0.231588
v 8.146568 -5.493164 5.584653
v 6.905004 -6.143141 11.823482
v -0.000000 -6.534605 14.811522
v -7.136279 -8.383817 5.431316
v -3.999377 1.633400 5.634435
v -4.811732 -6.563247 -1.019267
v -3.543077 2.096530 0.151478
v -3.608041 -0.616566 11.331060
v -6.774856 -8.565179 11.313988
v -2.825306 -4.024001 -5.072593
v -2.450807 0.100172 -3.092684
v -6.508235 -2.356666 5.816971
v -5.110433 -3.610639 11.857627
v -5.025980 -3.330971 -0.616673
v -4.142262 -1.204566 -1.281910
v -4.327711 -4.389717 -2.195998
v -2.398115 -3.707136 -4.037689
v -2.130235 -0.542116 -2.185826
v -4.194546 -3.435344 0.134409
v -3.473869 -1.487690 -0.614788
v -3.699832 -4.132458 -1.321372
v -2.374151 -4.580652 -2.822870
v -2.026275 0.178142 -1.021282
v -3.863591 -4.606254 3.394617
v -3.111884 -0.980492 1.593314
v -3.513054 -5.336481 0.256725
v -2.436108 -3.274505 -5.109756
v -3.802450 -3.712573 -2.289711
v -3.608249 -1.728380 -1.559531
v -2.135064 -0.745832 -3.094720
v -4.348553 -3.137308 -1.059219
v -4.741492 -0.027746 0.326841
v -5.699903 -5.432275 0.032909
v -5.816208 -2.764918 1.875532
v -5.103515 -1.800556 0.218083
v -5.361937 -4.443468 -0.128554
v -5.463624 -3.162538 0.689567
v -5.135908 -5.054378 -0.361546
v -5.409179 -3.138387 1.119451
v -4.746971 -0.845780 0.231588
v -8.146568 -5.493165 5.584653
v -6.905004 -6.143141 11.823481
v 1.953111 2.866861 -0.459659
v 6.120734 -7.667423 2.014508
v 3.903066 2.159689 2.624794
v 8.293765 -7.044530 5.471644
v 4.116440 -9.157285 5.429382
v 2.761351 -6.844594 -1.782304
v 2.140635 2.686412 5.676516
v 0.000000 3.516672 2.083515
v -0.000000 -5.277803 -4.615246
v 0.000000 -8.395191 1.275152
v 7.245446 -7.556572 11.714742
v 4.243188 -9.029255 12.485166
v 2.179639 -0.370396 12.509443
v 0.000000 -8.010680 14.523440
v 0.000000 1.626570 9.794180
v 3.914330 0.479790 8.963598
v 7.396703 -8.665555 8.928197
v -0.000000 -9.705846 9.756645
v 2.973037 1.204490 -1.844254
v 0.000000 1.851723 -2.940566
v 1.293127 0.410994 -3.812182
v 3.633598 -5.202281 -3.509666
v 1.538055 -3.935821 -5.750754
v 5.661226 -6.080471 -0.427890
v 5.393646 -0.253692 5.662779
v 4.297907 -1.998916 11.746596
v 0.000000 -2.162303 14.611813
v 5.107571 -2.348544 -0.123596
v 6.263096 -2.952001 8.884275
v 2.868041 -3.878103 14.055204
v 6.216682 -2.322950 3.336076
v 4.644916 -2.225022 -0.821025
v 4.742001 -4.082614 -1.264517
v 3.373954 -0.476397 -2.210754
v 3.691470 -4.193840 -3.771559
v 1.135124 -0.397941 -2.523791
v 1.295442 -3.560412 -4.577890
v 3.952961 -2.471208 -0.015900
v 4.076602 -3.992941 -0.301211
v 2.887008 -0.860269 -1.454680
v 3.170968 -3.963811 -2.773333
v 2.402571 -3.388399 -4.597736
v 3.977252 -3.854781 -2.494521
v 3.480334 -1.659521 -1.267268
v 2.198880 -0.527798 -3.382149
v 0.000000 -3.208103 -5.236276
v 0.000000 -0.254516 -4.239966
v 1.211318 0.340425 -1.155821
v 1.433259 -4.564243 -2.999882
v 3.592712 -2.829478 2.994601
v 3.835328 -5.371158 2.249020
v 2.533897 -0.021967 0.016553
v 2.950897 -4.962125 -1.649633
v 3.520209 -1.220966 0.484886
v 2.119439 -0.121462 -1.617138
v 4.313562 -4.022008 1.641218
v 0.000000 0.062547 -2.050615
v 2.434959 -4.179105 -3.430490
v 3.862216 -4.753320 -0.523956
v 0.000000 -3.982491 -4.015106
v -0.000000 -2.952496 4.667936
v 0.000000 -5.736669 3.802733
v 2.087054 -5.587962 0.770429
v 2.278544 -4.885016 4.873216
v 1.823902 -0.876295 2.252265
v -0.000000 -5.142492 -1.422403
v 0.000000 0.218593 0.345538
v 4.177922 -3.156048 -0.737295
v 2.497906 -3.419081 -5.449741
v 3.676435 -3.788949 -1.903279
v 3.824106 -1.666170 -1.634605
v 2.124986 -0.755267 -2.670232
v -0.000000 -3.235081 -6.161063
v 0.000000 -0.557101 -3.153261
v 4.645473 -3.243933 -1.007215
v 4.209132 -3.580266 -1.394893
v 4.113492 -2.456996 -1.122539
v 1.122521 -0.561831 -3.592830
v 1.311647 -3.122321 -5.694546
v 2.954895 -1.137908 -2.316914
v 3.239661 -3.540712 -3.759727
v 4.465384 0.903850 0.438707
v 5.239179 -5.203003 -0.344070
v 5.528120 -3.047360 1.285834
v 5.300975 -1.010590 1.451695
v 5.979799 -4.321229 1.350996
v 4.897080 -1.237988 0.210577
v 5.264821 -4.082113 -0.373952
v 5.238107 -4.833631 -0.279153
v 5.315013 -2.372283 0.520659
v 5.471874 -3.917149 0.328397
v 5.442792 -3.167577 0.950855
v 4.754861 -0.506940 0.274249
v 5.120138 -1.736955 0.900794
v 5.383178 -4.386200 0.560700
v 4.809093 -4.936426 -1.193288
v 4.504375 -0.897666 -0.472923
v 7.460209 -4.029099 5.761486
v 6.061593 -4.904887 11.853359
v 0.000000 -5.252817 14.895877
v 3.923405 -6.427120 13.984656
v 8.236866 -5.767459 8.828367
v 7.119884 -5.454954 2.613062
v 4.774598 -5.111547 -1.650257
v 4.315938 -0.224870 -0.710580
v -1.953111 2.866861 -0.459659
v -6.120733 -7.667423 2.014508
v -3.903066 2.159689 2.624794
v -8.293765 -7.044530 5.471645
v -4.116440 -9.157285 5.429382
v -2.761351 -6.844594 -1.782304
v -2.140635 2.686412 5.676516
v -7.245446 -7.556572 11.714743
v -4.243188 -9.029255 12.485165
v -2.179639 -0.370396 12.509443
v -3.914330 0.479790 8.963597
v -7.396703 -8.665554 8.928197
v -2.973037 1.204490 -1.844254
v -1.293127 0.410994 -3.812182
v -3.633598 -5.202281 -3.509666
v -1.538055 -3.935820 -5.750754
v -5.661226 -6.080471 -0.427889
v -5.393645 -0.253692 5.662778
v -4.297907 -1.998916 11.746596
v -5.107571 -2.348544 -0.123596
v -6.263097 -2.952001 8.884274
v -2.868042 -3.878103 14.055203
v -6.216682 -2.322950 3.336076
v -4.644916 -2.225022 -0.821025
v -4.742001 -4.082614 -1.264517
v -3.373954 -0.476397 -2.210753
v -3.691470 -4.193840 -3.771559
v -1.135124 -0.397941 -2.523791
v -1.295442 -3.560412 -4.577890
v -3.952960 -2.471208 -0.015900
v -4.076602 -3.992941 -0.301211
v -2.887008 -0.860269 -1.454680
v -3.170968 -3.963811 -2.773333
v -2.402571 -3.388399 -4.597736
v -3.977252 -3.854781 -2.494521
v -3.480335 -1.659521 -1.267267
v -2.198880 -0.527798 -3.382149
v -1.211318 0.340425 -1.155821
v -1.433259 -4.564243 -2.999882
v -3.592712 -2.829478 2.994601
v -3.835328 -5.371158 2.249021
v -2.533897 -0.021967 0.016553
v -2.950897 -4.962124 -1.649633
v -3.520208 -1.220966 0.484886
v -2.119439 -0.121462 -1.617138
v -4.313561 -4.022008 1.641218
v -2.434959 -4.179105 -3.430490
v -3.862216 -4.753320 -0.523956
v -2.087054 -5.587962 0.770429
v -2.278544 -4.885016 4.873216
v -1.823902 -0.876295 2.252266
v -4.177922 -3.156048 -0.737295
v -2.497906 -3.419081 -5.449741
v -3.676435 -3.788949 -1.903279
v -3.824106 -1.666171 -1.634605
v -2.124986 -0.755267 -2.670232
v -4.645473 -3.243933 -1.007215
v -4.209132 -3.580266 -1.394893
v -4.113492 -2.456996 -1.122539
v -1.122521 -0.561831 -3.592830
v -1.311647 -3.122321 -5.694546
v -2.954895 -1.137909 -2.316914
v -3.239661 -3.540712 -3.759727
v -4.465384 0.903850 0.438707
v -5.239179 -5.203003 -0.344070
v -5.528120 -3.047360 1.285834
v -5.300974 -1.010590 1.451695
v -5.979799 -4.321229 1.350996
v -4.897080 -1.237987 0.210577
v -5.264822 -4.082113 -0.373952
v -5.238107 -4.833632 -0.279153
v -5.315013 -2.372283 0.520659
v -5.471873 -3.917149 0.328397
v -5.442792 -3.167577 0.950855
v -4.754861 -0.506940 0.274249
v -5.120138 -1.736955 0.900794
v -5.383178 -4.386200 0.560700
v -4.809093 -4.936426 -1.193288
v -4.504375 -0.897666 -0.472923
v -7.460209 -4.029099 5.761486
v -6.061593 -4.904887 11.853359
v -3.923405 -6.427121 13.984655
v -8.236866 -5.767459 8.828367
v -7.119884 -5.454954 2.613062
v -4.774598 -5.111547 -1.650257
v -4.315937 -0.224870 -0.710580
v 1.620694 1.694981 -2.576196
v 5.195275 -1.934733 0.766807
v 3.528562 -8.227669 1.543176
v 2.136625 1.365139 9.479479
v 2.112285 3.218553 2.293141
v 2.444803 -2.209058 13.812758
v 4.326735 -9.459436 9.444567
v 5.194216 -1.149405 8.847548
v 2.042975 -5.257068 -4.292705
v 7.348225 -4.406112 8.873981
v 3.417894 -5.182806 14.046385
v 6.809193 -4.077610 3.126040
v 4.765586 -1.548551 -0.348005
v 5.009646 -4.630777 -0.862907
v 3.161656 -3.637606 -3.308560
v 2.889287 -1.097817 -1.982495
v 1.301657 -3.244901 -5.155370
v 1.129822 -0.595418 -3.050447
v 2.889364 -0.426096 -0.687420
v 4.036200 -2.641719 1.408610
v 1.136252 0.021434 -1.996019
v 3.266399 -4.493179 -2.162724
v 4.237162 -4.692166 0.899995
v 1.317442 -4.021927 -3.943416
v 2.273188 -5.682670 3.348455
v 2.112626 -2.928808 4.198705
v 1.750731 -5.131279 -1.456978
v 1.481382 0.177781 0.297956
v 3.950568 -2.419975 -0.826202
v 4.051104 -3.635069 -1.047504
v 4.453638 -3.720933 -1.460922
v 4.384529 -2.481247 -1.103560
v 1.145125 -0.306151 -4.008924
v 1.338840 -3.272703 -6.063046
v 3.090224 -0.992024 -2.494893
v 3.350282 -3.677721 -4.057327
v 5.210666 0.093635 2.661273
v 5.430246 -4.273879 0.472115
v 5.190330 -1.516069 1.026443
v 5.520255 -4.413276 0.687776
v 5.359960 -3.200333 0.118120
v 4.899653 -5.192855 -1.138476
v 4.492532 -0.431980 -0.354358
v 4.193980 -7.862202 13.747952
v 8.514919 -7.313486 8.798890
v 7.133968 -6.683859 2.316125
v 4.460984 -5.130979 -2.537405
v 3.853305 0.431883 -1.197054
v -1.620694 1.694981 -2.576196
v -5.195275 -1.934733 0.766807
v -3.528562 -8.227669 1.543176
v -2.136625 1.365139 9.479479
v -2.112285 3.218553 2.293141
v -2.444803 -2.209058 13.812758
v -4.326736 -9.459436 9.444567
v -5.194215 -1.149405 8.847548
v -2.042975 -5.257068 -4.292704
v -7.348226 -4.406112 8.873981
v -3.417894 -5.182806 14.046387
v -6.809193 -4.077610 3.126040
v -4.765586 -1.548551 -0.348005
v -5.009647 -4.630777 -0.862907
v -3.161656 -3.637606 -3.308561
v -2.889287 -1.097816 -1.982495
v -1.301657 -3.244901 -5.155371
v -1.129822 -0.595418 -3.050447
v -2.889364 -0.426096 -0.687420
v -4.036200 -2.641719 1.408610
v -1.136252 0.021434 -1.996019
v -3.266399 -4.493180 -2.162725
v -4.237162 -4.692166 0.899995
v -1.317442 -4.021927 -3.943416
v -2.273189 -5.682669 3.348455
v -2.112626 -2.928808 4.198705
v -1.750731 -5.131279 -1.456978
v -1.481382 0.177781 0.297956
v -3.950568 -2.419976 -0.826202
v -4.051104 -3.635069 -1.047504
v -4.453638 -3.720933 -1.460921
v -4.384528 -2.481247 -1.103560
v -1.145125 -0.306151 -4.008924
v -1.338840 -3.272704 -6.063046
v -3.090224 -0.992024 -2.494893
v -3.350282 -3.677721 -4.057327
v -5.210666 0.093635 2.661273
v -5.430246 -4.273879 0.472115
v -5.190330 -1.516069 1.026443
v -5.520255 -4.413276 0.687776
v -5.359960 -3.200334 0.118120
v -4.899654 -5.192854 -1.138476
v -4.492531 -0.431980 -0.354358
v -4.193980 -7.862201 13.747952
v -8.514919 -7.313486 8.798890
v -7.133967 -6.683858 2.316125
v -4.460985 -5.130979 -2.537404
v -3.853305 0.431883 -1.197054
vn 0.5234 -0.8264 -0.2076
vn 0.6604 0.7305 0.1741
vn 0.4974 -0.6872 -0.5295
vn 0.6637 0.6951 -0.2764
vn -0.0000 -0.8747 -0.4846
vn -0.0000 0.9390 -0.3438
vn -0.0000 -0.9878 -0.1560
vn -0.0000 0.9719 0.2354
vn 0.6309 0.6178 0.4694
vn 0.5186 -0.7727 0.3660
vn -0.0000 -0.8991 0.4378
vn -0.0000 0.7420 0.6704
vn 0.6543 -0.2591 -0.7105
vn -0.0000 0.4350 -0.9004
vn -0.0000 -0.5430 -0.8397
vn 0.6417 0.2677 -0.7187
vn 0.8821 0.4704 0.0272
vn 0.7074 0.4220 0.5670
vn -0.0000 0.1191 0.9929
vn 0.8285 0.1597 -0.5367
vn 0.8066 0.1029 -0.5820
vn 0.8777 0.3046 -0.3700
vn -0.3481 0.7795 0.5208
vn -0.0000 -0.8754 0.4833
vn -0.0000 0.8476 0.5307
vn -0.4856 -0.7646 0.4237
vn -0.9958 -0.0764 0.0510
vn -0.8813 -0.4567 0.1214
vn -0.8849 0.3415 0.3168
vn -0.2236 0.8671 0.4451
vn -0.0000 -0.9915 0.1304
vn -0.0000 0.9052 0.4250
vn -0.3830 -0.9108 0.1540
vn -0.8132 0.2186 -0.5393
vn -0.6137 -0.6830 -0.3960
vn -0.4345 0.8839 0.1728
vn -0.0000 0.3343 -0.9425
vn -0.0000 -0.8044 -0.5941
vn -0.0000 0.9933 0.1153
vn 0.2937 0.9542 -0.0562
vn 0.1344 0.9893 -0.0568
vn -0.4031 -0.7803 -0.4783
vn -0.0281 -0.9396 -0.3412
vn -0.0000 0.9960 -0.0899
vn -0.0000 -0.9509 -0.3095
vn -0.4061 0.2209 -0.8867
vn 0.9164 0.2255 -0.3307
vn 0.8079 0.3701 -0.4587
vn 0.8839 0.2394 -0.4017
vn 0.9253 0.2901 -0.2440
vn 0.9667 -0.1139 -0.2291
vn 0.9957 0.0924 -0.0122
vn 0.8972 0.1679 -0.4085
vn 0.9289 0.1773 -0.3251
vn 0.9172 0.1471 -0.3704
vn 0.9480 0.2820 -0.1476
vn 0.7398 0.2528 0.6236
vn -0.0000 -0.0862 0.9963
vn -0.5234 -0.8264 -0.2076
vn -0.6604 0.7305 0.1741
vn -0.4974 -0.6872 -0.5295
vn -0.6637 0.6951 -0.2764
vn -0.6309 0.6178 0.4694
vn -0.5186 -0.7727 0.3660
vn -0.6543 -0.2591 -0.7105
vn -0.6417 0.2677 -0.7187
vn -0.8821 0.4704 0.0272
vn -0.7074 0.4220 0.5670
vn -0.8285 0.1597 -0.5367
vn -0.8066 0.1029 -0.5820
vn -0.8777 0.3046 -0.3700
vn 0.3481 0.7795 0.5208
vn 0.4856 -0.7646 0.4237
vn 0.9958 -0.0764 0.0510
vn 0.8813 -0.4567 0.1214
vn 0.8849 0.3415 0.3168
vn 0.2236 0.8671 0.4451
vn 0.3830 -0.9108 0.1540
vn 0.8132 0.2186 -0.5393
vn 0.6137 -0.6830 -0.3960
vn 0.4345 0.8839 0.1728
vn -0.2937 0.9542 -0.0562
vn -0.1344 0.9893 -0.0568
vn 0.4031 -0.7803 -0.4783
vn 0.0281 -0.9396 -0.3412
vn 0.4061 0.2209 -0.8867
vn -0.9164 0.2255 -0.3307
vn -0.8079 0.3701 -0.4587
vn -0.8839 0.2394 -0.4017
vn -0.9253 0.2901 -0.2440
vn -0.9667 -0.1139 -0.2291
vn -0.9957 0.0924 -0.0122
vn -0.8972 0.1679 -0.4085
vn -0.9289 0.1773 -0.3251
vn -0.9172 0.1471 -0.3704
vn -0.9480 0.2820 -0.1476
vn -0.7398 0.2528 0.6236
vn 0.3492 0.8808 -0.3199
vn 0.4934 -0.7773 -0.3902
vn 0.6771 0.7359 -0.0035
vn 0.9375 -0.2734 -0.2154
vn 0.1526 -0.9740 -0.1673
vn 0.1943 -0.8482 -0.4927
vn 0.3168 0.9212 0.2258
vn -0.0000 1.0000 -0.0027
vn -0.0000 -0.7680 -0.6405
vn -0.0000 -0.9476 -0.3194
vn 0.7681 -0.2493 0.5899
vn 0.2494 -0.8621 0.4411
vn 0.3915 0.6957 0.6023
vn -0.0000 -0.4707 0.8823
vn -0.0000 0.9114 0.4114
vn 0.6428 0.6936 0.3252
vn 0.5645 -0.8236 0.0545
vn -0.0000 -0.9993 0.0377
vn 0.6475 0.5274 -0.5501
vn -0.0000 0.7629 -0.6465
vn 0.3887 0.3927 -0.8335
vn 0.5698 -0.5257 -0.6316
vn 0.2487 -0.5067 -0.8255
vn 0.8432 -0.1697 -0.5101
vn 0.8500 0.5182 0.0953
vn 0.7169 0.4530 0.5299
vn -0.0000 0.3965 0.9180
vn 0.8892 0.2030 -0.4100
vn 0.8112 0.5123 0.2819
vn 0.4592 0.2188 0.8610
vn 0.9113 0.3586 -0.2026
vn 0.7857 0.1488 -0.6005
vn 0.8442 0.1627 -0.5107
vn 0.7609 0.1297 -0.6357
vn 0.8715 0.1181 -0.4760
vn -0.1789 -0.8603 0.4774
vn -0.0751 0.8440 0.5311
vn -0.9477 -0.3186 0.0177
vn -0.9657 0.1769 0.1899
vn -0.7541 -0.5936 0.2809
vn -0.7166 0.5451 0.4351
vn -0.1001 0.9393 0.3283
vn 0.7210 0.6306 -0.2874
vn -0.7901 -0.6129 -0.0077
vn 0.4610 -0.3929 -0.7957
vn -0.0000 0.9374 0.3481
vn -0.0000 -0.3752 -0.9269
vn -0.1366 -0.9794 0.1489
vn -0.0422 0.8996 0.4346
vn -0.7336 -0.4193 -0.5348
vn -0.6475 0.7514 -0.1269
vn -0.4978 -0.8566 -0.1358
vn -0.3229 0.8862 0.3323
vn -0.8665 -0.4976 -0.0389
vn -0.4870 -0.7720 0.4084
vn -0.9918 -0.0108 -0.1277
vn -0.0000 -0.8682 0.4963
vn -0.3804 0.7420 0.5521
vn -0.8128 0.5014 0.2964
vn -0.0000 0.8388 0.5444
vn -0.0000 -0.5374 -0.8433
vn -0.0000 0.9715 -0.2372
vn -0.0728 0.9903 0.1186
vn -0.4311 0.3276 -0.8407
vn -0.2299 -0.7834 -0.5774
vn -0.0000 0.9621 0.2728
vn -0.0000 -0.9562 -0.2927
vn -0.9853 -0.0236 -0.1694
vn 0.5903 0.4041 -0.6987
vn -0.6138 0.7609 0.2104
vn 0.4384 -0.3649 -0.8214
vn -0.3683 -0.9167 0.1548
vn -0.0000 0.3929 -0.9196
vn -0.0000 -0.9914 0.1307
vn 0.5656 0.2655 -0.7807
vn -0.1316 0.9034 -0.4080
vn -0.4644 -0.5073 -0.7259
vn 0.0209 -0.9454 -0.3252
vn 0.1154 0.9877 -0.1060
vn -0.2257 -0.9078 -0.3535
vn 0.2955 0.9552 0.0181
vn 0.8555 0.4428 -0.2686
vn 0.6452 0.6877 -0.3329
vn 0.8079 0.1834 -0.5601
vn 0.9261 0.2146 -0.3102
vn 0.8169 0.3193 -0.4804
vn 0.9184 0.3339 -0.2123
vn 0.9112 0.0473 -0.4093
vn 0.9454 -0.2652 -0.1897
vn 0.9716 0.2145 -0.1000
vn 0.9955 -0.0222 -0.0923
vn 0.9833 0.0477 0.1755
vn 0.9179 0.0778 -0.3891
vn 0.9280 0.1811 -0.3257
vn 0.9352 0.1277 -0.3304
vn 0.9201 0.1910 -0.3421
vn 0.8950 0.1712 -0.4118
vn 0.8848 0.4622 -0.0586
vn 0.6834 0.4245 0.5940
vn -0.0000 0.0176 0.9998
vn 0.4106 0.0431 0.9108
vn 0.9213 0.3270 0.2105
vn 0.8919 0.2450 -0.3800
vn 0.8810 0.3641 -0.3023
vn 0.8706 0.1908 -0.4535
vn -0.3492 0.8808 -0.3199
vn -0.4934 -0.7773 -0.3902
vn -0.6771 0.7359 -0.0035
vn -0.9375 -0.2734 -0.2154
vn -0.1526 -0.9740 -0.1673
vn -0.1943 -0.8482 -0.4927
vn -0.3168 0.9212 0.2258
vn -0.7681 -0.2493 0.5899
vn -0.2494 -0.8621 0.4411
vn -0.3915 0.6957 0.6023
vn -0.6428 0.6936 0.3252
vn -0.5645 -0.8236 0.0545
vn -0.6475 0.5274 -0.5501
vn -0.3887 0.3927 -0.8335
vn -0.5698 -0.5257 -0.6316
vn -0.2487 -0.5067 -0.8255
vn -0.8432 -0.1697 -0.5101
vn -0.8500 0.5182 0.0953
vn -0.7169 0.4530 0.5299
vn -0.8892 0.2030 -0.4100
vn -0.8112 0.5123 0.2819
vn -0.4592 0.2188 0.8610
vn -0.9113 0.3586 -0.2026
vn -0.7857 0.1488 -0.6005
vn -0.8442 0.1627 -0.5107
vn -0.7609 0.1297 -0.6357
vn -0.8715 0.1181 -0.4760
vn 0.1789 -0.8603 0.4774
vn 0.0751 0.8440 0.5311
vn 0.9477 -0.3186 0.0177
vn 0.9657 0.1769 0.1899
vn 0.7541 -0.5936 0.2809
vn 0.7166 0.5451 0.4351
vn 0.1001 0.9393 0.3283
vn -0.7210 0.6306 -0.2874
vn 0.7901 -0.6129 -0.0077
vn -0.4610 -0.3929 -0.7957
vn 0.1366 -0.9794 0.1489
vn 0.0422 0.8996 0.4346
vn 0.7336 -0.4193 -0.5348
vn 0.6475 0.7514 -0.1269
vn 0.4978 -0.8566 -0.1358
vn 0.3229 0.8862 0.3323
vn 0.8665 -0.4976 -0.0389
vn 0.4870 -0.7720 0.4084
vn 0.9918 -0.0108 -0.1277
vn 0.3804 0.7420 0.5521
vn 0.8128 0.5014 0.2964
vn 0.0728 0.9903 0.1186
vn 0.4311 0.3276 -0.8407
vn 0.2299 -0.7834 -0.5774
vn 0.9853 -0.0236 -0.1694
vn -0.5903 0.4041 -0.6987
vn 0.6138 0.7609 0.2104
vn -0.4384 -0.3649 -0.8214
vn 0.3683 -0.9167 0.1548
vn -0.5656 0.2655 -0.7807
vn 0.1316 0.9034 -0.4080
vn 0.4644 -0.5073 -0.7259
vn -0.0209 -0.9454 -0.3252
vn -0.1154 0.9877 -0.1060
vn 0.2257 -0.9078 -0.3535
vn -0.2955 0.9552 0.0181
vn -0.8555 0.4428 -0.2686
vn -0.6452 0.6877 -0.3329
vn -0.8079 0.1834 -0.5601
vn -0.9261 0.2146 -0.3102
vn -0.8169 0.3193 -0.4804
vn -0.9184 0.3339 -0.2123
vn -0.9112 0.0473 -0.4093
vn -0.9454 -0.2652 -0.1897
vn -0.9716 0.2145 -0.1000
vn -0.9955 -0.0222 -0.0923
vn -0.9833 0.0477 0.1755
vn -0.9179 0.0778 -0.3891
vn -0.9280 0.1811 -0.3257
vn -0.9352 0.1277 -0.3304
vn -0.9201 0.1910 -0.3421
vn -0.8950 0.1712 -0.4118
vn -0.8848 0.4622 -0.0586
vn -0.6834 0.4245 0.5940
vn -0.4106 0.0431 0.9108
vn -0.9213 0.3270 0.2105
vn -0.8919 0.2450 -0.3800
vn -0.8810 0.3641 -0.3023
vn -0.8706 0.1908 -0.4535
vn 0.3781 0.6953 -0.6112
vn 0.9578 0.2836 0.0466
vn 0.1658 -0.9278 -0.3342
vn 0.3292 0.8622 0.3850
vn 0.3223 0.9466 0.0054
vn 0.4564 0.4020 0.7938
vn 0.1569 -0.9872 0.0285
vn 0.8056 0.5179 0.2878
vn 0.2169 -0.7401 -0.6366
vn 0.8144 0.5220 0.2533
vn 0.4286 0.1702 0.8873
vn 0.8802 0.3572 -0.3126
vn 0.8622 0.2540 -0.4383
vn 0.8951 -0.0566 -0.4423
vn -0.3408 0.8878 0.3094
vn -0.6402 -0.7589 0.1191
vn -0.0147 0.9412 0.3374
vn -0.1243 -0.9827 0.1372
vn -0.7541 -0.6338 0.1719
vn -0.9364 -0.3198 -0.1443
vn -0.1716 -0.8504 0.4974
vn -0.7049 0.5632 0.4312
vn -0.9240 0.3705 0.0944
vn -0.0764 0.8272 0.5567
vn -0.2351 0.9425 -0.2375
vn -0.3608 -0.5032 -0.7852
vn -0.0408 0.9607 0.2747
vn -0.1430 -0.9482 -0.2835
vn -0.8832 -0.4411 -0.1595
vn -0.8677 0.4964 0.0270
vn 0.6324 0.5290 -0.5659
vn 0.4567 -0.0611 -0.8875
vn 0.2846 -0.3738 -0.8827
vn 0.2524 0.3818 -0.8891
vn 0.4991 -0.4409 -0.7460
vn 0.7630 0.5499 -0.3397
vn 0.8920 0.4406 -0.1014
vn 0.9710 -0.2169 0.1001
vn 0.8818 0.0846 -0.4640
vn 0.7130 0.3879 -0.5841
vn 0.9436 0.1309 -0.3042
vn 0.6936 0.6934 -0.1952
vn 0.9175 0.0868 -0.3882
vn 0.3686 -0.3879 0.8448
vn 0.9610 -0.2398 0.1377
vn 0.8680 -0.2521 -0.4277
vn 0.8610 -0.0700 -0.5037
vn 0.7977 0.3365 -0.5005
vn -0.3781 0.6953 -0.6112
vn -0.9578 0.2836 0.0466
vn -0.1658 -0.9278 -0.3342
vn -0.3292 0.8622 0.3850
vn -0.3223 0.9466 0.0054
vn -0.4564 0.4020 0.7938
vn -0.1569 -0.9872 0.0285
vn -0.8056 0.5179 0.2878
vn -0.2169 -0.7401 -0.6366
vn -0.8144 0.5220 0.2533
vn -0.4286 0.1702 0.8873
vn -0.8802 0.3572 -0.3126
vn -0.8622 0.2540 -0.4383
vn -0.8951 -0.0566 -0.4423
vn 0.3408 0.8878 0.3094
vn 0.6402 -0.7589 0.1191
vn 0.0147 0.9412 0.3374
vn 0.1243 -0.9827 0.1372
vn 0.7541 -0.6338 0.1719
vn 0.9364 -0.3198 -0.1443
vn 0.1716 -0.8504 0.4974
vn 0.7049 0.5632 0.4312
vn 0.9240 0.3705 0.0944
vn 0.0764 0.8272 0.5567
vn 0.2351 0.9425 -0.2375
vn 0.3608 -0.5032 -0.7852
vn 0.0408 0.9607 0.2747
vn 0.1430 -0.9482 -0.2835
vn 0.8832 -0.4411 -0.1595
vn 0.8677 0.4964 0.0270
vn -0.6324 0.5290 -0.5659
vn -0.4567 -0.0611 -0.8875
vn -0.2846 -0.3738 -0.8827
vn -0.2524 0.3818 -0.8891
vn -0.4991 -0.4409 -0.7460
vn -0.7630 0.5499 -0.3397
vn -0.8920 0.4406 -0.1014
vn -0.9710 -0.2169 0.1001
vn -0.8818 0.0846 -0.4640
vn -0.7130 0.3879 -0.5841
vn -0.9436 0.1309 -0.3042
vn -0.6936 0.6934 -0.1952
vn -0.9175 0.0868 -0.3882
vn -0.3686 -0.3879 0.8448
vn -0.9610 -0.2398 0.1377
vn -0.8680 -0.2521 -0.4277
vn -0.8610 -0.0700 -0.5037
vn -0.7977 0.3365 -0.5005
vt 0.167278 0.577988
vt 0.117480 0.540096
vt 0.138137 0.500865
vt 0.170998 0.533539
vt 0.067682 0.502204
vt 0.102943 0.453200
vt 0.135201 0.421521
vt 0.160608 0.467987
vt 0.186394 0.500737
vt 0.509961 0.647426
vt 0.521358 0.678343
vt 0.517669 0.682200
vt 0.511980 0.650071
vt 0.532754 0.709259
vt 0.529314 0.715500
vt 0.525875 0.721741
vt 0.513430 0.685939
vt 0.507706 0.651212
vt 0.521350 0.344823
vt 0.438431 0.334803
vt 0.395126 0.255395
vt 0.468015 0.240083
vt 0.379839 0.332935
vt 0.338127 0.269595
vt 0.298744 0.215431
vt 0.348425 0.183912
vt 0.414681 0.135344
vt 0.102948 0.308014
vt 0.056002 0.320674
vt 0.051884 0.229608
vt 0.096214 0.236103
vt 0.000245 0.344774
vt 0.002961 0.214324
vt 0.005676 0.083874
vt 0.062208 0.148248
vt 0.094153 0.180396
vt 0.135201 0.421521
vt 0.102943 0.453200
vt 0.074807 0.393785
vt 0.117559 0.369135
vt 0.033964 0.423489
vt 0.153547 0.150808
vt 0.121535 0.162894
vt 0.091456 0.104098
vt 0.126850 0.083546
vt 0.062208 0.148248
vt 0.051415 0.044515
vt 0.097155 0.005156
vt 0.299881 0.127794
vt 0.341320 0.070224
vt 0.265334 0.170015
vt 0.245256 0.136395
vt 0.255784 0.089899
vt 0.267959 0.005105
vt 0.190953 0.271070
vt 0.149792 0.291307
vt 0.137291 0.227247
vt 0.172776 0.214532
vt 0.535250 0.427054
vt 0.473020 0.413345
vt 0.438431 0.334803
vt 0.549151 0.509285
vt 0.494443 0.476180
vt 0.446080 0.457897
vt 0.419438 0.401880
vt 0.379839 0.332935
vt 0.245920 0.247942
vt 0.222166 0.257599
vt 0.199387 0.206685
vt 0.220097 0.200920
vt 0.179961 0.146674
vt 0.202226 0.145480
vt 0.158660 0.077665
vt 0.188411 0.077281
vt 0.135712 0.002701
vt 0.174268 0.000245
vt 0.335949 0.339937
vt 0.290482 0.336922
vt 0.253251 0.300166
vt 0.282946 0.292635
vt 0.245014 0.333907
vt 0.215608 0.314227
vt 0.228421 0.438671
vt 0.215899 0.417251
vt 0.230881 0.408067
vt 0.254131 0.416393
vt 0.194277 0.403552
vt 0.200989 0.403609
vt 0.207700 0.403667
vt 0.247806 0.392822
vt 0.282966 0.395134
vt 0.329084 0.348329
vt 0.335877 0.377406
vt 0.321103 0.376923
vt 0.324490 0.353016
vt 0.352509 0.410038
vt 0.319050 0.399655
vt 0.298243 0.373785
vt 0.319897 0.357703
vt 0.343866 0.444112
vt 0.390952 0.468025
vt 0.378883 0.474151
vt 0.333456 0.450397
vt 0.442383 0.495655
vt 0.429598 0.503474
vt 0.420873 0.511191
vt 0.365403 0.479348
vt 0.309932 0.447505
vt 0.215875 0.513600
vt 0.231259 0.484917
vt 0.239041 0.485955
vt 0.226315 0.511502
vt 0.250841 0.459399
vt 0.256248 0.464319
vt 0.260882 0.466064
vt 0.246042 0.486281
vt 0.231202 0.506497
vt 0.486235 0.520633
vt 0.471935 0.532479
vt 0.525841 0.543356
vt 0.509207 0.560673
vt 0.492573 0.577989
vt 0.456723 0.544590
vt 0.203341 0.573262
vt 0.207598 0.543200
vt 0.222159 0.540180
vt 0.222341 0.570122
vt 0.236272 0.536740
vt 0.241341 0.566983
vt 0.798659 0.657572
vt 0.776485 0.668469
vt 0.762208 0.652628
vt 0.784233 0.642373
vt 0.754311 0.679366
vt 0.733958 0.661831
vt 0.718371 0.639272
vt 0.752813 0.634591
vt 0.773811 0.632015
vt 0.730598 0.695672
vt 0.703423 0.674680
vt 0.706884 0.711977
vt 0.680315 0.692658
vt 0.647787 0.668362
vt 0.678195 0.649146
vt 0.824602 0.614792
vt 0.811630 0.636182
vt 0.798839 0.625978
vt 0.810714 0.606094
vt 0.781515 0.617404
vt 0.796826 0.597396
vt 0.698700 0.760414
vt 0.698495 0.823473
vt 0.677219 0.804168
vt 0.675344 0.753884
vt 0.698290 0.886532
vt 0.669607 0.853235
vt 0.652181 0.833907
vt 0.651155 0.794561
vt 0.644902 0.743800
vt 0.702792 0.736196
vt 0.673388 0.717878
vt 0.639572 0.700189
vt 0.660170 0.917452
vt 0.643330 0.888114
vt 0.622049 0.948371
vt 0.607119 0.917282
vt 0.592189 0.886192
vt 0.628101 0.853348
vt 0.598589 0.684969
vt 0.611490 0.636643
vt 0.603769 0.745590
vt 0.550894 0.763578
vt 0.550894 0.670003
vt 0.550894 0.576427
vt 0.656663 0.615835
vt 0.711401 0.610348
vt 0.636545 0.575432
vt 0.722196 0.574437
vt 0.571541 0.824885
vt 0.615159 0.803915
vt 0.628101 0.853348
vt 0.603769 0.745590
vt 0.644902 0.743800
vt 0.651155 0.794561
vt 0.752887 0.611975
vt 0.781515 0.617404
vt 0.759511 0.585917
vt 0.290948 0.429355
vt 0.291326 0.439584
vt 0.274250 0.448533
vt 0.270974 0.439819
vt 0.293659 0.444231
vt 0.277270 0.455147
vt 0.290948 0.429355
vt 0.312454 0.430689
vt 0.307668 0.439720
vt 0.301796 0.445868
vt 0.319050 0.399655
vt 0.316579 0.417843
vt 0.289557 0.414902
vt 0.351901 0.433920
vt 0.289557 0.414902
vt 0.265980 0.428462
vt 0.254131 0.416393
vt 0.243740 0.452422
vt 0.192272 0.544148
vt 0.185309 0.575625
vt 0.186394 0.500737
vt 0.203919 0.513218
vt 0.446080 0.457897
vt 0.494443 0.476180
vt 0.496296 0.506770
vt 0.451278 0.485411
vt 0.537496 0.526321
vt 0.207051 0.469965
vt 0.222088 0.481938
vt 0.243739 0.452422
vt 0.398012 0.436107
vt 0.399980 0.459187
vt 0.212539 0.368681
vt 0.170146 0.349370
vt 0.215608 0.314227
vt 0.180065 0.403455
vt 0.166780 0.403495
vt 0.135201 0.421521
vt 0.117559 0.369135
vt 0.102948 0.308014
vt 0.117559 0.369135
vt 0.513487 0.618396
vt 0.517722 0.620260
vt 0.511980 0.650071
vt 0.526112 0.586414
vt 0.529433 0.591597
vt 0.532754 0.596780
vt 0.521358 0.622103
vt 0.508989 0.689689
vt 0.501940 0.652147
vt 0.523156 0.728329
vt 0.520438 0.734917
vt 0.503708 0.693339
vt 0.486977 0.651761
vt 0.503497 0.615120
vt 0.508937 0.616760
vt 0.520017 0.578479
vt 0.523065 0.582447
vt 0.257948 0.347935
vt 0.288922 0.352819
vt 0.267424 0.373291
vt 0.232824 0.375801
vt 0.247806 0.392822
vt 0.352310 0.379434
vt 0.340154 0.368779
vt 0.332517 0.344133
vt 0.352310 0.379434
vt 0.335877 0.377406
vt 0.200372 0.426458
vt 0.203022 0.416571
vt 0.215899 0.417251
vt 0.187171 0.403503
vt 0.200372 0.426458
vt 0.215899 0.417251
vt 0.223996 0.142079
vt 0.219805 0.078448
vt 0.255785 0.089899
vt 0.221114 0.002675
vt 0.267686 0.235509
vt 0.239966 0.191470
vt 0.345797 0.334907
vt 0.305010 0.282362
vt 0.378874 0.390755
vt 0.345797 0.334906
vt 0.184080 0.443232
vt 0.207051 0.469964
vt 0.138137 0.500865
vt 0.186394 0.500738
vt 0.160608 0.467987
vt 0.102943 0.453200
vt 0.511980 0.650071
vt 0.517669 0.682200
vt 0.513431 0.685939
vt 0.438431 0.334803
vt 0.348425 0.183912
vt 0.338127 0.269595
vt 0.379839 0.332935
vt 0.102948 0.308014
vt 0.096214 0.236103
vt 0.056002 0.320674
vt 0.062208 0.148248
vt 0.135201 0.421521
vt 0.126850 0.083546
vt 0.091456 0.104098
vt 0.121535 0.162894
vt 0.062208 0.148248
vt 0.255784 0.089899
vt 0.245256 0.136395
vt 0.265334 0.170015
vt 0.190953 0.271070
vt 0.172776 0.214532
vt 0.137291 0.227247
vt 0.149792 0.291307
vt 0.438431 0.334803
vt 0.379839 0.332935
vt 0.419438 0.401880
vt 0.494443 0.476180
vt 0.199387 0.206685
vt 0.222166 0.257599
vt 0.202226 0.145480
vt 0.179961 0.146674
vt 0.188411 0.077281
vt 0.158660 0.077665
vt 0.282946 0.292635
vt 0.253251 0.300166
vt 0.228421 0.438671
vt 0.254131 0.416393
vt 0.215899 0.417251
vt 0.321103 0.376923
vt 0.335877 0.377406
vt 0.298243 0.373785
vt 0.319050 0.399655
vt 0.352509 0.410038
vt 0.333456 0.450397
vt 0.378883 0.474151
vt 0.390952 0.468025
vt 0.429598 0.503474
vt 0.442383 0.495655
vt 0.226315 0.511502
vt 0.239041 0.485954
vt 0.231259 0.484917
vt 0.256248 0.464319
vt 0.250841 0.459399
vt 0.471935 0.532479
vt 0.486235 0.520633
vt 0.222159 0.540180
vt 0.207598 0.543200
vt 0.784233 0.642373
vt 0.773811 0.632015
vt 0.733958 0.661831
vt 0.703423 0.674680
vt 0.678195 0.649146
vt 0.647787 0.668362
vt 0.680314 0.692658
vt 0.798839 0.625979
vt 0.781515 0.617404
vt 0.677219 0.804168
vt 0.651155 0.794561
vt 0.669607 0.853235
vt 0.673388 0.717878
vt 0.643330 0.888114
vt 0.628101 0.853348
vt 0.611490 0.636643
vt 0.598589 0.684969
vt 0.711401 0.610348
vt 0.656663 0.615835
vt 0.628101 0.853348
vt 0.615159 0.803915
vt 0.644903 0.743800
vt 0.752887 0.611975
vt 0.290948 0.429355
vt 0.291326 0.439584
vt 0.256248 0.464319
vt 0.290948 0.429355
vt 0.291326 0.439583
vt 0.307668 0.439720
vt 0.312454 0.430689
vt 0.316579 0.417843
vt 0.319050 0.399655
vt 0.265980 0.428462
vt 0.192272 0.544148
vt 0.170998 0.533539
vt 0.203919 0.513218
vt 0.186394 0.500738
vt 0.451278 0.485411
vt 0.496296 0.506770
vt 0.494443 0.476180
vt 0.222088 0.481938
vt 0.207051 0.469964
vt 0.398012 0.436107
vt 0.170146 0.349370
vt 0.190953 0.271070
vt 0.149792 0.291307
vt 0.102948 0.308014
vt 0.117559 0.369135
vt 0.135201 0.421521
vt 0.166780 0.403495
vt 0.166780 0.403495
vt 0.507706 0.651212
vt 0.511980 0.650071
vt 0.517722 0.620260
vt 0.501940 0.652147
vt 0.508989 0.689689
vt 0.501940 0.652147
vt 0.508937 0.616760
vt 0.267424 0.373291
vt 0.247806 0.392822
vt 0.298243 0.373785
vt 0.340154 0.368779
vt 0.335877 0.377406
vt 0.203022 0.416571
vt 0.200372 0.426458
vt 0.215899 0.417251
vt 0.219805 0.078448
vt 0.223996 0.142079
vt 0.239966 0.191470
vt 0.305010 0.282362
vt 0.345797 0.334907
vt 0.207051 0.469964
vt 0.184080 0.443231
s 1
usemtl マテリアル
f 14/1/14 117/2/117 289/3/289 118/4/118
f 117/2/117 6/5/6 98/6/98 289/3/289
f 289/3/289 98/6/98 4/7/4 116/8/116
f 118/4/118 289/3/289 116/8/116 16/9/16
f 52/10/52 187/11/187 290/12/290 189/13/189
f 187/11/187 50/14/50 184/15/184 290/12/290
f 290/12/290 184/15/184 55/16/55 191/17/191
f 189/13/189 290/12/290 191/17/191 54/18/54
f 5/19/5 103/20/103 291/21/291 107/22/107
f 103/20/103 3/23/3 99/24/99 291/21/291
f 291/21/291 99/24/99 1/25/1 102/26/102
f 107/22/107 291/21/291 102/26/102 7/27/7
f 2/28/2 104/29/104 292/30/292 113/31/113
f 104/29/104 8/32/8 112/33/112 292/30/292
f 292/30/292 112/33/112 12/34/12 110/35/110
f 113/31/113 292/30/292 110/35/110 9/36/9
f 4/37/4 98/38/98 293/39/293 100/40/100
f 98/38/98 6/5/6 105/41/105 293/39/293
f 293/39/293 105/41/105 8/32/8 104/29/104
f 100/40/100 293/39/293 104/29/104 2/28/2
f 18/42/18 123/43/123 294/44/294 127/45/127
f 123/43/123 9/36/9 110/46/110 294/44/294
f 294/44/294 110/46/110 12/34/12 124/47/124
f 127/45/127 294/44/294 124/47/124 19/48/19
f 7/27/7 102/26/102 295/49/295 115/50/115
f 102/26/102 1/25/1 114/51/114 295/49/295
f 295/49/295 114/51/114 10/52/10 109/53/109
f 115/50/115 295/49/295 109/53/109 11/54/11
f 17/55/17 122/56/122 296/57/296 126/58/126
f 122/56/122 2/28/2 113/31/113 296/57/296
f 296/57/296 113/31/113 9/36/9 123/43/123
f 126/58/126 296/57/296 123/43/123 18/42/18
f 5/19/5 106/59/106 297/60/297 103/61/103
f 106/59/106 15/62/15 120/63/120 297/60/297
f 297/60/297 120/63/120 13/64/13 119/65/119
f 103/61/103 297/60/297 119/65/119 3/66/3
f 56/67/56 195/68/195 298/69/298 199/70/199
f 195/68/195 17/55/17 126/58/126 298/69/298
f 298/69/298 126/58/126 18/42/18 196/71/196
f 199/70/199 298/69/298 196/71/196 57/72/57
f 57/72/57 196/71/196 299/73/299 198/74/198
f 196/71/196 18/42/18 127/45/127 299/73/299
f 299/73/299 127/45/127 19/48/19 197/75/197
f 198/74/198 299/73/299 197/75/197 58/76/58
f 48/77/48 183/78/183 300/79/300 200/80/200
f 183/78/183 49/81/49 128/82/128 300/79/300
f 300/79/300 128/82/128 17/55/17 195/68/195
f 200/80/200 300/79/300 195/68/195 56/67/56
f 21/83/21 194/84/194 301/85/301 129/86/129
f 194/84/194 55/87/55 184/88/184 301/85/301
f 301/85/301 184/88/184 50/89/50 125/90/125
f 129/86/129 301/85/301 125/90/125 20/91/20
f 53/92/53 193/93/193 302/94/302 186/95/186
f 193/93/193 22/96/22 130/97/130 302/94/302
f 302/94/302 130/97/130 20/91/20 185/98/185
f 186/95/186 302/94/302 185/98/185 51/99/51
f 41/100/41 178/101/178 303/102/303 167/103/167
f 178/101/178 40/104/40 139/105/139 303/102/303
f 303/102/303 139/105/139 23/106/23 138/107/138
f 167/103/167 303/102/303 138/107/138 29/108/29
f 43/109/43 177/110/177 304/111/304 169/112/169
f 177/110/177 42/113/42 141/114/141 304/111/304
f 304/111/304 141/114/141 28/115/28 137/116/137
f 169/112/169 304/111/304 137/116/137 26/117/26
f 40/104/40 176/118/176 305/119/305 139/105/139
f 176/118/176 44/120/44 143/121/143 305/119/305
f 305/119/305 143/121/143 25/122/25 134/123/134
f 139/105/139 305/119/305 134/123/134 23/106/23
f 45/124/45 175/125/175 306/126/306 171/127/171
f 175/125/175 43/109/43 169/112/169 306/126/306
f 306/126/306 169/112/169 26/117/26 133/128/133
f 171/127/171 306/126/306 133/128/133 24/129/24
f 46/188/46 165/189/165 317/190/317 174/191/174
f 165/189/165 27/192/27 135/193/135 317/190/317
f 317/190/317 135/193/135 28/115/28 141/114/141
f 174/191/174 317/190/317 141/114/141 42/113/42
f 46/194/46 173/195/173 318/196/318 165/189/165
f 173/195/173 41/100/41 167/103/167 318/196/318
f 318/196/318 167/103/167 29/108/29 136/197/136
f 165/189/165 318/196/318 136/197/136 27/192/27
f 20/91/20 130/198/130 319/199/319 172/200/172
f 130/198/130 22/96/22 140/201/140 319/199/319
f 319/199/319 140/201/140 41/100/41 173/195/173
f 172/200/172 319/199/319 173/195/173 46/194/46
f 20/91/20 172/202/172 320/203/320 129/204/129
f 172/202/172 46/188/46 174/191/174 320/203/320
f 320/203/320 174/191/174 42/113/42 168/205/168
f 129/204/129 320/203/320 168/205/168 21/83/21
f 14/1/14 118/4/118 321/206/321 144/207/144
f 118/4/118 16/208/16 142/209/142 321/206/321
f 321/206/321 142/209/142 43/109/43 175/125/175
f 144/207/144 321/206/321 175/125/175 45/124/45
f 13/210/13 120/211/120 322/212/322 166/213/166
f 120/211/120 15/62/15 170/214/170 322/212/322
f 322/212/322 170/214/170 44/120/44 176/118/176
f 166/213/166 322/212/322 176/118/176 40/104/40
f 16/208/16 131/215/131 323/216/323 142/209/142
f 131/215/131 21/83/21 168/217/168 323/216/323
f 323/216/323 168/217/168 42/113/42 177/110/177
f 142/209/142 323/216/323 177/110/177 43/109/43
f 22/96/22 132/218/132 324/219/324 140/201/140
f 132/218/132 13/210/13 166/213/166 324/219/324
f 324/219/324 166/213/166 40/104/40 178/101/178
f 140/201/140 324/219/324 178/101/178 41/100/41
f 49/81/49 182/220/182 325/221/325 128/222/128
f 47/223/47 179/224/179 325/221/325 182/220/182
f 4/225/4 100/226/100 325/221/325 179/224/179
f 2/227/2 122/56/122 325/221/325 100/228/100
f 17/55/17 128/82/128 325/221/325 122/56/122
f 54/18/54 192/229/192 326/230/326 189/231/189
f 192/229/192 53/232/53 186/233/186 326/230/326
f 326/230/326 186/233/186 51/234/51 188/235/188
f 189/231/189 326/230/326 188/235/188 52/10/52
f 54/18/54 191/17/191 327/236/327 181/237/181
f 191/17/191 55/16/55 190/238/190 327/236/327
f 327/236/327 190/238/190 47/239/47 182/240/182
f 181/237/181 327/236/327 182/240/182 49/241/49
f 49/241/49 183/242/183 328/243/328 181/237/181
f 183/242/183 48/244/48 180/245/180 328/243/328
f 328/243/328 180/245/180 53/232/53 192/229/192
f 181/237/181 328/243/328 192/229/192 54/18/54
f 52/246/52 188/247/188 329/248/329 187/249/187
f 188/247/188 51/99/51 185/98/185 329/248/329
f 329/248/329 185/98/185 20/91/20 125/250/125
f 187/249/187 329/248/329 125/250/125 50/89/50
f 48/77/48 201/251/201 330/252/330 180/253/180
f 22/96/22 193/93/193 330/252/330 201/254/201
f 53/92/53 180/253/180 330/252/330 193/255/193
f 21/83/21 202/256/202 331/257/331 194/258/194
f 47/223/47 190/259/190 331/257/331 202/260/202
f 55/87/55 194/261/194 331/257/331 190/259/190
f 10/52/10 108/262/108 332/263/332 109/264/109
f 108/262/108 57/72/57 198/74/198 332/263/332
f 332/263/332 198/74/198 58/76/58 111/265/111
f 109/264/109 332/263/332 111/265/111 11/54/11
f 1/25/1 101/266/101 333/267/333 114/51/114
f 101/266/101 56/67/56 199/70/199 333/267/333
f 333/267/333 199/70/199 57/72/57 108/262/108
f 114/51/114 333/267/333 108/262/108 10/52/10
f 3/23/3 121/268/121 334/269/334 99/24/99
f 121/268/121 48/77/48 200/80/200 334/269/334
f 334/269/334 200/80/200 56/67/56 101/266/101
f 99/24/99 334/269/334 101/266/101 1/25/1
f 3/66/3 119/65/119 335/270/335 121/271/121
f 119/65/119 13/64/13 132/218/132 335/270/335
f 335/270/335 132/218/132 22/96/22 201/251/201
f 121/271/121 335/270/335 201/251/201 48/77/48
f 16/9/16 116/8/116 336/272/336 131/273/131
f 116/8/116 4/7/4 179/224/179 336/272/336
f 336/272/336 179/224/179 47/223/47 202/256/202
f 131/273/131 336/272/336 202/256/202 21/83/21
f 14/1/14 216/4/216 337/274/337 117/2/117
f 216/4/216 66/275/66 215/276/215 337/274/337
f 337/274/337 215/276/215 62/225/62 203/277/203
f 117/2/117 337/274/337 203/277/203 6/5/6
f 92/10/92 276/278/276 338/279/338 274/11/274
f 276/278/276 94/18/94 278/280/278 338/279/338
f 338/279/338 278/280/278 95/16/95 271/15/271
f 274/11/274 338/279/338 271/15/271 90/14/90
f 5/19/5 107/22/107 339/21/339 208/281/208
f 107/22/107 7/27/7 207/282/207 339/21/339
f 339/21/339 207/282/207 59/25/59 204/283/204
f 208/281/208 339/21/339 204/283/204 61/284/61
f 60/285/60 213/286/213 340/30/340 209/287/209
f 213/286/213 63/36/63 212/288/212 340/30/340
f 340/30/340 212/288/212 12/34/12 112/33/112
f 209/287/209 340/30/340 112/33/112 8/32/8
f 62/289/62 205/228/205 341/39/341 203/6/203
f 205/228/205 60/285/60 209/287/209 341/39/341
f 341/39/341 209/287/209 8/32/8 105/41/105
f 203/6/203 341/39/341 105/41/105 6/5/6
f 68/42/68 224/290/224 342/291/342 221/292/221
f 224/290/224 19/48/19 124/47/124 342/291/342
f 342/291/342 124/47/124 12/34/12 212/293/212
f 221/292/221 342/291/342 212/293/212 63/36/63
f 7/27/7 115/50/115 343/49/343 207/282/207
f 115/50/115 11/54/11 211/294/211 343/49/343
f 343/49/343 211/294/211 64/295/64 214/296/214
f 207/282/207 343/49/343 214/296/214 59/25/59
f 67/297/67 223/298/223 344/299/344 220/300/220
f 223/298/223 68/42/68 221/292/221 344/299/344
f 344/299/344 221/292/221 63/36/63 213/286/213
f 220/300/220 344/299/344 213/286/213 60/285/60
f 5/19/5 208/301/208 345/60/345 106/59/106
f 208/301/208 61/302/61 217/303/217 345/60/345
f 345/60/345 217/303/217 65/210/65 218/304/218
f 106/59/106 345/60/345 218/304/218 15/62/15
f 96/67/96 285/70/285 346/305/346 282/306/282
f 285/70/285 97/307/97 283/308/283 346/305/346
f 346/305/346 283/308/283 68/42/68 223/298/223
f 282/306/282 346/305/346 223/298/223 67/297/67
f 97/307/97 284/309/284 347/310/347 283/308/283
f 284/309/284 58/76/58 197/75/197 347/310/347
f 347/310/347 197/75/197 19/48/19 224/290/224
f 283/308/283 347/310/347 224/290/224 68/42/68
f 88/77/88 286/311/286 348/312/348 270/78/270
f 286/311/286 96/67/96 282/306/282 348/312/348
f 348/312/348 282/306/282 67/297/67 225/82/225
f 270/78/270 348/312/348 225/82/225 89/81/89
f 70/313/70 226/314/226 349/85/349 281/315/281
f 226/314/226 69/91/69 222/250/222 349/85/349
f 349/85/349 222/250/222 90/89/90 271/88/271
f 281/315/281 349/85/349 271/88/271 95/87/95
f 93/92/93 273/95/273 350/316/350 280/317/280
f 273/95/273 91/99/91 272/318/272 350/316/350
f 350/316/350 272/318/272 69/91/69 227/319/227
f 280/317/280 350/316/350 227/319/227 71/320/71
f 83/100/83 256/321/256 351/322/351 265/323/265
f 256/321/256 76/108/76 235/107/235 351/322/351
f 351/322/351 235/107/235 72/106/72 236/324/236
f 265/323/265 351/322/351 236/324/236 82/325/82
f 85/109/85 258/326/258 352/327/352 264/328/264
f 258/326/258 73/117/73 234/116/234 352/327/352
f 352/327/352 234/116/234 75/115/75 238/329/238
f 264/328/264 352/327/352 238/329/238 84/330/84
f 82/325/82 236/324/236 353/331/353 263/332/263
f 236/324/236 72/106/72 231/123/231 353/331/353
f 353/331/353 231/123/231 25/122/25 143/121/143
f 263/332/263 353/331/353 143/121/143 44/120/44
f 45/124/45 171/127/171 354/333/354 262/334/262
f 171/127/171 24/129/24 230/128/230 354/333/354
f 354/333/354 230/128/230 73/117/73 258/326/258
f 262/334/262 354/333/354 258/326/258 85/109/85
f 86/358/86 261/191/261 365/190/365 254/359/254
f 261/191/261 84/113/84 238/360/238 365/190/365
f 365/190/365 238/360/238 75/115/75 232/193/232
f 254/359/254 365/190/365 232/193/232 74/192/74
f 86/361/86 254/362/254 366/363/366 260/364/260
f 254/362/254 74/192/74 233/197/233 366/363/366
f 366/363/366 233/197/233 76/108/76 256/321/256
f 260/364/260 366/363/366 256/321/256 83/100/83
f 69/91/69 259/200/259 367/365/367 227/366/227
f 259/200/259 86/361/86 260/364/260 367/365/367
f 367/365/367 260/364/260 83/100/83 237/201/237
f 227/366/227 367/365/367 237/201/237 71/320/71
f 69/91/69 226/86/226 368/367/368 259/200/259
f 226/86/226 70/313/70 257/205/257 368/367/368
f 368/367/368 257/205/257 84/113/84 261/191/261
f 259/200/259 368/367/368 261/191/261 86/358/86
f 14/1/14 144/207/144 369/368/369 216/369/216
f 144/207/144 45/124/45 262/334/262 369/368/369
f 369/368/369 262/334/262 85/109/85 239/370/239
f 216/369/216 369/368/369 239/370/239 66/371/66
f 65/210/65 255/372/255 370/373/370 218/374/218
f 255/372/255 82/325/82 263/332/263 370/373/370
f 370/373/370 263/332/263 44/120/44 170/214/170
f 218/374/218 370/373/370 170/214/170 15/62/15
f 66/371/66 239/370/239 371/375/371 228/376/228
f 239/370/239 85/109/85 264/328/264 371/375/371
f 371/375/371 264/328/264 84/330/84 257/217/257
f 228/376/228 371/375/371 257/217/257 70/313/70
f 71/320/71 237/201/237 372/219/372 229/377/229
f 237/201/237 83/100/83 265/323/265 372/219/372
f 372/219/372 265/323/265 82/325/82 255/372/255
f 229/377/229 372/219/372 255/372/255 65/210/65
f 89/81/89 225/82/225 373/378/373 269/220/269
f 67/379/67 220/380/220 373/378/373 225/82/225
f 60/381/60 205/382/205 373/378/373 220/380/220
f 62/383/62 266/384/266 373/378/373 205/226/205
f 87/223/87 269/220/269 373/378/373 266/385/266
f 94/386/94 276/387/276 374/388/374 279/229/279
f 276/387/276 92/10/92 275/235/275 374/388/374
f 374/388/374 275/235/275 91/234/91 273/233/273
f 279/229/279 374/388/374 273/233/273 93/232/93
f 94/18/94 268/389/268 375/390/375 278/280/278
f 268/389/268 89/241/89 269/240/269 375/390/375
f 375/390/375 269/240/269 87/239/87 277/238/277
f 278/280/278 375/390/375 277/238/277 95/16/95
f 89/241/89 268/391/268 376/392/376 270/242/270
f 268/391/268 94/386/94 279/229/279 376/392/376
f 376/392/376 279/229/279 93/232/93 267/245/267
f 270/242/270 376/392/376 267/245/267 88/244/88
f 92/246/92 274/249/274 377/393/377 275/247/275
f 274/249/274 90/89/90 222/394/222 377/393/377
f 377/393/377 222/394/222 69/91/69 272/395/272
f 275/247/275 377/393/377 272/395/272 91/99/91
f 88/77/88 267/253/267 378/396/378 287/254/287
f 93/92/93 280/397/280 378/396/378 267/253/267
f 71/320/71 287/254/287 378/396/378 280/93/280
f 70/313/70 281/315/281 379/398/379 288/399/288
f 95/87/95 277/259/277 379/398/379 281/400/281
f 87/223/87 288/256/288 379/398/379 277/259/277
f 64/295/64 211/53/211 380/401/380 210/402/210
f 211/53/211 11/54/11 111/265/111 380/401/380
f 380/401/380 111/265/111 58/76/58 284/309/284
f 210/402/210 380/401/380 284/309/284 97/307/97
f 59/25/59 214/296/214 381/403/381 206/266/206
f 214/296/214 64/295/64 210/402/210 381/403/381
f 381/403/381 210/402/210 97/307/97 285/70/285
f 206/266/206 381/403/381 285/70/285 96/67/96
f 61/284/61 204/283/204 382/404/382 219/405/219
f 204/283/204 59/25/59 206/266/206 382/404/382
f 382/404/382 206/266/206 96/67/96 286/311/286
f 219/405/219 382/404/382 286/311/286 88/77/88
f 61/302/61 219/271/219 383/270/383 217/303/217
f 219/271/219 88/77/88 287/254/287 383/270/383
f 383/270/383 287/254/287 71/320/71 229/377/229
f 217/303/217 383/270/383 229/377/229 65/210/65
f 66/275/66 228/406/228 384/407/384 215/276/215
f 228/406/228 70/313/70 288/399/288 384/407/384
f 384/407/384 288/399/288 87/223/87 266/384/266
f 215/276/215 384/407/384 266/384/266 62/225/62
usemtl マテリアル.001
f 26/130/26 137/131/137 307/132/307 152/133/152
f 137/131/137 28/134/28 151/135/151 307/132/307
f 307/132/307 151/135/151 35/136/35 149/137/149
f 152/133/152 307/132/307 149/137/149 33/138/33
f 28/134/28 135/139/135 308/140/308 151/135/151
f 135/139/135 27/141/27 153/142/153 308/140/308
f 308/140/308 153/142/153 34/143/34 147/144/147
f 151/135/151 308/140/308 147/144/147 35/136/35
f 24/145/24 133/146/133 309/147/309 154/148/154
f 133/146/133 26/130/26 152/133/152 309/147/309
f 309/147/309 152/133/152 33/138/33 145/149/145
f 154/148/154 309/147/309 145/149/145 31/150/31
f 29/151/29 138/152/138 310/153/310 156/154/156
f 138/152/138 23/155/23 155/156/155 310/153/310
f 310/153/310 155/156/155 30/157/30 150/158/150
f 156/154/156 310/153/310 150/158/150 36/159/36
f 27/141/27 136/160/136 311/161/311 153/142/153
f 136/160/136 29/151/29 156/154/156 311/161/311
f 311/161/311 156/154/156 36/159/36 148/162/148
f 153/142/153 311/161/311 148/162/148 34/143/34
f 23/155/23 134/163/134 312/164/312 155/156/155
f 134/163/134 25/165/25 157/166/157 312/164/312
f 312/164/312 157/166/157 32/167/32 146/168/146
f 155/156/155 312/164/312 146/168/146 30/157/30
f 34/143/34 148/162/148 313/169/313 161/170/161
f 148/162/148 36/159/36 160/171/160 313/169/313
f 313/169/313 160/171/160 39/172/39 159/173/159
f 161/170/161 313/169/313 159/173/159 37/174/37
f 35/136/35 147/144/147 314/175/314 162/176/162
f 147/144/147 34/143/34 161/170/161 314/175/314
f 314/175/314 161/170/161 37/174/37 158/177/158
f 162/176/162 314/175/314 158/177/158 38/178/38
f 32/167/32 163/179/163 315/180/315 146/181/146
f 163/179/163 39/172/39 160/182/160 315/180/315
f 315/180/315 160/182/160 36/183/36 150/184/150
f 146/181/146 315/180/315 150/184/150 30/157/30
f 33/138/33 149/137/149 316/185/316 145/186/145
f 149/137/149 35/136/35 162/176/162 316/185/316
f 316/185/316 162/176/162 38/178/38 164/187/164
f 145/186/145 316/185/316 164/187/164 31/150/31
f 73/130/73 247/335/247 355/132/355 234/131/234
f 247/335/247 78/336/78 244/137/244 355/132/355
f 355/132/355 244/137/244 80/136/80 246/337/246
f 234/131/234 355/132/355 246/337/246 75/134/75
f 75/134/75 246/337/246 356/338/356 232/139/232
f 246/337/246 80/136/80 242/339/242 356/338/356
f 356/338/356 242/339/242 79/340/79 248/341/248
f 232/139/232 356/338/356 248/341/248 74/141/74
f 24/145/24 154/148/154 357/342/357 230/146/230
f 154/148/154 31/150/31 240/343/240 357/342/357
f 357/342/357 240/343/240 78/336/78 247/335/247
f 230/146/230 357/342/357 247/335/247 73/130/73
f 76/151/76 250/154/250 358/344/358 235/152/235
f 250/154/250 81/159/81 245/345/245 358/344/358
f 358/344/358 245/345/245 77/157/77 249/346/249
f 235/152/235 358/344/358 249/346/249 72/155/72
f 74/141/74 248/341/248 359/347/359 233/160/233
f 248/341/248 79/340/79 243/162/243 359/347/359
f 359/347/359 243/162/243 81/159/81 250/154/250
f 233/160/233 359/347/359 250/154/250 76/151/76
f 72/155/72 249/346/249 360/348/360 231/163/231
f 249/346/249 77/157/77 241/349/241 360/348/360
f 360/348/360 241/349/241 32/167/32 157/166/157
f 231/163/231 360/348/360 157/166/157 25/165/25
f 79/340/79 252/350/252 361/351/361 243/162/243
f 252/350/252 37/174/37 159/173/159 361/351/361
f 361/351/361 159/173/159 39/172/39 251/171/251
f 243/162/243 361/351/361 251/171/251 81/159/81
f 80/136/80 253/352/253 362/353/362 242/339/242
f 253/352/253 38/178/38 158/177/158 362/353/362
f 362/353/362 158/177/158 37/174/37 252/350/252
f 242/339/242 362/353/362 252/350/252 79/340/79
f 32/167/32 241/354/241 363/355/363 163/179/163
f 241/354/241 77/157/77 245/184/245 363/355/363
f 363/355/363 245/184/245 81/356/81 251/171/251
f 163/179/163 363/355/363 251/171/251 39/172/39
f 78/336/78 240/149/240 364/357/364 244/137/244
f 240/149/240 31/150/31 164/187/164 364/357/364
f 364/357/364 164/187/164 38/178/38 253/352/253
f 244/137/244 364/357/364 253/352/253 80/136/80
o ひれ
v 6.037003 -3.161706 2.044503
v 9.098959 -5.797850 12.001729
v 5.425513 -5.915899 -0.701293
v 10.330537 -11.859450 4.044857
v 8.576393 -5.038175 7.094663
v 8.940527 -9.951952 1.192563
v 5.897380 -4.682317 0.822235
v 10.295452 -9.335661 7.921281
v 8.967116 -7.518982 4.168717
v -6.037003 -3.161706 2.044503
v -9.098959 -5.797850 12.001729
v -5.425513 -5.915899 -0.701293
v -10.330536 -11.859450 4.044857
v -8.576393 -5.038175 7.094663
v -8.940527 -9.951952 1.192563
v -5.897380 -4.682316 0.822235
v -10.295452 -9.335660 7.921281
v -8.967116 -7.518981 4.168717
v 5.998340 -3.948920 1.461612
v 9.026754 -5.522711 9.561610
v 10.468754 -10.975801 5.906965
v 7.366503 -8.038412 0.174909
v 7.495776 -4.204639 4.582998
v 9.881627 -11.388434 2.471879
v 8.992945 -8.739951 2.685347
v 5.692595 -5.326017 0.088714
v 9.790351 -7.566755 9.961506
v 8.810878 -6.283062 5.636397
v 7.595505 -6.196273 2.457406
v 9.794541 -8.522945 6.006929
v -5.998340 -3.948920 1.461612
v -9.026754 -5.522711 9.561610
v -10.468754 -10.975801 5.906965
v -7.366503 -8.038412 0.174909
v -7.495776 -4.204639 4.582998
v -9.881628 -11.388434 2.471879
v -8.992945 -8.739951 2.685347
v -5.692595 -5.326017 0.088714
v -9.790351 -7.566755 9.961506
v -8.810878 -6.283062 5.636397
v -7.595505 -6.196273 2.457406
v -9.794540 -8.522944 6.006929
v 9.907007 -9.999171 4.231356
v 7.511822 -7.131358 1.330867
v 7.576458 -5.214471 3.534912
v 9.472465 -7.023388 7.784858
v -9.907006 -9.999170 4.231357
v -7.511822 -7.131358 1.330867
v -7.576458 -5.214471 3.534912
v -9.472466 -7.023388 7.784858
v 6.011467 -3.172611 2.055861
v 9.070827 -5.808255 12.002261
v 5.403179 -5.929206 -0.686323
v 10.301954 -11.866532 4.050593
v 8.549231 -5.049826 7.099806
v 8.914716 -9.963275 1.202837
v 5.873514 -4.694415 0.835801
v 10.267080 -9.344893 7.924407
v 8.940756 -7.530646 4.177030
v -6.011467 -3.172611 2.055861
v -9.070827 -5.808255 12.002261
v -5.403179 -5.929206 -0.686323
v -10.301953 -11.866532 4.050593
v -8.549231 -5.049826 7.099806
v -8.914716 -9.963275 1.202837
v -5.873514 -4.694414 0.835801
v -10.267080 -9.344893 7.924407
v -8.940756 -7.530645 4.177030
v 5.973377 -3.960260 1.473788
v 8.998745 -5.533357 9.563073
v 10.440177 -10.983513 5.911855
v 7.343106 -8.051508 0.188365
v 7.469845 -4.216541 4.592269
v 9.853925 -11.397212 2.479332
v 8.966966 -8.751341 2.695114
v 5.669782 -5.338918 0.103313
v 9.762178 -7.577003 9.962630
v 8.784156 -6.294965 5.643050
v 7.570907 -6.208688 2.469272
v 9.766590 -8.532681 6.011825
v -5.973377 -3.960260 1.473788
v -8.998745 -5.533357 9.563073
v -10.440177 -10.983513 5.911855
v -7.343106 -8.051508 0.188365
v -7.469845 -4.216541 4.592269
v -9.853926 -11.397212 2.479332
v -8.966966 -8.751341 2.695114
v -5.669782 -5.338918 0.103313
v -9.762178 -7.577003 9.962630
v -8.784156 -6.294965 5.643050
v -7.570907 -6.208689 2.469272
v -9.766589 -8.532681 6.011825
v 9.879049 -10.007893 4.237860
v 7.488079 -7.144207 1.343950
v 7.551001 -5.226462 3.545312
v 9.444571 -7.034010 7.787884
v -9.879048 -10.007892 4.237861
v -7.488079 -7.144207 1.343950
v -7.551001 -5.226462 3.545312
v -9.444572 -7.034011 7.787884
vn 0.8787 0.3888 -0.2771
vn 0.9317 0.3245 -0.1632
vn 0.9319 0.2907 -0.2168
vn 0.8660 0.3797 -0.3256
vn 0.9457 0.3078 -0.1042
vn 0.9526 0.2570 -0.1630
vn 0.9527 0.2361 -0.1912
vn 0.9234 0.2926 -0.2484
vn 0.8604 0.3774 -0.3425
vn 0.7955 0.4033 -0.4522
vn 0.8199 0.4138 -0.3955
vn 0.7914 0.4283 -0.4361
vn 0.7604 0.4300 -0.4866
vn 0.7799 0.4365 -0.4486
vn 0.7445 0.4436 -0.4990
vn 0.8512 0.3635 -0.3786
vn 0.8644 0.3967 -0.3090
vn 0.8486 0.3997 -0.3467
vn 0.8321 0.3780 -0.4059
vn 0.9054 0.3884 -0.1714
vn 0.8907 0.3968 -0.2218
vn 0.9336 0.3549 -0.0488
vn 0.9298 0.3541 -0.1009
vn 0.9378 0.3468 -0.0177
vn 0.9391 0.3416 -0.0375
vn -0.8787 0.3888 -0.2771
vn -0.8660 0.3797 -0.3256
vn -0.9319 0.2907 -0.2168
vn -0.9317 0.3245 -0.1632
vn -0.8604 0.3774 -0.3425
vn -0.9234 0.2926 -0.2484
vn -0.9527 0.2361 -0.1912
vn -0.9526 0.2570 -0.1630
vn -0.9457 0.3078 -0.1042
vn -0.7955 0.4033 -0.4522
vn -0.7604 0.4300 -0.4866
vn -0.7914 0.4283 -0.4361
vn -0.8199 0.4138 -0.3955
vn -0.7445 0.4436 -0.4990
vn -0.7799 0.4365 -0.4486
vn -0.8512 0.3635 -0.3786
vn -0.8321 0.3780 -0.4059
vn -0.8486 0.3997 -0.3467
vn -0.8644 0.3967 -0.3090
vn -0.8907 0.3968 -0.2218
vn -0.9054 0.3884 -0.1714
vn -0.9298 0.3541 -0.1009
vn -0.9336 0.3549 -0.0488
vn -0.9391 0.3416 -0.0375
vn -0.9378 0.3468 -0.0177
vn -0.8787 -0.3888 0.2771
vn -0.8660 -0.3797 0.3256
vn -0.9319 -0.2907 0.2168
vn -0.9317 -0.3245 0.1632
vn -0.9526 -0.2570 0.1630
vn -0.9457 -0.3078 0.1042
vn -0.9234 -0.2926 0.2484
vn -0.9528 -0.2360 0.1912
vn -0.8604 -0.3774 0.3425
vn -0.7956 -0.4032 0.4522
vn -0.7604 -0.4300 0.4867
vn -0.7914 -0.4283 0.4361
vn -0.8199 -0.4139 0.3955
vn -0.7799 -0.4365 0.4485
vn -0.7445 -0.4436 0.4990
vn -0.8512 -0.3635 0.3786
vn -0.8321 -0.3780 0.4059
vn -0.8486 -0.3997 0.3467
vn -0.8643 -0.3967 0.3091
vn -0.8907 -0.3968 0.2218
vn -0.9054 -0.3884 0.1715
vn -0.9298 -0.3541 0.1008
vn -0.9336 -0.3549 0.0487
vn -0.9391 -0.3416 0.0375
vn -0.9378 -0.3468 0.0177
vn 0.8787 -0.3888 0.2771
vn 0.9317 -0.3245 0.1632
vn 0.9319 -0.2907 0.2168
vn 0.8660 -0.3797 0.3256
vn 0.9234 -0.2926 0.2484
vn 0.8604 -0.3774 0.3425
vn 0.9526 -0.2570 0.1630
vn 0.9528 -0.2360 0.1912
vn 0.9457 -0.3078 0.1042
vn 0.7956 -0.4032 0.4522
vn 0.8199 -0.4139 0.3955
vn 0.7914 -0.4283 0.4361
vn 0.7604 -0.4300 0.4867
vn 0.7799 -0.4365 0.4485
vn 0.7445 -0.4436 0.4990
vn 0.8512 -0.3635 0.3786
vn 0.8643 -0.3967 0.3091
vn 0.8486 -0.3997 0.3467
vn 0.8321 -0.3780 0.4059
vn 0.8907 -0.3968 0.2218
vn 0.9054 -0.3884 0.1715
vn 0.9336 -0.3549 0.0487
vn 0.9298 -0.3541 0.1008
vn 0.9391 -0.3416 0.0375
vn 0.9378 -0.3468 0.0177
vn -0.5587 0.5473 -0.6232
vn -0.5976 0.6246 -0.5027
vn -0.5994 0.6299 -0.4938
vn -0.5613 0.5512 -0.6174
vn -0.5381 0.5181 -0.6649
vn -0.3427 0.9224 0.1784
vn -0.3084 0.8938 0.3255
vn -0.3085 0.8938 0.3254
vn -0.3427 0.9224 0.1780
vn -0.3452 0.9314 0.1152
vn 0.3032 -0.8058 0.5087
vn 0.2951 -0.7071 0.6425
vn 0.2951 -0.7071 0.6426
vn 0.3032 -0.8057 0.5088
vn 0.2981 -0.8708 0.3910
vn -0.1672 -0.5376 -0.8264
vn -0.0631 -0.6084 -0.7912
vn -0.0642 -0.6074 -0.7918
vn -0.1682 -0.5374 -0.8264
vn -0.2066 -0.5285 -0.8234
vn -0.2351 0.8676 0.4382
vn -0.1951 0.8626 0.4668
vn -0.2361 0.8677 0.4374
vn 0.1838 -0.9261 -0.3294
vn 0.0019 -0.6643 -0.7475
vn -0.6186 0.6916 -0.3729
vn -0.6240 0.7123 -0.3214
vn -0.6192 0.6935 -0.3684
vn 0.2784 -0.6840 0.6743
vn 0.2697 -0.6804 0.6814
vn 0.2783 -0.6839 0.6744
vn 0.5976 0.6246 -0.5027
vn 0.5587 0.5473 -0.6232
vn 0.5613 0.5512 -0.6173
vn 0.5994 0.6299 -0.4938
vn 0.5381 0.5181 -0.6649
vn 0.3084 0.8938 0.3255
vn 0.3427 0.9224 0.1784
vn 0.3427 0.9224 0.1780
vn 0.3085 0.8938 0.3254
vn 0.3452 0.9314 0.1152
vn -0.2951 -0.7071 0.6425
vn -0.3032 -0.8058 0.5087
vn -0.3032 -0.8057 0.5088
vn -0.2951 -0.7071 0.6426
vn -0.2981 -0.8708 0.3910
vn 0.0630 -0.6084 -0.7911
vn 0.1672 -0.5376 -0.8264
vn 0.1682 -0.5374 -0.8264
vn 0.0642 -0.6074 -0.7918
vn 0.2066 -0.5285 -0.8234
vn 0.1951 0.8626 0.4668
vn 0.2351 0.8676 0.4382
vn 0.2361 0.8677 0.4374
vn -0.1838 -0.9261 -0.3294
vn -0.0019 -0.6643 -0.7475
vn 0.6240 0.7123 -0.3214
vn 0.6186 0.6916 -0.3729
vn 0.6192 0.6935 -0.3684
vn -0.2697 -0.6804 0.6814
vn -0.2784 -0.6840 0.6743
vn -0.2783 -0.6839 0.6744
vt 0.117165 0.695287
vt 0.056299 0.715777
vt 0.056094 0.650249
vt 0.117850 0.640679
vt 0.000245 0.741063
vt 0.000245 0.665561
vt 0.000245 0.590058
vt 0.056248 0.584268
vt 0.112250 0.578479
vt 0.263418 0.678084
vt 0.188558 0.683871
vt 0.191366 0.642580
vt 0.270654 0.650304
vt 0.195070 0.600502
vt 0.277891 0.622524
vt 0.271590 0.732543
vt 0.189711 0.765234
vt 0.188794 0.724793
vt 0.267504 0.705314
vt 0.107832 0.797925
vt 0.116717 0.748876
vt 0.060519 0.847443
vt 0.058338 0.781684
vt 0.013207 0.896960
vt 0.006726 0.819012
vt 0.117850 0.640679
vt 0.056094 0.650249
vt 0.191366 0.642580
vt 0.188558 0.683871
vt 0.116717 0.748876
vt 0.058338 0.781684
s 1
usemtl マテリアル.004
f 393/408/385 414/409/386 427/410/387 409/411/388
f 414/409/386 392/412/389 405/413/390 427/410/387
f 427/410/387 405/413/390 388/414/391 408/415/392
f 409/411/388 427/410/387 408/415/392 390/416/393
f 391/417/394 413/418/395 428/419/396 410/420/397
f 413/418/395 393/408/385 409/411/388 428/419/396
f 428/419/396 409/411/388 390/416/393 406/421/398
f 410/420/397 428/419/396 406/421/398 387/422/399
f 385/423/400 407/424/401 429/425/402 403/426/403
f 407/424/401 389/427/404 412/428/405 429/425/402
f 429/425/402 412/428/405 393/408/385 413/418/395
f 403/426/403 429/425/402 413/418/395 391/417/394
f 389/427/404 404/429/406 430/430/407 412/428/405
f 404/429/406 386/431/408 411/432/409 430/430/407
f 430/430/407 411/432/409 392/412/389 414/409/386
f 412/428/405 430/430/407 414/409/386 393/408/385
f 402/408/410 421/433/411 431/434/412 426/409/413
f 421/433/411 399/416/414 420/415/415 431/434/412
f 431/434/412 420/415/415 397/414/416 417/413/417
f 426/409/413 431/434/412 417/413/417 401/412/418
f 400/417/419 422/420/420 432/435/421 425/436/422
f 422/420/420 396/422/423 418/421/424 432/435/421
f 432/435/421 418/421/424 399/416/414 421/433/411
f 425/436/422 432/435/421 421/433/411 402/408/410
f 394/423/425 415/426/426 433/425/427 419/424/428
f 415/426/426 400/417/419 425/436/422 433/425/427
f 433/425/427 425/436/422 402/408/410 424/437/429
f 419/424/428 433/425/427 424/437/429 398/427/430
f 398/427/430 424/437/429 434/438/431 416/429/432
f 424/437/429 402/408/410 426/409/413 434/438/431
f 434/438/431 426/409/413 401/412/418 423/432/433
f 416/429/432 434/438/431 423/432/433 395/431/434
f 443/408/435 459/411/436 477/410/437 464/409/438
f 464/409/438 477/410/437 455/413/439 442/412/440
f 477/410/437 458/415/441 438/414/442 455/413/439
f 459/411/436 440/416/443 458/415/441 477/410/437
f 441/417/444 460/420/445 478/419/446 463/418/447
f 463/418/447 478/419/446 459/411/436 443/408/435
f 478/419/446 456/421/448 440/416/443 459/411/436
f 460/420/445 437/422/449 456/421/448 478/419/446
f 435/423/450 453/426/451 479/425/452 457/424/453
f 457/424/453 479/425/452 462/428/454 439/427/455
f 479/425/452 463/418/447 443/408/435 462/428/454
f 453/426/451 441/417/444 463/418/447 479/425/452
f 439/427/455 462/428/454 480/430/456 454/429/457
f 454/429/457 480/430/456 461/432/458 436/431/459
f 480/430/456 464/409/438 442/412/440 461/432/458
f 462/428/454 443/408/435 464/409/438 480/430/456
f 452/408/460 476/409/461 481/434/462 471/433/463
f 471/433/463 481/434/462 470/415/464 449/416/465
f 481/434/462 467/413/466 447/414/467 470/415/464
f 476/409/461 451/412/468 467/413/466 481/434/462
f 450/417/469 475/436/470 482/435/471 472/420/472
f 472/420/472 482/435/471 468/421/473 446/422/474
f 482/435/471 471/433/463 449/416/465 468/421/473
f 475/436/470 452/408/460 471/433/463 482/435/471
f 444/423/475 469/424/476 483/425/477 465/426/478
f 465/426/478 483/425/477 475/436/470 450/417/469
f 483/425/477 474/437/479 452/408/460 475/436/470
f 469/424/476 448/427/480 474/437/479 483/425/477
f 448/427/480 466/429/481 484/438/482 474/437/479
f 474/437/479 484/438/482 476/409/461 452/408/460
f 484/438/482 473/432/483 451/412/468 476/409/461
f 466/429/481 445/431/484 473/432/483 484/438/482
f 403/426/485 391/417/486 441/417/487 453/426/488
f 385/423/489 403/426/485 453/426/488 435/423/489
f 404/429/490 389/427/491 439/427/492 454/429/493
f 386/431/494 404/429/490 454/429/493 436/431/494
f 405/413/495 392/412/496 442/412/497 455/413/498
f 388/414/499 405/413/495 455/413/498 438/414/499
f 406/421/500 390/416/501 440/416/502 456/421/503
f 387/422/504 406/421/500 456/421/503 437/422/504
f 407/424/505 385/423/506 435/423/506 457/424/507
f 389/427/491 407/424/505 457/424/507 439/427/492
f 408/415/508 388/414/508 438/414/508 458/415/508
f 390/416/501 408/415/509 458/415/509 440/416/502
f 410/420/510 387/422/511 437/422/511 460/420/512
f 391/417/486 410/420/510 460/420/512 441/417/487
f 411/432/513 386/431/514 436/431/514 461/432/515
f 392/412/496 411/432/513 461/432/515 442/412/497
f 400/417/516 415/426/517 465/426/518 450/417/519
f 415/426/517 394/423/520 444/423/520 465/426/518
f 398/427/521 416/429/522 466/429/523 448/427/524
f 416/429/522 395/431/525 445/431/525 466/429/523
f 401/412/526 417/413/527 467/413/528 451/412/529
f 417/413/527 397/414/530 447/414/530 467/413/528
f 399/416/531 418/421/532 468/421/533 449/416/534
f 418/421/532 396/422/535 446/422/535 468/421/533
f 394/423/536 419/424/537 469/424/538 444/423/536
f 419/424/537 398/427/521 448/427/524 469/424/538
f 397/414/539 420/415/539 470/415/539 447/414/539
f 420/415/540 399/416/531 449/416/534 470/415/540
f 396/422/541 422/420/542 472/420/543 446/422/541
f 422/420/542 400/417/516 450/417/519 472/420/543
f 395/431/544 423/432/545 473/432/546 445/431/544
f 423/432/545 401/412/526 451/412/529 473/432/546
o 平面
v 6.463387 6.253566 19.732157
v 3.177132 -12.947986 20.134743
v 0.540520 -0.532837 11.159285
v 0.489164 -4.519344 11.027593
v 3.246960 4.720292 15.505133
v 2.235817 -10.809978 15.102535
v 8.109386 -3.687780 20.766691
v 0.001106 -2.403338 10.296766
v 3.509610 -2.884449 15.457397
v -6.463387 6.253566 19.732157
v -3.177131 -12.947986 20.134743
v -0.540520 -0.532837 11.159285
v -0.489164 -4.519344 11.027592
v -3.246960 4.720292 15.505133
v -2.235817 -10.809978 15.102535
v -8.109386 -3.687780 20.766691
v -0.001106 -2.403338 10.296766
v -3.509610 -2.884449 15.457398
v 4.819229 6.688367 17.930092
v 5.807408 -9.353568 20.862373
v 1.457981 -7.481771 12.660749
v 0.069603 -1.820073 10.406294
v 1.708282 1.922386 13.028808
v 2.362176 -13.095043 17.926502
v 3.522326 0.947995 15.510057
v 8.020683 2.223392 20.514626
v 0.063082 -3.017779 10.389571
v 3.016755 -6.817139 15.308761
v 5.707191 -3.255906 18.098110
v 1.653051 -2.613685 12.863147
v -4.819229 6.688367 17.930092
v -5.807408 -9.353568 20.862373
v -1.457981 -7.481771 12.660749
v -0.069603 -1.820073 10.406294
v -1.708282 1.922386 13.028808
v -2.362176 -13.095043 17.926502
v -3.522326 0.947995 15.510057
v -8.020683 2.223392 20.514626
v -0.063082 -3.017779 10.389571
v -3.016755 -6.817140 15.308761
v -5.707191 -3.255906 18.098106
v -1.653051 -2.613685 12.863148
v 1.560199 -4.969190 12.753427
v 4.382457 -8.295832 18.070642
v 5.675681 1.820122 18.055817
v 1.683176 -0.357387 12.931880
v -1.560199 -4.969191 12.753426
v -4.382457 -8.295833 18.070641
v -5.675681 1.820122 18.055817
v -1.683176 -0.357387 12.931880
v 6.441652 6.249744 19.752478
v 3.152944 -12.935938 20.147774
v 0.515324 -0.533213 11.175564
v 0.463685 -4.519248 11.043429
v 3.223442 4.717965 15.523611
v 2.209565 -10.803412 15.115485
v 8.086842 -3.683649 20.786047
v -0.024137 -2.403329 10.312978
v 3.485495 -2.882972 15.475183
v -6.441652 6.249744 19.752478
v -3.152944 -12.935938 20.147774
v -0.515324 -0.533213 11.175564
v -0.463685 -4.519248 11.043428
v -3.223441 4.717965 15.523611
v -2.209565 -10.803412 15.115485
v -8.086842 -3.683649 20.786047
v 0.024137 -2.403329 10.312977
v -3.485496 -2.882972 15.475183
v 4.796829 6.685044 17.949768
v 5.783822 -9.343571 20.877985
v 1.432029 -7.479468 12.675624
v 0.044374 -1.820258 10.422524
v 1.683672 1.921314 13.045931
v 2.337054 -13.084740 17.939260
v 3.498578 0.946957 15.528358
v 7.998748 2.221770 20.535027
v 0.037793 -3.017621 10.405710
v 2.991377 -6.812959 15.324203
v 5.684140 -3.252714 18.117043
v 1.628104 -2.613321 12.879806
v -4.796829 6.685044 17.949768
v -5.783822 -9.343571 20.877985
v -1.432029 -7.479468 12.675624
v -0.044374 -1.820258 10.422524
v -1.683672 1.921314 13.045931
v -2.337054 -13.084740 17.939260
v -3.498578 0.946957 15.528358
v -7.998748 2.221770 20.535027
v -0.037793 -3.017622 10.405710
v -2.991377 -6.812960 15.324203
v -5.684140 -3.252714 18.117039
v -1.628104 -2.613321 12.879807
v 1.534834 -4.968106 12.769409
v 4.357948 -8.287609 18.085863
v 5.653185 1.818478 18.075596
v 1.658357 -0.357822 12.948728
v -1.534834 -4.968107 12.769408
v -4.357948 -8.287610 18.085861
v -5.653185 1.818478 18.075596
v -1.658357 -0.357822 12.948728
vn 0.8038 -0.0492 -0.5928
vn 0.8459 -0.1393 -0.5148
vn 0.8455 -0.0361 -0.5328
vn 0.8316 -0.0122 -0.5553
vn 0.8751 -0.2189 -0.4317
vn 0.8650 -0.0768 -0.4958
vn 0.8493 -0.0032 -0.5279
vn 0.8429 -0.0052 -0.5380
vn 0.8414 -0.0003 -0.5404
vn 0.7515 -0.1377 -0.6452
vn 0.7862 -0.3332 -0.5204
vn 0.8170 -0.2741 -0.5074
vn 0.7684 -0.1064 -0.6311
vn 0.8063 -0.4016 -0.4343
vn 0.8374 -0.3434 -0.4253
vn 0.7245 0.1274 -0.6774
vn 0.7312 0.0541 -0.6801
vn 0.7499 0.0548 -0.6593
vn 0.7467 0.1108 -0.6559
vn 0.7916 0.0346 -0.6100
vn 0.7840 0.0776 -0.6160
vn 0.8273 0.0145 -0.5616
vn 0.8203 0.0357 -0.5708
vn 0.8410 0.0062 -0.5410
vn 0.8399 0.0125 -0.5426
vn -0.8038 -0.0492 -0.5928
vn -0.8316 -0.0122 -0.5553
vn -0.8455 -0.0361 -0.5328
vn -0.8459 -0.1393 -0.5148
vn -0.8414 -0.0003 -0.5404
vn -0.8429 -0.0052 -0.5380
vn -0.8493 -0.0032 -0.5279
vn -0.8650 -0.0768 -0.4958
vn -0.8751 -0.2189 -0.4317
vn -0.7515 -0.1377 -0.6452
vn -0.7684 -0.1064 -0.6311
vn -0.8170 -0.2741 -0.5074
vn -0.7862 -0.3332 -0.5204
vn -0.8374 -0.3434 -0.4253
vn -0.8063 -0.4016 -0.4343
vn -0.7245 0.1274 -0.6774
vn -0.7467 0.1108 -0.6559
vn -0.7499 0.0548 -0.6593
vn -0.7312 0.0541 -0.6801
vn -0.7840 0.0776 -0.6160
vn -0.7916 0.0346 -0.6100
vn -0.8203 0.0357 -0.5708
vn -0.8273 0.0145 -0.5616
vn -0.8399 0.0125 -0.5426
vn -0.8410 0.0062 -0.5410
vn -0.8038 0.0492 0.5928
vn -0.8316 0.0122 0.5553
vn -0.8455 0.0361 0.5328
vn -0.8459 0.1393 0.5147
vn -0.8650 0.0767 0.4958
vn -0.8751 0.2188 0.4317
vn -0.8429 0.0052 0.5380
vn -0.8493 0.0032 0.5279
vn -0.8414 0.0003 0.5404
vn -0.7515 0.1376 0.6452
vn -0.7684 0.1064 0.6311
vn -0.8170 0.2741 0.5074
vn -0.7862 0.3332 0.5205
vn -0.8374 0.3434 0.4252
vn -0.8063 0.4017 0.4343
vn -0.7245 -0.1274 0.6774
vn -0.7467 -0.1108 0.6559
vn -0.7498 -0.0548 0.6593
vn -0.7312 -0.0541 0.6801
vn -0.7916 -0.0346 0.6101
vn -0.7840 -0.0776 0.6160
vn -0.8203 -0.0357 0.5708
vn -0.8273 -0.0145 0.5616
vn -0.8410 -0.0062 0.5410
vn -0.8399 -0.0125 0.5426
vn 0.8038 0.0492 0.5928
vn 0.8459 0.1393 0.5147
vn 0.8455 0.0361 0.5328
vn 0.8316 0.0122 0.5553
vn 0.8429 0.0052 0.5380
vn 0.8414 0.0003 0.5404
vn 0.8650 0.0767 0.4958
vn 0.8493 0.0032 0.5279
vn 0.8751 0.2188 0.4317
vn 0.7515 0.1376 0.6452
vn 0.7862 0.3332 0.5205
vn 0.8170 0.2741 0.5074
vn 0.7684 0.1064 0.6311
vn 0.8374 0.3434 0.4252
vn 0.8063 0.4017 0.4343
vn 0.7245 -0.1274 0.6774
vn 0.7312 -0.0541 0.6801
vn 0.7498 -0.0548 0.6593
vn 0.7467 -0.1108 0.6559
vn 0.7916 -0.0346 0.6101
vn 0.7840 -0.0776 0.6160
vn 0.8273 -0.0145 0.5616
vn 0.8203 -0.0357 0.5708
vn 0.8410 -0.0062 0.5410
vn 0.8399 -0.0125 0.5426
vn -0.4237 0.8181 -0.3888
vn -0.4367 0.7703 -0.4646
vn -0.4363 0.7721 -0.4620
vn 0.0304 0.9776 0.2082
vn 0.4450 -0.3098 0.8403
vn 0.6153 -0.0830 0.7839
vn 0.6136 -0.0866 0.7849
vn 0.4373 -0.3165 0.8418
vn 0.3227 -0.4094 0.8534
vn -0.4527 -0.5670 -0.6882
vn -0.4748 -0.6413 -0.6027
vn -0.4758 -0.6438 -0.5992
vn -0.4527 -0.5669 -0.6883
vn -0.4637 -0.4979 -0.7329
vn -0.4638 -0.4976 -0.7330
vn -0.4987 0.3995 -0.7692
vn -0.5403 0.0188 -0.8412
vn -0.5403 0.0196 -0.8412
vn -0.4987 0.3994 -0.7692
vn -0.4401 0.6191 -0.6504
vn -0.4401 0.6190 -0.6504
vn -0.4373 0.6936 -0.5725
vn -0.4374 0.6939 -0.5720
vn -0.3253 -0.9279 0.1823
vn -0.4927 -0.6874 -0.5336
vn 0.6470 0.2086 0.7334
vn 0.6081 0.3713 0.7017
vn 0.6467 0.2103 0.7332
vn -0.5088 -0.3211 -0.7987
vn -0.5092 -0.3191 -0.7993
vn 0.4367 0.7703 -0.4646
vn 0.4237 0.8181 -0.3888
vn 0.4363 0.7721 -0.4620
vn -0.0304 0.9776 0.2082
vn -0.6153 -0.0830 0.7839
vn -0.4450 -0.3097 0.8403
vn -0.4373 -0.3165 0.8418
vn -0.6136 -0.0866 0.7849
vn -0.3227 -0.4093 0.8534
vn 0.4748 -0.6413 -0.6027
vn 0.4527 -0.5670 -0.6882
vn 0.4527 -0.5669 -0.6883
vn 0.4758 -0.6438 -0.5992
vn 0.4637 -0.4979 -0.7329
vn 0.4638 -0.4976 -0.7330
vn 0.5403 0.0188 -0.8413
vn 0.4987 0.3995 -0.7692
vn 0.4987 0.3994 -0.7692
vn 0.5403 0.0196 -0.8412
vn 0.4401 0.6191 -0.6504
vn 0.4401 0.6190 -0.6504
vn 0.4373 0.6936 -0.5725
vn 0.4374 0.6939 -0.5720
vn 0.3253 -0.9279 0.1823
vn 0.4927 -0.6874 -0.5336
vn -0.6081 0.3713 0.7017
vn -0.6470 0.2086 0.7334
vn -0.6467 0.2103 0.7332
vn 0.5088 -0.3211 -0.7987
vn 0.5092 -0.3191 -0.7993
vt 0.853110 0.385864
vt 0.921972 0.300403
vt 0.958617 0.390539
vt 0.920483 0.440726
vt 0.999281 0.208667
vt 0.999281 0.339187
vt 0.999281 0.469708
vt 0.992400 0.480168
vt 0.985518 0.490627
vt 0.678739 0.238377
vt 0.831640 0.119311
vt 0.879465 0.210788
vt 0.779370 0.321371
vt 0.984541 0.000245
vt 0.991911 0.104456
vt 0.549641 0.573946
vt 0.614190 0.406162
vt 0.705119 0.443409
vt 0.642300 0.571142
vt 0.794404 0.473026
vt 0.734960 0.568337
vt 0.886094 0.490182
vt 0.853318 0.539916
vt 0.978597 0.501061
vt 0.971676 0.511495
vt 0.853110 0.385864
vt 0.920483 0.440726
vt 0.958617 0.390539
vt 0.921972 0.300403
vt 0.779370 0.321371
vt 0.879465 0.210788
vt 0.886094 0.490182
s 1
usemtl マテリアル.003
f 493/439/547 512/440/548 527/441/549 514/442/550
f 512/440/548 490/443/551 505/444/552 527/441/549
f 527/441/549 505/444/552 488/445/553 511/446/554
f 514/442/550 527/441/549 511/446/554 492/447/555
f 491/448/556 504/449/557 528/450/558 513/451/559
f 504/449/557 486/452/560 508/453/561 528/450/558
f 528/450/558 508/453/561 490/443/551 512/440/548
f 513/451/559 528/450/558 512/440/548 493/439/547
f 485/454/562 510/455/563 529/456/564 503/457/565
f 510/455/563 491/448/556 513/451/559 529/456/564
f 529/456/564 513/451/559 493/439/547 509/458/566
f 503/457/565 529/456/564 509/458/566 489/459/567
f 489/459/567 509/458/566 530/460/568 507/461/569
f 509/458/566 493/439/547 514/442/550 530/460/568
f 530/460/568 514/442/550 492/447/555 506/462/570
f 507/461/569 530/460/568 506/462/570 487/463/571
f 502/464/572 526/465/573 531/466/574 524/467/575
f 526/465/573 501/447/576 523/446/577 531/466/574
f 531/466/574 523/446/577 497/445/578 517/444/579
f 524/467/575 531/466/574 517/444/579 499/443/580
f 500/448/581 525/468/582 532/469/583 516/449/584
f 525/468/582 502/464/572 524/467/575 532/469/583
f 532/469/583 524/467/575 499/443/580 520/453/585
f 516/449/584 532/469/583 520/453/585 495/452/586
f 494/454/587 515/457/588 533/456/589 522/455/590
f 515/457/588 498/459/591 521/458/592 533/456/589
f 533/456/589 521/458/592 502/464/572 525/468/582
f 522/455/590 533/456/589 525/468/582 500/448/581
f 498/459/591 519/461/593 534/470/594 521/458/592
f 519/461/593 496/463/595 518/462/596 534/470/594
f 534/470/594 518/462/596 501/447/576 526/465/573
f 521/458/592 534/470/594 526/465/573 502/464/572
f 543/439/597 564/442/598 577/441/599 562/440/600
f 562/440/600 577/441/599 555/444/601 540/443/602
f 577/441/599 561/446/603 538/445/604 555/444/601
f 564/442/598 542/447/605 561/446/603 577/441/599
f 541/448/606 563/451/607 578/450/608 554/449/609
f 554/449/609 578/450/608 558/453/610 536/452/611
f 578/450/608 562/440/600 540/443/602 558/453/610
f 563/451/607 543/439/597 562/440/600 578/450/608
f 535/454/612 553/457/613 579/456/614 560/455/615
f 560/455/615 579/456/614 563/451/607 541/448/606
f 579/456/614 559/458/616 543/439/597 563/451/607
f 553/457/613 539/459/617 559/458/616 579/456/614
f 539/459/617 557/461/618 580/460/619 559/458/616
f 559/458/616 580/460/619 564/442/598 543/439/597
f 580/460/619 556/462/620 542/447/605 564/442/598
f 557/461/618 537/463/621 556/462/620 580/460/619
f 552/464/622 574/467/623 581/466/624 576/465/625
f 576/465/625 581/466/624 573/446/626 551/447/627
f 581/466/624 567/444/628 547/445/629 573/446/626
f 574/467/623 549/443/630 567/444/628 581/466/624
f 550/448/631 566/449/632 582/469/633 575/468/634
f 575/468/634 582/469/633 574/467/623 552/464/622
f 582/469/633 570/453/635 549/443/630 574/467/623
f 566/449/632 545/452/636 570/453/635 582/469/633
f 544/454/637 572/455/638 583/456/639 565/457/640
f 565/457/640 583/456/639 571/458/641 548/459/642
f 583/456/639 575/468/634 552/464/622 571/458/641
f 572/455/638 550/448/631 575/468/634 583/456/639
f 548/459/642 571/458/641 584/470/643 569/461/644
f 569/461/644 584/470/643 568/462/645 546/463/646
f 584/470/643 576/465/625 551/447/627 568/462/645
f 571/458/641 552/464/622 576/465/625 584/470/643
f 503/457/647 489/459/648 539/459/649 553/457/647
f 485/454/650 503/457/650 553/457/650 535/454/650
f 504/449/651 491/448/652 541/448/653 554/449/654
f 486/452/655 504/449/651 554/449/654 536/452/655
f 505/444/656 490/443/657 540/443/658 555/444/659
f 488/445/660 505/444/656 555/444/659 538/445/661
f 506/462/662 492/447/663 542/447/664 556/462/665
f 487/463/666 506/462/662 556/462/665 537/463/667
f 507/461/668 487/463/666 537/463/667 557/461/669
f 489/459/648 507/461/668 557/461/669 539/459/649
f 508/453/670 486/452/670 536/452/670 558/453/670
f 490/443/657 508/453/671 558/453/671 540/443/658
f 510/455/672 485/454/673 535/454/673 560/455/674
f 491/448/652 510/455/672 560/455/674 541/448/653
f 511/446/675 488/445/660 538/445/661 561/446/676
f 492/447/663 511/446/675 561/446/676 542/447/664
f 498/459/677 515/457/678 565/457/678 548/459/679
f 515/457/680 494/454/680 544/454/680 565/457/680
f 500/448/681 516/449/682 566/449/683 550/448/684
f 516/449/682 495/452/685 545/452/685 566/449/683
f 499/443/686 517/444/687 567/444/688 549/443/689
f 517/444/687 497/445/690 547/445/691 567/444/688
f 501/447/692 518/462/693 568/462/694 551/447/695
f 518/462/693 496/463/696 546/463/697 568/462/694
f 496/463/696 519/461/698 569/461/699 546/463/697
f 519/461/698 498/459/677 548/459/679 569/461/699
f 495/452/700 520/453/700 570/453/700 545/452/700
f 520/453/701 499/443/686 549/443/689 570/453/701
f 494/454/702 522/455/703 572/455/704 544/454/702
f 522/455/703 500/448/681 550/448/684 572/455/704
f 497/445/690 523/446/705 573/446/706 547/445/691
f 523/446/705 501/447/692 551/447/695 573/446/706
o 立方体
v 3.090044 0.283614 0.500000
v 3.090044 1.283614 0.500000
v 3.090044 0.283614 -0.500000
v 3.090044 1.283614 -0.500000
v 4.090044 0.283614 0.500000
v 4.090044 1.283614 0.500000
v 4.090044 0.283614 -0.500000
v 4.090044 1.283614 -0.500000
v -3.090044 0.283614 0.500000
v -3.090044 1.283614 0.500000
v -3.090044 0.283614 -0.500000
v -3.090044 1.283614 -0.500000
v -4.090044 0.283614 0.500000
v -4.090044 1.283614 0.500000
v -4.090044 0.283614 -0.500000
v -4.090044 1.283614 -0.500000
v 2.980476 0.174046 -0.000000
v 2.980476 0.783614 0.609568
v 2.980476 1.393182 -0.000000
v 2.980476 0.783614 -0.609568
v 3.590045 0.174046 -0.609568
v 3.590045 1.393182 -0.609568
v 4.199612 0.783614 -0.609568
v 4.199613 0.174046 -0.000000
v 4.199612 1.393182 -0.000000
v 4.199613 0.783614 0.609568
v 3.590044 0.174046 0.609568
v 3.590044 1.393182 0.609568
v -2.980476 0.174046 -0.000000
v -2.980476 0.783614 0.609568
v -2.980476 1.393182 -0.000000
v -2.980476 0.783614 -0.609568
v -3.590044 0.174046 -0.609568
v -3.590044 1.393182 -0.609568
v -4.199613 0.783614 -0.609568
v -4.199612 0.174046 -0.000000
v -4.199613 1.393182 -0.000000
v -4.199612 0.783614 0.609568
v -3.590044 0.174046 0.609568
v -3.590044 1.393182 0.609568
v 2.750538 0.783614 -0.000000
v 3.590045 0.783614 -0.839506
v 4.429551 0.783614 -0.000000
v 3.590044 0.783614 0.839506
v 3.590044 -0.055892 -0.000000
v 3.590044 1.623120 -0.000000
v -2.750538 0.783614 -0.000000
v -3.590044 0.783614 -0.839506
v -4.429551 0.783614 -0.000000
v -3.590044 0.783614 0.839506
v -3.590044 -0.055892 -0.000000
v -3.590044 1.623120 -0.000000
vn -0.5774 -0.5774 0.5774
vn -0.5774 0.5774 0.5774
vn -0.5774 -0.5774 -0.5774
vn -0.5774 0.5774 -0.5774
vn 0.5774 -0.5774 0.5774
vn 0.5774 0.5774 0.5774
vn 0.5774 -0.5774 -0.5774
vn 0.5774 0.5774 -0.5774
vn -0.5774 -0.5774 0.5773
vn -0.7071 -0.7071 -0.0000
vn -0.7071 -0.0000 0.7071
vn -0.7071 0.7071 -0.0000
vn -0.7071 -0.0000 -0.7071
vn -0.0000 -0.7071 -0.7071
vn -0.0000 0.7071 -0.7071
vn 0.7071 -0.0000 -0.7071
vn 0.7071 -0.7071 -0.0000
vn 0.7071 0.7071 -0.0000
vn 0.7071 -0.0000 0.7071
vn -0.0000 -0.7071 0.7071
vn -0.0000 0.7071 0.7071
vn -1.0000 -0.0000 -0.0000
vn -0.0000 -0.0000 -1.0000
vn 1.0000 -0.0000 -0.0000
vn -0.0000 -0.0000 1.0000
vn -0.0000 -1.0000 -0.0000
vn -0.0000 1.0000 -0.0000
vt 0.172348 0.853476
vt 0.188664 0.853476
vt 0.188664 0.869796
vt 0.172348 0.869797
vt 0.204979 0.853476
vt 0.204979 0.869797
vt 0.204979 0.886117
vt 0.188664 0.886114
vt 0.172348 0.886117
vt 0.188664 0.902428
vt 0.172348 0.902428
vt 0.204979 0.902428
vt 0.204979 0.918738
vt 0.188664 0.918741
vt 0.172348 0.918738
vt 0.188664 0.935059
vt 0.172348 0.935059
vt 0.204979 0.935059
vt 0.204979 0.951379
vt 0.188664 0.951376
vt 0.172348 0.951379
vt 0.188664 0.967689
vt 0.172348 0.967690
vt 0.204979 0.967690
vt 0.204979 0.984001
vt 0.188664 0.984001
vt 0.172348 0.984001
vt 0.139717 0.918738
vt 0.156033 0.918738
vt 0.156033 0.935059
vt 0.139717 0.935059
vt 0.156033 0.951379
vt 0.139717 0.951379
vt 0.221295 0.918738
vt 0.221295 0.935059
vt 0.237610 0.918738
vt 0.237610 0.935059
vt 0.237610 0.951379
vt 0.221295 0.951379
vt 0.188664 0.869796
vt 0.188664 0.886114
vt 0.172348 0.935059
vt 0.188664 0.935059
vt 0.188664 0.951376
vt 0.204979 0.935059
vt 0.188664 0.967689
vt 0.221295 0.935059
s 1
usemtl マテリアル.006
f 585/471/707 602/472/717 625/473/728 601/474/716
f 602/472/717 586/475/708 603/476/718 625/473/728
f 625/473/728 603/476/718 588/477/710 604/478/719
f 601/474/716 625/473/728 604/478/719 587/479/709
f 587/479/709 604/478/719 626/480/729 605/481/720
f 604/478/719 588/477/710 606/482/721 626/480/729
f 626/480/729 606/482/721 592/483/714 607/484/722
f 605/481/720 626/480/729 607/484/722 591/485/713
f 591/485/713 607/484/722 627/486/730 608/487/723
f 607/484/722 592/483/714 609/488/724 627/486/730
f 627/486/730 609/488/724 590/489/712 610/490/725
f 608/487/723 627/486/730 610/490/725 589/491/711
f 589/491/711 610/490/725 628/492/731 611/493/726
f 610/490/725 590/489/712 612/494/727 628/492/731
f 628/492/731 612/494/727 586/495/708 602/496/717
f 611/493/726 628/492/731 602/496/717 585/497/707
f 587/498/709 605/499/720 629/500/732 601/501/716
f 605/499/720 591/485/713 608/487/723 629/500/732
f 629/500/732 608/487/723 589/491/711 611/502/726
f 601/501/716 629/500/732 611/502/726 585/503/707
f 592/483/714 606/504/721 630/505/733 609/488/724
f 606/504/721 588/506/710 603/507/718 630/505/733
f 630/505/733 603/507/718 586/508/708 612/509/727
f 609/488/724 630/505/733 612/509/727 590/489/712
f 593/471/711 613/474/723 631/510/730 614/472/725
f 613/474/723 595/479/713 616/511/722 631/510/730
f 631/510/730 616/511/722 596/477/714 615/476/724
f 614/472/725 631/510/730 615/476/724 594/475/712
f 595/479/713 617/481/720 632/480/729 616/511/722
f 617/481/720 599/485/709 619/484/719 632/480/729
f 632/480/729 619/484/719 600/483/710 618/482/721
f 616/511/722 632/480/729 618/482/721 596/477/714
f 599/485/709 620/512/716 633/513/728 619/484/719
f 620/512/716 597/491/715 622/514/717 633/513/728
f 633/513/728 622/514/717 598/489/708 621/515/718
f 619/484/719 633/513/728 621/515/718 600/483/710
f 597/491/715 623/493/726 634/516/731 622/514/717
f 623/493/726 593/497/711 614/496/725 634/516/731
f 634/516/731 614/496/725 594/495/712 624/494/727
f 622/514/717 634/516/731 624/494/727 598/489/708
f 595/498/713 613/501/723 635/500/732 617/499/720
f 613/501/723 593/503/711 623/502/726 635/500/732
f 635/500/732 623/502/726 597/491/715 620/512/716
f 617/499/720 635/500/732 620/512/716 599/485/709
f 600/483/710 621/515/718 636/517/733 618/504/721
f 621/515/718 598/489/708 624/509/727 636/517/733
f 636/517/733 624/509/727 594/508/712 615/507/724
f 618/504/721 636/517/733 615/507/724 596/506/714
o 平面.001
v 0.000000 2.314480 12.673339
v 0.000000 0.159140 11.146326
v 0.000000 2.763568 10.012262
v 0.000000 1.086029 8.917531
v 0.000000 1.044841 12.386359
v 0.000000 2.013127 9.057506
v 0.000000 2.268122 11.015177
v 0.000000 0.747215 10.018191
v 0.000000 1.455749 10.507553
v 0.000000 2.331429 11.920175
v 0.000000 0.523078 11.806213
v 0.000000 0.870082 9.373056
v 0.000000 2.528241 9.513233
v 0.000000 1.771514 12.766586
v 0.000000 1.489486 8.827152
v 0.000000 1.720706 9.742334
v 0.000000 2.532127 10.432726
v 0.000000 0.459703 10.586214
v 0.000000 1.236563 11.406760
v 0.000000 1.857502 10.762866
v 0.000000 1.074573 10.250752
v 0.000000 1.287968 9.516996
v 0.000000 2.144584 10.064329
v 0.000000 1.768927 11.708813
v 0.000000 0.810786 11.017734
v -0.030000 2.314480 12.673339
v -0.030000 0.159140 11.146326
v -0.030000 2.763568 10.012262
v -0.030000 1.086029 8.917531
v -0.030000 1.044841 12.386359
v -0.030000 2.013127 9.057506
v -0.030000 2.268122 11.015177
v -0.030000 0.747215 10.018191
v -0.030000 1.455749 10.507553
v -0.030000 2.331429 11.920175
v -0.030000 0.523078 11.806213
v -0.030000 0.870082 9.373056
v -0.030000 2.528241 9.513233
v -0.030000 1.771514 12.766586
v -0.030000 1.489486 8.827152
v -0.030000 1.720706 9.742334
v -0.030000 2.532127 10.432726
v -0.030000 0.459703 10.586214
v -0.030000 1.236563 11.406760
v -0.030000 1.857502 10.762866
v -0.030000 1.074573 10.250752
v -0.030000 1.287968 9.516996
v -0.030000 2.144584 10.064329
v -0.030000 1.768927 11.708813
v -0.030000 0.810786 11.017734
v 0.030000 2.314480 12.673339
v 0.030000 0.159140 11.146326
v 0.030000 2.763568 10.012262
v 0.030000 1.086029 8.917531
v 0.030000 1.044841 12.386359
v 0.030000 2.013127 9.057506
v 0.030000 2.268122 11.015177
v 0.030000 0.747215 10.018191
v 0.030000 1.455749 10.507553
v 0.030000 2.331429 11.920175
v 0.030000 0.523078 11.806213
v 0.030000 0.870082 9.373056
v 0.030000 2.528241 9.513233
v 0.030000 1.771514 12.766586
v 0.030000 1.489486 8.827152
v 0.030000 1.720706 9.742334
v 0.030000 2.532127 10.432726
v 0.030000 0.459703 10.586214
v 0.030000 1.236563 11.406760
v 0.030000 1.857502 10.762866
v 0.030000 1.074573 10.250752
v 0.030000 1.287968 9.516996
v 0.030000 2.144584 10.064329
v 0.030000 1.768927 11.708813
v 0.030000 0.810786 11.017734
vn 1.0000 -0.0000 -0.0000
vn -1.0000 -0.0000 -0.0000
vn -0.0000 0.9997 -0.0237
vn -0.0000 0.9842 0.1769
vn -0.0000 0.9997 0.0225
vn -0.0000 -0.8149 0.5796
vn -0.0000 -0.6133 0.7899
vn -0.0000 -0.8757 0.4829
vn -0.0000 -0.9507 -0.3102
vn -0.0000 -0.9466 -0.3225
vn -0.0000 -0.9036 -0.4284
vn -0.0000 0.8000 -0.6001
vn -0.0000 0.5391 -0.8422
vn -0.0000 0.9045 -0.4265
vn -0.0000 0.1693 0.9856
vn -0.0000 -0.4636 0.8860
vn -0.0000 -0.2186 -0.9758
vn -0.0000 0.4027 -0.9153
vn -0.0000 0.8941 0.4479
vn -0.0000 0.8761 0.4822
vn -0.0000 -0.8867 -0.4623
vn -0.0000 -0.8812 -0.4728
vt 0.884613 0.637126
vt 0.897320 0.640890
vt 0.897972 0.663137
vt 0.884110 0.660829
vt 0.907908 0.644349
vt 0.911328 0.664029
vt 0.914747 0.683709
vt 0.899258 0.684949
vt 0.883770 0.686188
vt 0.870249 0.636051
vt 0.872385 0.634069
vt 0.869553 0.655501
vt 0.855710 0.649291
vt 0.862470 0.674359
vt 0.841170 0.662530
vt 0.825093 0.574437
vt 0.854807 0.575794
vt 0.865600 0.606597
vt 0.847671 0.605244
vt 0.884522 0.577150
vt 0.883265 0.610102
vt 0.899635 0.592743
vt 0.898038 0.617414
vt 0.914747 0.608336
vt 0.911328 0.626343
s 1
usemtl マテリアル.008
f 645/518/734 657/519/734 658/520/734 652/521/734
f 657/519/734 644/522/734 648/523/734 658/520/734
f 658/520/734 648/523/734 640/524/734 651/525/734
f 652/521/734 658/520/734 651/525/734 642/526/734
f 643/527/734 656/528/734 659/529/734 653/530/734
f 656/528/734 645/518/734 652/521/734 659/529/734
f 659/529/734 652/521/734 642/526/734 649/531/734
f 653/530/734 659/529/734 649/531/734 639/532/734
f 637/533/734 650/534/734 660/535/734 646/536/734
f 650/534/734 641/537/734 655/538/734 660/535/734
f 660/535/734 655/538/734 645/518/734 656/528/734
f 646/536/734 660/535/734 656/528/734 643/527/734
f 641/537/734 647/539/734 661/540/734 655/538/734
f 647/539/734 638/541/734 654/542/734 661/540/734
f 661/540/734 654/542/734 644/522/734 657/519/734
f 655/538/734 661/540/734 657/519/734 645/518/734
f 670/518/735 677/521/735 683/520/735 682/519/735
f 682/519/735 683/520/735 673/523/735 669/522/735
f 683/520/735 676/525/735 665/524/735 673/523/735
f 677/521/735 667/526/735 676/525/735 683/520/735
f 668/527/735 678/530/735 684/529/735 681/528/735
f 681/528/735 684/529/735 677/521/735 670/518/735
f 684/529/735 674/531/735 667/526/735 677/521/735
f 678/530/735 664/532/735 674/531/735 684/529/735
f 662/533/735 671/536/735 685/535/735 675/534/735
f 675/534/735 685/535/735 680/538/735 666/537/735
f 685/535/735 681/528/735 670/518/735 680/538/735
f 671/536/735 668/527/735 681/528/735 685/535/735
f 666/537/735 680/538/735 686/540/735 672/539/735
f 672/539/735 686/540/735 679/542/735 663/541/735
f 686/540/735 682/519/735 669/522/735 679/542/735
f 680/538/735 670/518/735 682/519/735 686/540/735
f 646/536/736 643/527/737 668/527/737 671/536/736
f 637/533/738 646/536/736 671/536/736 662/533/738
f 647/539/739 641/537/740 666/537/740 672/539/739
f 638/541/741 647/539/739 672/539/739 663/541/741
f 648/523/742 644/522/743 669/522/743 673/523/742
f 640/524/744 648/523/742 673/523/742 665/524/744
f 649/531/745 642/526/746 667/526/746 674/531/745
f 639/532/747 649/531/745 674/531/745 664/532/747
f 650/534/748 637/533/748 662/533/748 675/534/748
f 641/537/740 650/534/749 675/534/749 666/537/740
f 651/525/750 640/524/750 665/524/750 676/525/750
f 642/526/746 651/525/751 676/525/751 667/526/746
f 653/530/752 639/532/753 664/532/753 678/530/752
f 643/527/737 653/530/752 678/530/752 668/527/737
f 654/542/754 638/541/755 663/541/755 679/542/754
f 644/522/743 654/542/754 679/542/754 669/522/743
f 695/518/734 707/519/734 708/520/734 702/521/734
f 707/519/734 694/522/734 698/523/734 708/520/734
f 708/520/734 698/523/734 690/524/734 701/525/734
f 702/521/734 708/520/734 701/525/734 692/526/734
f 693/527/734 706/528/734 709/529/734 703/530/734
f 706/528/734 695/518/734 702/521/734 709/529/734
f 709/529/734 702/521/734 692/526/734 699/531/734
f 703/530/734 709/529/734 699/531/734 689/532/734
f 687/533/734 700/534/734 710/535/734 696/536/734
f 700/534/734 691/537/734 705/538/734 710/535/734
f 710/535/734 705/538/734 695/518/734 706/528/734
f 696/536/734 710/535/734 706/528/734 693/527/734
f 691/537/734 697/539/734 711/540/734 705/538/734
f 697/539/734 688/541/734 704/542/734 711/540/734
f 711/540/734 704/542/734 694/522/734 707/519/734
f 705/538/734 711/540/734 707/519/734 695/518/734
f 646/536/736 696/536/736 693/527/737 643/527/737
f 637/533/738 687/533/738 696/536/736 646/536/736
f 647/539/739 697/539/739 691/537/740 641/537/740
f 638/541/741 688/541/741 697/539/739 647/539/739
f 648/523/742 698/523/742 694/522/743 644/522/743
f 640/524/744 690/524/744 698/523/742 648/523/742
f 649/531/745 699/531/745 692/526/746 642/526/746
f 639/532/747 689/532/747 699/531/745 649/531/745
f 650/534/748 700/534/748 687/533/748 637/533/748
f 641/537/740 691/537/740 700/534/749 650/534/749
f 651/525/750 701/525/750 690/524/750 640/524/750
f 642/526/746 692/526/746 701/525/751 651/525/751
f 653/530/752 703/530/752 689/532/753 639/532/753
f 643/527/737 693/527/737 703/530/752 653/530/752
f 654/542/754 704/542/754 688/541/755 638/541/755
f 644/522/743 694/522/743 704/542/754 654/542/754
o 平面.002
v 0.000000 -10.242970 12.833792
v 0.000000 -8.955872 12.370079
v 0.000000 -10.783449 10.643524
v 0.000000 -8.944558 10.207081
v 0.000000 -9.602692 12.924238
v 0.000000 -9.815298 9.972779
v 0.000000 -10.379224 11.645624
v 0.000000 -8.863912 11.216921
v 0.000000 -9.637094 11.410866
v 0.000000 -10.299868 12.299170
v 0.000000 -9.262386 12.682001
v 0.000000 -8.839849 10.658540
v 0.000000 -10.420395 10.234707
v 0.000000 -9.975595 13.015667
v 0.000000 -9.284330 9.965740
v 0.000000 -9.712713 10.684764
v 0.000000 -10.652678 11.099510
v 0.000000 -8.909891 11.793499
v 0.000000 -9.606409 12.160493
v 0.000000 -10.011068 11.524418
v 0.000000 -9.253410 11.310064
v 0.000000 -9.259879 10.630953
v 0.000000 -10.190875 10.857198
v 0.000000 -9.959107 12.259540
v 0.000000 -9.256214 11.995152
v 0.030000 -10.242970 12.833792
v 0.030000 -8.955872 12.370079
v 0.030000 -10.783449 10.643524
v 0.030000 -8.944558 10.207081
v 0.030000 -9.602692 12.924238
v 0.030000 -9.815298 9.972779
v 0.030000 -10.379224 11.645624
v 0.030000 -8.863912 11.216921
v 0.030000 -9.637094 11.410866
v 0.030000 -10.299868 12.299170
v 0.030000 -9.262386 12.682001
v 0.030000 -8.839849 10.658540
v 0.030000 -10.420395 10.234707
v 0.030000 -9.975595 13.015667
v 0.030000 -9.284330 9.965740
v 0.030000 -9.712713 10.684764
v 0.030000 -10.652678 11.099510
v 0.030000 -8.909891 11.793499
v 0.030000 -9.606409 12.160493
v 0.030000 -10.011068 11.524418
v 0.030000 -9.253410 11.310064
v 0.030000 -9.259879 10.630953
v 0.030000 -10.190875 10.857198
v 0.030000 -9.959107 12.259540
v 0.030000 -9.256214 11.995152
v -0.030000 -10.242970 12.833792
v -0.030000 -8.955872 12.370079
v -0.030000 -10.783449 10.643524
v -0.030000 -8.944558 10.207081
v -0.030000 -9.602692 12.924238
v -0.030000 -9.815298 9.972779
v -0.030000 -10.379224 11.645624
v -0.030000 -8.863912 11.216921
v -0.030000 -9.637094 11.410866
v -0.030000 -10.299868 12.299170
v -0.030000 -9.262386 12.682001
v -0.030000 -8.839849 10.658540
v -0.030000 -10.420395 10.234707
v -0.030000 -9.975595 13.015667
v -0.030000 -9.284330 9.965740
v -0.030000 -9.712713 10.684764
v -0.030000 -10.652678 11.099510
v -0.030000 -8.909891 11.793499
v -0.030000 -9.606409 12.160493
v -0.030000 -10.011068 11.524418
v -0.030000 -9.253410 11.310064
v -0.030000 -9.259879 10.630953
v -0.030000 -10.190875 10.857198
v -0.030000 -9.959107 12.259540
v -0.030000 -9.256214 11.995152
vn -1.0000 -0.0000 -0.0000
vn 1.0000 -0.0000 -0.0000
vn -0.0000 -0.9936 0.1132
vn -0.0000 -0.9575 0.2884
vn -0.0000 -0.9944 0.1058
vn -0.0000 0.6491 0.7607
vn -0.0000 0.4164 0.9092
vn -0.0000 0.7133 0.7009
vn -0.0000 0.9957 -0.0923
vn -0.0000 0.9981 0.0613
vn -0.0000 0.9741 -0.2259
vn -0.0000 -0.5864 -0.8100
vn -0.0000 -0.2093 -0.9778
vn -0.0000 -0.7477 -0.6640
vn -0.0000 -0.5624 0.8268
vn -0.0000 0.2381 0.9712
vn -0.0000 0.5791 -0.8153
vn -0.0000 -0.0133 -0.9999
vn -0.0000 -0.9317 0.3633
vn -0.0000 -0.9613 0.2757
vn -0.0000 0.9968 0.0795
vt 0.860376 0.845432
vt 0.848948 0.845915
vt 0.843148 0.827003
vt 0.855965 0.824409
vt 0.837424 0.846658
vt 0.831258 0.831162
vt 0.825093 0.815667
vt 0.837132 0.807736
vt 0.849171 0.799805
vt 0.875915 0.844316
vt 0.871069 0.845277
vt 0.870941 0.825274
vt 0.886270 0.827599
vt 0.872898 0.805343
vt 0.896624 0.810881
vt 0.896624 0.885424
vt 0.884229 0.887895
vt 0.876464 0.866240
vt 0.886270 0.864870
vt 0.871835 0.890365
vt 0.865862 0.866593
vt 0.860795 0.884008
vt 0.854836 0.864829
vt 0.849756 0.877650
vt 0.843590 0.862154
s 1
usemtl マテリアル.009
f 720/543/756 732/544/756 733/545/756 727/546/756
f 732/544/756 719/547/756 723/548/756 733/545/756
f 733/545/756 723/548/756 715/549/756 726/550/756
f 727/546/756 733/545/756 726/550/756 717/551/756
f 718/552/756 731/553/756 734/554/756 728/555/756
f 731/553/756 720/543/756 727/546/756 734/554/756
f 734/554/756 727/546/756 717/551/756 724/556/756
f 728/555/756 734/554/756 724/556/756 714/557/756
f 712/558/756 725/559/756 735/560/756 721/561/756
f 725/559/756 716/562/756 730/563/756 735/560/756
f 735/560/756 730/563/756 720/543/756 731/553/756
f 721/561/756 735/560/756 731/553/756 718/552/756
f 716/562/756 722/564/756 736/565/756 730/563/756
f 722/564/756 713/566/756 729/567/756 736/565/756
f 736/565/756 729/567/756 719/547/756 732/544/756
f 730/563/756 736/565/756 732/544/756 720/543/756
f 745/543/757 752/546/757 758/545/757 757/544/757
f 757/544/757 758/545/757 748/548/757 744/547/757
f 758/545/757 751/550/757 740/549/757 748/548/757
f 752/546/757 742/551/757 751/550/757 758/545/757
f 743/552/757 753/555/757 759/554/757 756/553/757
f 756/553/757 759/554/757 752/546/757 745/543/757
f 759/554/757 749/556/757 742/551/757 752/546/757
f 753/555/757 739/557/757 749/556/757 759/554/757
f 737/558/757 746/561/757 760/560/757 750/559/757
f 750/559/757 760/560/757 755/563/757 741/562/757
f 760/560/757 756/553/757 745/543/757 755/563/757
f 746/561/757 743/552/757 756/553/757 760/560/757
f 741/562/757 755/563/757 761/565/757 747/564/757
f 747/564/757 761/565/757 754/567/757 738/566/757
f 761/565/757 757/544/757 744/547/757 754/567/757
f 755/563/757 745/543/757 757/544/757 761/565/757
f 721/561/758 718/552/759 743/552/759 746/561/758
f 712/558/760 721/561/758 746/561/758 737/558/760
f 722/564/761 716/562/762 741/562/762 747/564/761
f 713/566/763 722/564/761 747/564/761 738/566/763
f 723/548/764 719/547/765 744/547/765 748/548/764
f 715/549/766 723/548/764 748/548/764 740/549/766
f 724/556/767 717/551/768 742/551/768 749/556/767
f 714/557/769 724/556/767 749/556/767 739/557/769
f 725/559/770 712/558/770 737/558/770 750/559/770
f 716/562/762 725/559/771 750/559/771 741/562/762
f 726/550/772 715/549/772 740/549/772 751/550/772
f 717/551/768 726/550/773 751/550/773 742/551/768
f 728/555/774 714/557/775 739/557/775 753/555/774
f 718/552/759 728/555/774 753/555/774 743/552/759
f 729/567/776 713/566/776 738/566/776 754/567/776
f 719/547/765 729/567/776 754/567/776 744/547/765
f 770/543/756 782/544/756 783/545/756 777/546/756
f 782/544/756 769/547/756 773/548/756 783/545/756
f 783/545/756 773/548/756 765/549/756 776/550/756
f 777/546/756 783/545/756 776/550/756 767/551/756
f 768/552/756 781/553/756 784/554/756 778/555/756
f 781/553/756 770/543/756 777/546/756 784/554/756
f 784/554/756 777/546/756 767/551/756 774/556/756
f 778/555/756 784/554/756 774/556/756 764/557/756
f 762/558/756 775/559/756 785/560/756 771/561/756
f 775/559/756 766/562/756 780/563/756 785/560/756
f 785/560/756 780/563/756 770/543/756 781/553/756
f 771/561/756 785/560/756 781/553/756 768/552/756
f 766/562/756 772/564/756 786/565/756 780/563/756
f 772/564/756 763/566/756 779/567/756 786/565/756
f 786/565/756 779/567/756 769/547/756 782/544/756
f 780/563/756 786/565/756 782/544/756 770/543/756
f 721/561/758 771/561/758 768/552/759 718/552/759
f 712/558/760 762/558/760 771/561/758 721/561/758
f 722/564/761 772/564/761 766/562/762 716/562/762
f 713/566/763 763/566/763 772/564/761 722/564/761
f 723/548/764 773/548/764 769/547/765 719/547/765
f 715/549/766 765/549/766 773/548/764 723/548/764
f 724/556/767 774/556/767 767/551/768 717/551/768
f 714/557/769 764/557/769 774/556/767 724/556/767
f 725/559/770 775/559/770 762/558/770 712/558/770
f 716/562/762 766/562/762 775/559/771 725/559/771
f 726/550/772 776/550/772 765/549/772 715/549/772
f 717/551/768 767/551/768 776/550/773 726/550/773
f 728/555/774 778/555/774 764/557/775 714/557/775
f 718/552/759 768/552/759 778/555/774 728/555/774
f 729/567/776 779/567/776 763/566/776 713/566/776
f 719/547/765 769/547/765 779/567/776 729/567/776
o 立方体.001
v -0.331728 1.541719 1.082170
v -0.331728 1.719264 1.721429
v -0.331728 15.740278 -2.861261
v -0.331728 15.917822 -2.222003
v 0.331728 1.541719 1.082170
v 0.331728 1.719264 1.721429
v 0.331728 15.740278 -2.861261
v 0.331728 15.917822 -2.222003
vn -1.0000 -0.0000 -0.0000
vn -0.0000 0.9635 -0.2676
vn 1.0000 -0.0000 -0.0000
vn -0.0000 -0.2676 -0.9635
vn -0.0000 0.2676 0.9635
vt 0.552754 0.358726
vt 0.538746 0.358726
vt 0.538746 0.047604
vt 0.552754 0.047604
vt 0.552754 0.033597
vt 0.566761 0.033597
vt 0.566761 0.047604
vt 0.580769 0.047604
vt 0.580769 0.358726
vt 0.566761 0.358726
vt 0.594777 0.047604
vt 0.594777 0.358726
s 0
usemtl マテリアル.007
f 787/568/777 788/569/777 790/570/777 789/571/777
f 789/571/778 790/572/778 794/573/778 793/574/778
f 793/574/779 794/575/779 792/576/779 791/577/779
f 789/571/780 793/574/780 791/577/780 787/568/780
f 794/575/781 790/578/781 788/579/781 792/576/781
o 立方体.002
v 0.000000 7.433659 -5.775935
v 0.000000 11.656692 -2.291047
v 2.169317 8.818984 -7.454690
v 2.169317 13.042017 -3.969802
v 0.000000 10.204309 -9.133445
v 0.000000 14.427341 -5.648557
v 0.000000 9.017297 -3.393801
v 0.000000 12.843705 -8.030691
v 3.005918 10.930499 -5.712246
v 0.000000 12.667908 -2.656212
v 1.207911 13.464320 -3.621314
v 0.000000 14.260732 -4.586415
v 0.000000 13.231660 -2.190999
v 1.207911 14.028071 -3.156100
v 0.000000 14.824482 -4.121202
v 0.000000 7.600269 -6.838078
v 1.207911 8.396681 -7.803179
v 0.000000 9.193093 -8.768280
v 0.000000 6.978712 -7.350994
v 1.207911 7.775123 -8.316096
v 0.000000 8.571535 -9.281198
v 0.000000 7.258964 -7.690608
v 0.849135 7.775124 -8.316096
v 0.000000 8.291284 -8.941586
v 0.000000 13.498171 -2.513961
v 0.866725 14.028071 -3.156100
v 0.000000 14.557970 -3.798239
v 0.000000 8.484697 -7.032921
v 0.659634 8.827170 -7.447934
v 0.000000 9.169643 -7.862948
v 0.000000 12.624434 -3.598199
v 0.671305 12.976024 -4.024261
v 0.000000 13.327613 -4.450322
v -2.169317 8.818984 -7.454690
v -2.169317 13.042016 -3.969802
v -3.005918 10.930500 -5.712246
v -1.207911 13.464320 -3.621314
v -1.207911 14.028071 -3.156100
v -1.207911 8.396681 -7.803179
v -1.207911 7.775123 -8.316096
v -0.849135 7.775124 -8.316096
v -0.866725 14.028071 -3.156100
v -0.659634 8.827170 -7.447934
v -0.671305 12.976024 -4.024260
v 0.000000 10.407250 -2.604971
v -0.000000 11.453752 -8.819520
v 1.491405 9.771395 -8.608833
v 1.491405 13.994426 -5.123947
v 2.728757 9.716379 -6.714151
v 1.491405 7.866572 -6.300546
v 1.491405 12.089604 -2.815658
v 0.000000 7.979006 -4.608781
v -0.000000 13.881994 -6.815711
v 2.728757 12.144623 -4.710341
v 2.066569 9.615172 -4.118315
v 2.066568 12.245830 -7.306178
v 0.830439 14.011853 -4.284821
v 0.830439 12.916787 -2.957806
v 0.000000 12.342404 -2.369291
v 1.657168 13.411531 -3.664874
v 0.000000 14.480661 -4.960459
v 0.830439 14.575603 -3.819607
v 0.830439 13.480538 -2.492593
v 0.000000 12.949784 -2.423605
v 1.207911 13.746195 -3.388706
v 0.000000 14.542607 -4.353808
v 0.830439 8.944214 -8.466686
v 0.830439 7.849148 -7.139672
v 1.657168 8.449469 -7.759617
v 0.000000 7.380340 -6.464035
v 0.000000 9.518598 -9.055201
v 0.830439 8.322656 -8.979603
v 0.830439 7.227591 -7.652588
v 1.207911 8.085901 -8.059637
v 0.000000 7.289491 -7.094536
v 0.000000 8.882314 -9.024739
v 0.583780 8.129984 -8.746119
v 0.583780 7.420263 -7.886073
v 1.028523 7.775124 -8.316095
v 0.000000 7.118838 -7.520801
v 0.000000 8.431409 -9.111391
v 0.595873 14.392376 -3.597571
v 0.595873 13.663765 -2.714629
v 0.000000 13.364916 -2.352480
v 1.037318 14.028070 -3.156100
v 0.000000 14.691227 -3.959720
v 0.453498 9.062622 -7.733256
v 0.453498 8.591720 -7.162613
v 0.461522 13.217741 -4.317178
v 0.461522 12.734304 -3.731343
v 0.000000 8.730463 -8.402267
v 0.754384 8.301147 -7.882015
v 0.769015 13.502047 -3.590180
v 0.000000 13.942792 -4.124280
v 0.000000 7.871830 -7.361763
v 0.000000 13.061301 -3.056079
v -1.491405 9.771395 -8.608834
v -1.491405 13.994428 -5.123946
v -2.728757 9.716379 -6.714151
v -1.491405 7.866572 -6.300546
v -1.491405 12.089604 -2.815658
v -2.728757 12.144623 -4.710341
v -2.066569 9.615172 -4.118315
v -2.066568 12.245828 -7.306178
v -0.830439 14.011853 -4.284821
v -0.830439 12.916787 -2.957806
v -1.657168 13.411531 -3.664874
v -0.830439 14.575603 -3.819607
v -0.830439 13.480538 -2.492593
v -1.207911 13.746195 -3.388706
v -0.830439 8.944214 -8.466686
v -0.830439 7.849148 -7.139672
v -1.657168 8.449468 -7.759617
v -0.830439 8.322656 -8.979603
v -0.830439 7.227591 -7.652588
v -1.207911 8.085902 -8.059637
v -0.583780 8.129984 -8.746119
v -0.583780 7.420263 -7.886073
v -1.028523 7.775124 -8.316096
v -0.595873 14.392376 -3.597571
v -0.595873 13.663765 -2.714629
v -1.037318 14.028072 -3.156100
v -0.453498 9.062620 -7.733257
v -0.453498 8.591720 -7.162613
v -0.461522 13.217741 -4.317178
v -0.461522 12.734304 -3.731343
v -0.754384 8.301146 -7.882015
v -0.769015 13.502046 -3.590180
v 1.876020 13.339067 -6.157783
v 1.876021 10.950178 -3.262899
v 1.876021 8.521935 -5.266709
v 1.876020 10.910822 -8.161592
v 1.139303 12.676505 -2.774160
v 1.139303 14.146558 -4.555589
v 0.830439 13.198662 -2.725199
v 0.830439 14.293728 -4.052214
v 1.139303 7.714442 -6.868904
v 1.139303 9.184494 -8.650330
v 0.830439 7.538369 -7.396131
v 0.830439 8.633434 -8.723145
v 0.707109 7.323926 -7.769330
v 0.707109 8.226318 -8.862861
v 0.713156 13.572151 -2.603611
v 0.713156 14.483989 -3.708589
v 0.518639 8.596301 -8.239687
v 0.528698 13.805058 -3.957374
v 0.518639 8.005991 -7.524343
v 0.528698 13.199035 -3.222986
v -1.876020 13.339067 -6.157783
v -1.876021 10.950178 -3.262899
v -1.876021 8.521935 -5.266709
v -1.876020 10.910822 -8.161592
v -1.139303 12.676505 -2.774161
v -1.139303 14.146558 -4.555589
v -0.830439 13.198663 -2.725199
v -0.830439 14.293728 -4.052214
v -1.139303 7.714443 -6.868905
v -1.139303 9.184495 -8.650330
v -0.830439 7.538369 -7.396130
v -0.830439 8.633435 -8.723145
v -0.707109 7.323926 -7.769330
v -0.707109 8.226319 -8.862861
v -0.713156 13.572151 -2.603611
v -0.713156 14.483989 -3.708589
v -0.518639 8.596301 -8.239687
v -0.528698 13.805059 -3.957374
v -0.518639 8.005992 -7.524343
v -0.528698 13.199034 -3.222986
vn 0.4139 0.5794 -0.7021
vn 0.3987 0.7661 -0.5041
vn 0.3985 0.7671 -0.5027
vn 0.3527 0.8988 -0.2603
vn 0.5869 0.8041 -0.0952
vn 0.8758 0.4640 -0.1328
vn 0.7710 0.6330 0.0697
vn 0.8763 0.4626 -0.1342
vn 0.9104 0.2633 -0.3191
vn 0.9104 -0.2633 0.3191
vn 0.8763 -0.0440 0.4797
vn 0.8758 -0.0423 0.4808
vn 0.7710 0.1886 0.6082
vn 0.5869 0.0591 0.8075
vn 0.3985 -0.3480 0.8486
vn 0.3527 -0.0850 0.9319
vn 0.3987 -0.3496 0.8478
vn 0.4139 -0.5794 0.7021
vn 0.7710 -0.6330 -0.0697
vn 0.8763 -0.4626 0.1342
vn 0.8758 -0.4640 0.1328
vn 0.5869 -0.8041 0.0952
vn 0.3985 -0.7671 0.5028
vn 0.3987 -0.7661 0.5041
vn 0.3527 -0.8988 0.2603
vn 0.3527 0.0850 -0.9319
vn 0.3987 0.3496 -0.8478
vn 0.3985 0.3480 -0.8486
vn 0.5869 -0.0591 -0.8075
vn 0.8758 0.0423 -0.4808
vn 0.8763 0.0440 -0.4797
vn 0.7710 -0.1886 -0.6082
vn 0.4939 0.2371 0.8366
vn 0.3022 0.1109 0.9468
vn 0.6547 0.3487 0.6706
vn 0.1129 0.6909 0.7141
vn 0.1522 0.7623 0.6291
vn 0.1121 0.6903 0.7148
vn -0.0000 0.6626 0.7490
vn 0.4939 0.8664 0.0740
vn 0.6547 0.7246 0.2151
vn 0.3022 0.9506 -0.0708
vn 0.1129 0.8322 0.5428
vn -0.0000 0.8611 0.5084
vn 0.1121 0.8328 0.5421
vn 0.4260 -0.5758 0.6978
vn 0.9157 -0.2557 0.3099
vn 0.9157 0.2557 -0.3099
vn 0.4260 0.5758 -0.6978
vn 0.4939 -0.8664 -0.0740
vn 0.6547 -0.7246 -0.2151
vn 0.3022 -0.9506 0.0708
vn 0.1129 -0.8322 -0.5428
vn -0.0000 -0.8611 -0.5084
vn 0.1121 -0.8328 -0.5421
vn 0.1522 -0.7623 -0.6291
vn 0.4939 -0.2371 -0.8366
vn 0.3022 -0.1109 -0.9468
vn 0.6547 -0.3487 -0.6706
vn 0.1129 -0.6909 -0.7141
vn 0.1121 -0.6903 -0.7148
vn -0.0000 -0.6626 -0.7490
vn -0.0000 -0.7713 -0.6365
vn -0.0000 0.7713 0.6365
vn -0.3823 -0.7102 0.5911
vn -0.3704 -0.7135 0.5948
vn -0.3707 -0.7134 0.5947
vn -0.8896 -0.3814 0.2512
vn -0.8830 -0.3900 0.2614
vn -0.8830 -0.3899 0.2613
vn -0.8755 -0.3991 0.2723
vn -0.3578 -0.7169 0.5984
vn -0.8902 -0.1696 0.4228
vn -0.8838 -0.1777 0.4327
vn -0.8838 -0.1778 0.4329
vn -0.3841 -0.4411 0.8111
vn -0.3726 -0.4440 0.8149
vn -0.3723 -0.4440 0.8150
vn -0.3599 -0.4470 0.8189
vn -0.8765 -0.1866 0.4437
vn -0.8896 0.1742 -0.4222
vn -0.8830 0.1825 -0.4324
vn -0.8830 0.1826 -0.4325
vn -0.3823 0.4456 -0.8095
vn -0.3707 0.4485 -0.8133
vn -0.3704 0.4485 -0.8134
vn -0.3578 0.4515 -0.8174
vn -0.8755 0.1916 -0.4436
vn -0.3841 0.7126 -0.5871
vn -0.3723 0.7159 -0.5906
vn -0.3726 0.7158 -0.5905
vn -0.8902 0.3829 -0.2468
vn -0.8838 0.3913 -0.2567
vn -0.8838 0.3912 -0.2566
vn -0.8765 0.4002 -0.2674
vn -0.3599 0.7192 -0.5943
vn -0.4139 0.5794 -0.7021
vn -0.3985 0.7671 -0.5027
vn -0.3987 0.7661 -0.5041
vn -0.9104 0.2633 -0.3191
vn -0.8763 0.4626 -0.1342
vn -0.8758 0.4640 -0.1328
vn -0.7710 0.6330 0.0697
vn -0.5869 0.8041 -0.0952
vn -0.3527 0.8988 -0.2603
vn -0.9104 -0.2633 0.3191
vn -0.8758 -0.0423 0.4808
vn -0.8763 -0.0440 0.4797
vn -0.4139 -0.5794 0.7021
vn -0.3987 -0.3496 0.8478
vn -0.3985 -0.3480 0.8486
vn -0.3527 -0.0850 0.9319
vn -0.5869 0.0591 0.8075
vn -0.7710 0.1886 0.6082
vn -0.7710 -0.6330 -0.0697
vn -0.5869 -0.8041 0.0952
vn -0.8758 -0.4640 0.1328
vn -0.8763 -0.4626 0.1342
vn -0.3527 -0.8988 0.2603
vn -0.3987 -0.7661 0.5041
vn -0.3985 -0.7671 0.5028
vn -0.3527 0.0850 -0.9319
vn -0.5869 -0.0591 -0.8075
vn -0.3985 0.3480 -0.8486
vn -0.3987 0.3496 -0.8478
vn -0.7710 -0.1886 -0.6082
vn -0.8763 0.0440 -0.4797
vn -0.8758 0.0423 -0.4808
vn -0.3022 0.1109 0.9468
vn -0.4939 0.2371 0.8366
vn -0.1121 0.6903 0.7148
vn -0.1129 0.6909 0.7141
vn -0.1522 0.7623 0.6291
vn -0.6547 0.3487 0.6706
vn -0.6547 0.7246 0.2151
vn -0.4939 0.8664 0.0740
vn -0.1121 0.8328 0.5421
vn -0.1129 0.8322 0.5428
vn -0.3022 0.9506 -0.0708
vn -0.4260 -0.5758 0.6978
vn -0.9157 -0.2557 0.3099
vn -0.9157 0.2557 -0.3099
vn -0.4260 0.5758 -0.6978
vn -0.6547 -0.7246 -0.2151
vn -0.4939 -0.8664 -0.0740
vn -0.1522 -0.7623 -0.6291
vn -0.1121 -0.8328 -0.5421
vn -0.1129 -0.8322 -0.5428
vn -0.3022 -0.9506 0.0708
vn -0.3022 -0.1109 -0.9468
vn -0.4939 -0.2371 -0.8366
vn -0.1121 -0.6903 -0.7148
vn -0.1129 -0.6909 -0.7141
vn -0.6547 -0.3487 -0.6706
vn 0.3823 -0.7102 0.5911
vn 0.3707 -0.7134 0.5947
vn 0.3704 -0.7135 0.5947
vn 0.3578 -0.7169 0.5984
vn 0.8830 -0.3899 0.2613
vn 0.8755 -0.3991 0.2723
vn 0.8830 -0.3900 0.2614
vn 0.8896 -0.3814 0.2512
vn 0.8902 -0.1696 0.4228
vn 0.8838 -0.1778 0.4329
vn 0.8838 -0.1777 0.4327
vn 0.8765 -0.1866 0.4437
vn 0.3723 -0.4440 0.8150
vn 0.3599 -0.4470 0.8189
vn 0.3726 -0.4440 0.8149
vn 0.3841 -0.4411 0.8111
vn 0.8896 0.1742 -0.4222
vn 0.8830 0.1826 -0.4325
vn 0.8830 0.1825 -0.4324
vn 0.8755 0.1916 -0.4436
vn 0.3704 0.4485 -0.8134
vn 0.3578 0.4515 -0.8174
vn 0.3707 0.4485 -0.8133
vn 0.3823 0.4456 -0.8095
vn 0.3841 0.7126 -0.5871
vn 0.3726 0.7158 -0.5905
vn 0.3723 0.7159 -0.5906
vn 0.3599 0.7192 -0.5943
vn 0.8838 0.3912 -0.2566
vn 0.8765 0.4002 -0.2674
vn 0.8838 0.3913 -0.2567
vn 0.8902 0.3829 -0.2468
vt 0.382865 0.876034
vt 0.341537 0.853797
vt 0.345297 0.789298
vt 0.382702 0.795345
vt 0.300209 0.831560
vt 0.314191 0.779290
vt 0.317000 0.725728
vt 0.346568 0.726345
vt 0.382434 0.727256
vt 0.344684 0.664229
vt 0.382166 0.659168
vt 0.313547 0.673547
vt 0.298592 0.624729
vt 0.340297 0.601604
vt 0.382003 0.578479
vt 0.447868 0.728785
vt 0.418300 0.728168
vt 0.419570 0.665215
vt 0.450677 0.675223
vt 0.423331 0.600716
vt 0.464659 0.622952
vt 0.466276 0.829784
vt 0.424571 0.852909
vt 0.420184 0.790284
vt 0.451321 0.780966
vt 0.313547 0.673547
vt 0.295169 0.681578
vt 0.288487 0.638632
vt 0.317000 0.725728
vt 0.298210 0.725537
vt 0.288541 0.724986
vt 0.283461 0.688761
vt 0.278381 0.652535
vt 0.314191 0.779290
vt 0.295557 0.770924
vt 0.289295 0.816858
vt 0.278381 0.802156
vt 0.283461 0.763571
vt 0.540467 0.735408
vt 0.544770 0.763481
vt 0.536819 0.764276
vt 0.532709 0.736998
vt 0.549072 0.791555
vt 0.538838 0.791555
vt 0.530995 0.791555
vt 0.529106 0.765071
vt 0.524952 0.738588
vt 0.544770 0.819628
vt 0.536819 0.818833
vt 0.540467 0.847702
vt 0.532709 0.846112
vt 0.524952 0.844522
vt 0.529106 0.818038
vt 0.447868 0.728785
vt 0.450677 0.675223
vt 0.469311 0.683589
vt 0.466657 0.728975
vt 0.475573 0.637655
vt 0.486487 0.652357
vt 0.481407 0.690942
vt 0.476327 0.729526
vt 0.469699 0.772935
vt 0.476381 0.815881
vt 0.481407 0.765752
vt 0.486487 0.801978
vt 0.889117 0.742997
vt 0.884955 0.771156
vt 0.876222 0.770298
vt 0.878184 0.742997
vt 0.880794 0.799315
vt 0.872228 0.797600
vt 0.863663 0.795884
vt 0.867719 0.769440
vt 0.869564 0.742997
vt 0.880794 0.686679
vt 0.884955 0.714838
vt 0.876222 0.715695
vt 0.872228 0.688394
vt 0.867719 0.716553
vt 0.863663 0.690109
vt 0.869563 0.742997
vt 0.867719 0.769441
vt 0.863295 0.766307
vt 0.864997 0.742997
vt 0.859549 0.789617
vt 0.855436 0.783349
vt 0.858870 0.763173
vt 0.860431 0.742997
vt 0.867719 0.716553
vt 0.863295 0.719687
vt 0.859549 0.696376
vt 0.858870 0.722820
vt 0.855436 0.702644
vt 0.529106 0.765071
vt 0.524906 0.768042
vt 0.521068 0.744529
vt 0.526651 0.791555
vt 0.522307 0.791555
vt 0.520706 0.771013
vt 0.517185 0.750470
vt 0.524906 0.815068
vt 0.521068 0.838581
vt 0.517185 0.832640
vt 0.520706 0.812097
vt 0.858870 0.722820
vt 0.843254 0.725787
vt 0.840264 0.708578
vt 0.860431 0.742997
vt 0.844709 0.742997
vt 0.830484 0.742997
vt 0.827788 0.728754
vt 0.825093 0.714512
vt 0.522307 0.791555
vt 0.520706 0.812097
vt 0.505155 0.809073
vt 0.506651 0.791555
vt 0.502081 0.826592
vt 0.486977 0.820545
vt 0.489759 0.806050
vt 0.492541 0.791555
vt 0.843254 0.760206
vt 0.840264 0.777416
vt 0.825093 0.771482
vt 0.827788 0.757239
vt 0.505155 0.774036
vt 0.502081 0.756518
vt 0.489759 0.777060
vt 0.486977 0.762565
vt 0.382702 0.795345
vt 0.345297 0.789298
vt 0.382434 0.727256
vt 0.346568 0.726345
vt 0.317000 0.725728
vt 0.314191 0.779290
vt 0.382166 0.659168
vt 0.344683 0.664229
vt 0.447868 0.728785
vt 0.419570 0.665215
vt 0.418300 0.728168
vt 0.420184 0.790284
vt 0.295169 0.681578
vt 0.313547 0.673547
vt 0.298210 0.725537
vt 0.317000 0.725728
vt 0.314191 0.779290
vt 0.466657 0.728975
vt 0.469311 0.683589
vt 0.450677 0.675223
vt 0.451321 0.780966
vt 0.878184 0.742997
vt 0.864997 0.742997
vt 0.863295 0.719687
vt 0.524906 0.768042
vt 0.526651 0.791555
vt 0.843254 0.725787
vt 0.844709 0.742997
vt 0.505155 0.809073
vt 0.843254 0.760206
s 1
usemtl マテリアル.005
f 802/580/782 847/581/783 923/582/784 850/583/782
f 847/581/783 800/584/785 842/585/786 923/582/784
f 923/582/787 842/585/786 798/586/788 848/587/789
f 850/583/790 923/582/787 848/587/789 803/588/790
f 803/588/791 848/587/792 924/589/793 849/590/791
f 848/587/792 798/586/794 845/591/795 924/589/793
f 924/589/796 845/591/795 796/592/797 839/593/798
f 849/590/799 924/589/796 839/593/798 801/594/799
f 797/595/800 843/596/801 925/597/802 844/598/803
f 843/596/801 803/588/791 849/590/791 925/597/802
f 925/597/804 849/590/799 801/594/799 846/599/805
f 844/598/803 925/597/804 846/599/805 795/600/806
f 799/601/807 840/602/808 926/603/809 841/604/810
f 840/602/808 802/580/782 850/583/782 926/603/809
f 926/603/811 850/583/790 803/588/790 843/596/812
f 841/604/810 926/603/811 843/596/812 797/595/813
f 796/592/797 845/605/795 927/606/814 853/607/815
f 845/605/795 798/608/794 854/609/816 927/606/814
f 927/606/817 854/609/818 805/610/818 852/611/819
f 853/607/820 927/606/817 852/611/819 804/612/820
f 798/608/788 842/613/786 928/614/821 854/609/822
f 842/613/786 800/584/785 855/615/823 928/614/821
f 928/614/824 855/615/825 806/616/825 851/617/826
f 854/609/818 928/614/824 851/617/826 805/610/818
f 797/633/800 844/634/803 931/635/831 863/636/832
f 844/634/803 795/600/806 864/637/833 931/635/831
f 931/635/834 864/637/835 810/638/835 862/639/836
f 863/636/837 931/635/834 862/639/836 811/640/837
f 799/601/807 841/604/810 932/641/838 865/642/839
f 841/604/810 797/633/813 863/636/840 932/641/838
f 932/641/841 863/636/837 811/640/837 861/643/842
f 865/642/843 932/641/841 861/643/842 812/644/843
f 802/580/878 898/708/878 943/709/879 847/581/880
f 898/708/881 830/710/881 896/711/882 943/709/883
f 943/709/883 896/711/882 829/712/884 892/713/885
f 847/581/880 943/709/879 892/713/885 800/584/886
f 830/710/887 897/714/887 944/715/888 896/711/889
f 897/714/890 801/594/890 839/593/891 944/715/892
f 944/715/892 839/593/891 796/592/893 895/591/894
f 896/711/889 944/715/888 895/591/894 829/712/895
f 828/716/896 894/634/897 945/717/898 893/718/899
f 894/634/897 795/600/900 846/599/901 945/717/902
f 945/717/902 846/599/901 801/594/890 897/714/890
f 893/718/899 945/717/898 897/714/887 830/710/887
f 799/601/903 891/604/904 946/719/905 840/602/906
f 891/604/904 828/716/907 893/718/908 946/719/909
f 946/719/909 893/718/908 830/710/881 898/708/881
f 840/602/906 946/719/905 898/708/878 802/580/878
f 796/592/893 853/607/910 947/720/911 895/721/894
f 853/607/820 804/612/820 900/611/912 947/720/913
f 947/720/913 900/611/912 831/610/914 901/722/914
f 895/721/894 947/720/911 901/722/915 829/723/895
f 829/723/884 901/722/916 948/614/917 892/724/885
f 901/722/914 831/610/914 899/617/918 948/614/919
f 948/614/919 899/617/918 806/616/825 855/615/825
f 892/724/885 948/614/917 855/615/920 800/584/886
f 828/716/896 907/725/925 951/726/926 894/727/897
f 907/725/927 833/640/927 906/639/928 951/726/929
f 951/726/929 906/639/928 810/638/835 864/637/835
f 894/727/897 951/726/926 864/637/930 795/600/900
f 799/601/903 865/642/931 952/641/932 891/728/904
f 865/642/843 812/644/843 905/643/933 952/641/934
f 952/641/934 905/643/933 833/640/927 907/725/927
f 891/728/904 952/641/932 907/725/935 828/716/907
usemtl マテリアル.006
f 804/618/827 852/619/827 929/620/827 858/621/827
f 852/619/828 805/622/828 859/623/828 929/620/828
f 929/620/828 859/623/828 808/624/828 857/625/828
f 858/621/827 929/620/827 857/625/827 807/626/827
f 805/622/829 851/627/829 930/628/829 859/623/829
f 851/627/830 806/629/830 860/630/830 930/628/830
f 930/628/830 860/630/830 809/631/830 856/632/830
f 859/623/829 930/628/829 856/632/829 808/624/829
f 811/645/828 862/646/828 933/647/828 868/648/828
f 862/646/827 810/649/827 869/650/827 933/647/827
f 933/647/827 869/650/827 813/651/827 867/652/827
f 868/648/828 933/647/828 867/652/828 814/653/828
f 812/654/830 861/655/830 934/656/830 870/657/830
f 861/655/829 811/645/829 868/648/829 934/656/829
f 934/656/829 868/648/829 814/653/829 866/658/829
f 870/657/830 934/656/830 866/658/830 815/659/830
f 814/660/844 867/661/844 935/662/844 873/663/844
f 867/661/844 813/651/844 874/664/844 935/662/844
f 935/662/844 874/664/844 816/665/844 872/666/844
f 873/663/844 935/662/844 872/666/844 817/667/844
f 815/659/844 866/668/844 936/669/844 875/670/844
f 866/668/844 814/660/844 873/663/844 936/669/844
f 936/669/844 873/663/844 817/667/844 871/671/844
f 875/670/844 936/669/844 871/671/844 818/672/844
f 807/626/845 857/673/845 937/674/845 878/675/845
f 857/673/845 808/624/845 879/676/845 937/674/845
f 937/674/845 879/676/845 820/677/845 877/678/845
f 878/675/845 937/674/845 877/678/845 819/679/845
f 808/624/845 856/632/845 938/680/845 879/676/845
f 856/632/845 809/631/845 880/681/845 938/680/845
f 938/680/845 880/681/845 821/682/845 876/683/845
f 879/676/845 938/680/845 876/683/845 820/677/845
f 818/672/846 871/684/846 939/685/847 885/686/848
f 871/684/849 817/687/849 886/688/850 939/685/851
f 939/685/851 886/688/850 823/689/852 881/690/852
f 885/686/848 939/685/847 881/690/853 824/691/853
f 820/692/854 876/693/854 940/694/855 887/695/856
f 876/693/857 821/682/857 888/696/858 940/694/859
f 940/694/859 888/696/858 827/697/860 883/698/860
f 887/695/856 940/694/855 883/698/861 826/699/861
f 817/687/862 872/666/862 941/700/863 886/688/864
f 872/666/865 816/665/865 889/701/866 941/700/867
f 941/700/867 889/701/866 822/702/868 882/703/868
f 886/688/864 941/700/863 882/703/869 823/689/869
f 819/679/870 877/678/870 942/704/871 890/705/872
f 877/678/873 820/692/873 887/695/874 942/704/875
f 942/704/875 887/695/874 826/699/876 884/706/876
f 890/705/872 942/704/871 884/706/877 825/707/877
f 804/618/921 858/621/921 949/620/921 900/619/921
f 858/621/921 807/626/921 903/625/921 949/620/921
f 949/620/922 903/625/922 832/624/922 904/623/922
f 900/619/922 949/620/922 904/623/922 831/622/922
f 831/622/923 904/623/923 950/628/923 899/627/923
f 904/623/923 832/624/923 902/632/923 950/628/923
f 950/628/924 902/632/924 809/631/924 860/630/924
f 899/627/924 950/628/924 860/630/924 806/629/924
f 833/645/922 910/729/922 953/647/922 906/646/922
f 910/729/922 834/653/922 909/652/922 953/647/922
f 953/647/921 909/652/921 813/651/921 869/650/921
f 906/646/921 953/647/921 869/650/921 810/649/921
f 812/654/924 870/657/924 954/656/924 905/655/924
f 870/657/924 815/659/924 908/658/924 954/656/924
f 954/656/923 908/658/923 834/653/923 910/729/923
f 905/655/923 954/656/923 910/729/923 833/645/923
f 834/660/844 913/730/844 955/662/844 909/661/844
f 913/730/844 835/667/844 912/666/844 955/662/844
f 955/662/844 912/666/844 816/665/844 874/664/844
f 909/661/844 955/662/844 874/664/844 813/651/844
f 815/659/844 875/670/844 956/731/844 908/668/844
f 875/670/844 818/672/844 911/671/844 956/731/844
f 956/731/844 911/671/844 835/667/844 913/730/844
f 908/668/844 956/731/844 913/730/844 834/660/844
f 807/626/845 878/675/845 957/732/845 903/673/845
f 878/675/845 819/679/845 915/678/845 957/732/845
f 957/732/845 915/678/845 836/677/845 916/733/845
f 903/673/845 957/732/845 916/733/845 832/624/845
f 832/624/845 916/733/845 958/680/845 902/632/845
f 916/733/845 836/677/845 914/683/845 958/680/845
f 958/680/845 914/683/845 821/682/845 880/681/845
f 902/632/845 958/680/845 880/681/845 809/631/845
f 818/672/936 885/686/937 959/734/938 911/684/936
f 885/686/937 824/691/939 917/690/939 959/734/938
f 959/734/940 917/690/941 837/689/941 921/735/942
f 911/684/943 959/734/940 921/735/942 835/687/943
f 836/692/944 922/695/945 960/736/946 914/693/944
f 922/695/945 838/699/947 919/698/947 960/736/946
f 960/736/948 919/698/949 827/697/949 888/696/950
f 914/693/951 960/736/948 888/696/950 821/682/951
f 835/687/952 921/735/953 961/737/954 912/666/952
f 921/735/953 837/689/955 918/703/955 961/737/954
f 961/737/956 918/703/957 822/702/957 889/701/958
f 912/666/959 961/737/956 889/701/958 816/665/959
f 819/679/960 890/705/961 962/704/962 915/678/960
f 890/705/961 825/707/963 920/706/963 962/704/962
f 962/704/964 920/706/965 838/699/965 922/695/966
f 915/678/967 962/704/964 922/695/966 836/692/967
o NURBSパス
v -0.910632 13.870170 -3.415131
v -0.918632 13.797339 -3.437257
v -0.921946 13.729889 -3.401240
v -0.918633 13.707327 -3.328179
v -0.910633 13.742873 -3.260871
v -0.902633 13.815703 -3.238746
v -0.899319 13.883156 -3.274762
v -0.902632 13.905717 -3.347822
v -1.211982 13.896638 -3.393291
v -1.231532 13.825582 -3.413951
v -1.239630 13.758865 -3.377328
v -1.231532 13.735570 -3.304875
v -1.211982 13.769341 -3.239031
v -1.192433 13.840395 -3.218370
v -1.184335 13.907112 -3.254995
v -1.192433 13.930408 -3.327448
v -1.402714 13.967132 -3.335118
v -1.447430 13.906240 -3.347390
v -1.465953 13.843736 -3.307292
v -1.447430 13.816228 -3.238313
v -1.402714 13.839835 -3.180858
v -1.357998 13.900726 -3.168584
v -1.339476 13.963232 -3.208682
v -1.357998 13.990738 -3.277662
v -1.503133 14.069353 -3.250764
v -1.567917 14.028852 -3.246211
v -1.594751 13.974792 -3.199143
v -1.567917 13.938840 -3.137131
v -1.503134 13.942056 -3.096503
v -1.438351 13.982555 -3.101058
v -1.411516 14.036617 -3.148124
v -1.438350 14.072567 -3.210135
v -1.531558 14.192398 -3.149228
v -1.602265 14.173179 -3.127114
v -1.631553 14.127933 -3.072771
v -1.602265 14.083167 -3.018036
v -1.531559 14.065102 -2.994968
v -1.460852 14.084323 -3.017081
v -1.431564 14.129567 -3.071422
v -1.460851 14.174334 -3.126159
v -1.504314 14.326762 -3.038348
v -1.572629 14.322198 -3.004141
v -1.600926 14.283022 -2.944789
v -1.572630 14.232185 -2.895065
v -1.504315 14.199465 -2.884090
v -1.436000 14.204030 -2.918297
v -1.407703 14.243206 -2.977647
v -1.436000 14.294044 -3.027373
v -1.435741 14.464341 -2.924812
v -1.499742 14.468889 -2.883086
v -1.526252 14.433487 -2.820620
v -1.499743 14.378876 -2.774010
v -1.435742 14.337045 -2.770554
v -1.371742 14.332497 -2.812282
v -1.345231 14.367899 -2.874745
v -1.371741 14.422510 -2.921358
v -1.338187 14.598436 -2.814156
v -1.397869 14.609044 -2.767428
v -1.422590 14.576154 -2.702890
v -1.397869 14.519032 -2.658350
v -1.338187 14.471142 -2.659897
v -1.278506 14.460535 -2.706624
v -1.253785 14.493424 -2.771160
v -1.278506 14.550547 -2.815701
v -1.222011 14.723750 -2.710748
v -1.277558 14.738855 -2.660308
v -1.300567 14.707828 -2.594234
v -1.277558 14.648844 -2.551230
v -1.222011 14.596453 -2.556489
v -1.166463 14.581348 -2.606928
v -1.143455 14.612376 -2.673002
v -1.166463 14.671360 -2.716006
v -1.095582 14.836373 -2.617811
v -1.146970 14.855195 -2.564304
v -1.168255 14.825707 -2.496959
v -1.146969 14.765185 -2.455226
v -1.095582 14.709078 -2.463550
v -1.044194 14.690255 -2.517056
v -1.022909 14.719745 -2.584401
v -1.044194 14.780266 -2.626134
v -0.965281 14.933810 -2.537406
v -1.012202 14.955972 -2.481144
v -1.031637 14.927865 -2.412658
v -1.012201 14.865959 -2.372068
v -0.965280 14.806517 -2.383144
v -0.918360 14.784356 -2.439407
v -0.898925 14.812462 -2.507891
v -0.918360 14.874368 -2.548483
v -0.835497 15.014960 -2.470441
v -0.877404 15.040247 -2.411600
v -0.894763 15.013436 -2.342045
v -0.877405 14.950235 -2.302522
v -0.835499 14.887665 -2.316181
v -0.793591 14.862378 -2.375021
v -0.776232 14.889188 -2.444576
v -0.793590 14.952390 -2.484099
v -0.708634 15.080118 -2.416667
v -0.744915 15.108289 -2.355447
v -0.759944 15.082673 -2.284907
v -0.744916 15.018276 -2.246371
v -0.708635 14.952823 -2.262409
v -0.672353 14.924653 -2.323629
v -0.657325 14.950268 -2.394168
v -0.672352 15.014665 -2.432705
v -0.585186 15.130918 -2.374750
v -0.615409 15.161581 -2.311471
v -0.627928 15.136998 -2.240078
v -0.615408 15.071569 -2.202394
v -0.585185 15.003620 -2.220490
v -0.554962 14.972957 -2.283769
v -0.542443 14.997540 -2.355160
v -0.554962 15.062968 -2.392846
v -0.464650 15.169479 -2.342928
v -0.488645 15.202141 -2.278002
v -0.498584 15.178385 -2.205927
v -0.488646 15.112128 -2.168924
v -0.464652 15.042184 -2.188669
v -0.440658 15.009523 -2.253595
v -0.430718 15.033278 -2.325670
v -0.440657 15.099535 -2.362673
v -0.346447 15.197602 -2.319718
v -0.364237 15.231745 -2.253569
v -0.371606 15.208602 -2.180988
v -0.364238 15.141733 -2.144492
v -0.346449 15.070305 -2.165459
v -0.328659 15.036163 -2.231608
v -0.321290 15.059304 -2.304189
v -0.328658 15.126175 -2.340686
v -0.229995 15.216690 -2.303966
v -0.241716 15.251832 -2.236993
v -0.246571 15.229106 -2.164069
v -0.241715 15.161822 -2.127915
v -0.229993 15.089395 -2.149707
v -0.218272 15.054254 -2.216680
v -0.213417 15.076982 -2.289604
v -0.218273 15.144264 -2.325758
v -0.114706 15.227745 -2.294847
v -0.120517 15.263458 -2.227402
v -0.122923 15.240966 -2.154283
v -0.120516 15.173447 -2.118324
v -0.114705 15.100449 -2.140587
v -0.108894 15.064735 -2.208031
v -0.106487 15.087229 -2.281148
v -0.108895 15.154747 -2.317108
v 0.000000 15.231363 -2.291861
v 0.000000 15.267260 -2.224264
v 0.000000 15.244846 -2.151083
v 0.000000 15.177250 -2.115186
v 0.000000 15.104067 -2.137600
v 0.000000 15.068171 -2.205197
v 0.000000 15.090586 -2.278378
v 0.000000 15.158182 -2.314275
v 0.114705 15.227745 -2.294847
v 0.120516 15.263458 -2.227402
v 0.122923 15.240966 -2.154283
v 0.120517 15.173447 -2.118324
v 0.114706 15.100449 -2.140587
v 0.108895 15.064735 -2.208031
v 0.106488 15.087229 -2.281148
v 0.108895 15.154747 -2.317108
v 0.229994 15.216694 -2.303967
v 0.241715 15.251836 -2.236993
v 0.246571 15.229107 -2.164070
v 0.241715 15.161824 -2.127915
v 0.229994 15.089396 -2.149708
v 0.218273 15.054255 -2.216682
v 0.213418 15.076982 -2.289604
v 0.218273 15.144266 -2.325760
v 0.346448 15.197603 -2.319719
v 0.364238 15.231746 -2.253571
v 0.371607 15.208604 -2.180988
v 0.364238 15.141735 -2.144492
v 0.346448 15.070307 -2.165459
v 0.328658 15.036165 -2.231609
v 0.321289 15.059308 -2.304190
v 0.328658 15.126177 -2.340686
v 0.464651 15.169479 -2.342929
v 0.488646 15.202141 -2.278002
v 0.498585 15.178384 -2.205928
v 0.488646 15.112127 -2.168926
v 0.464651 15.042182 -2.188669
v 0.440657 15.009521 -2.253595
v 0.430718 15.033277 -2.325671
v 0.440657 15.099533 -2.362673
v 0.585186 15.130918 -2.374750
v 0.615409 15.161581 -2.311471
v 0.627928 15.136998 -2.240078
v 0.615408 15.071569 -2.202394
v 0.585185 15.003620 -2.220490
v 0.554962 14.972957 -2.283769
v 0.542444 14.997540 -2.355160
v 0.554963 15.062968 -2.392846
v 0.708634 15.080118 -2.416667
v 0.744916 15.108289 -2.355447
v 0.759944 15.082673 -2.284907
v 0.744916 15.018276 -2.246371
v 0.708634 14.952823 -2.262409
v 0.672353 14.924653 -2.323629
v 0.657324 14.950268 -2.394168
v 0.672353 15.014665 -2.432705
v 0.835498 15.014959 -2.470440
v 0.877405 15.040245 -2.411599
v 0.894763 15.013435 -2.342044
v 0.877405 14.950234 -2.302521
v 0.835497 14.887662 -2.316180
v 0.793590 14.862375 -2.375021
v 0.776232 14.889186 -2.444575
v 0.793590 14.952387 -2.484098
v 0.965281 14.933810 -2.537402
v 1.012201 14.955969 -2.481142
v 1.031636 14.927864 -2.412656
v 1.012201 14.865956 -2.372066
v 0.965281 14.806512 -2.383143
v 0.918360 14.784353 -2.439404
v 0.898925 14.812457 -2.507891
v 0.918360 14.874365 -2.548481
v 1.095581 14.836374 -2.617808
v 1.146969 14.855196 -2.564301
v 1.168255 14.825708 -2.496957
v 1.146970 14.765182 -2.455225
v 1.095583 14.709078 -2.463550
v 1.044195 14.690255 -2.517056
v 1.022909 14.719745 -2.584400
v 1.044194 14.780268 -2.626132
v 1.222010 14.723750 -2.710749
v 1.277558 14.738857 -2.660308
v 1.300567 14.707829 -2.594234
v 1.277559 14.648845 -2.551232
v 1.222011 14.596454 -2.556489
v 1.166464 14.581348 -2.606929
v 1.143455 14.612376 -2.673003
v 1.166463 14.671360 -2.716007
v 1.338188 14.598441 -2.814156
v 1.397869 14.609047 -2.767430
v 1.422590 14.576157 -2.702892
v 1.397869 14.519036 -2.658352
v 1.338188 14.471145 -2.659897
v 1.278506 14.460538 -2.706624
v 1.253785 14.493428 -2.771161
v 1.278506 14.550550 -2.815702
v 1.435742 14.464340 -2.924815
v 1.499742 14.468889 -2.883087
v 1.526252 14.433489 -2.820621
v 1.499742 14.378877 -2.774010
v 1.435742 14.337046 -2.770555
v 1.371741 14.332499 -2.812281
v 1.345231 14.367899 -2.874747
v 1.371741 14.422509 -2.921358
v 1.504315 14.326759 -3.038348
v 1.572629 14.322195 -3.004141
v 1.600926 14.283020 -2.944790
v 1.572630 14.232183 -2.895063
v 1.504315 14.199464 -2.884088
v 1.436000 14.204029 -2.918295
v 1.407703 14.243204 -2.977647
v 1.436000 14.294040 -3.027374
v 1.531558 14.192397 -3.149227
v 1.602265 14.173178 -3.127113
v 1.631553 14.127931 -3.072772
v 1.602265 14.083166 -3.018036
v 1.531558 14.065100 -2.994967
v 1.460852 14.084321 -3.017080
v 1.431564 14.129566 -3.071422
v 1.460851 14.174334 -3.126158
v 1.503133 14.069353 -3.250764
v 1.567917 14.028852 -3.246210
v 1.594751 13.974792 -3.199142
v 1.567917 13.938840 -3.137131
v 1.503134 13.942057 -3.096503
v 1.438351 13.982556 -3.101057
v 1.411516 14.036617 -3.148124
v 1.438350 14.072567 -3.210134
v 1.402714 13.967132 -3.335118
v 1.447430 13.906240 -3.347390
v 1.465952 13.843736 -3.307292
v 1.447430 13.816229 -3.238312
v 1.402714 13.839835 -3.180858
v 1.357997 13.900726 -3.168584
v 1.339475 13.963232 -3.208682
v 1.357997 13.990737 -3.277663
v 1.211982 13.896636 -3.393290
v 1.231532 13.825582 -3.413952
v 1.239630 13.758865 -3.377328
v 1.231532 13.735568 -3.304874
v 1.211982 13.769339 -3.239032
v 1.192433 13.840393 -3.218370
v 1.184335 13.907111 -3.254994
v 1.192433 13.930408 -3.327448
v 0.910633 13.870170 -3.415131
v 0.918632 13.797339 -3.437257
v 0.921946 13.729889 -3.401240
v 0.918632 13.707327 -3.328179
v 0.910633 13.742873 -3.260871
v 0.902633 13.815703 -3.238746
v 0.899319 13.883156 -3.274762
v 0.902633 13.905717 -3.347822
vn -0.0007 0.6366 -0.7712
vn -0.0824 -0.0945 -0.9921
vn -0.2037 -0.1002 -0.9739
vn -0.0120 0.6061 -0.7953
vn -0.1168 -0.7660 -0.6321
vn -0.2806 -0.7403 -0.6109
vn -0.0824 -0.9920 0.0955
vn -0.2037 -0.9752 0.0864
vn -0.0007 -0.6364 0.7714
vn -0.0120 -0.6658 0.7460
vn 0.0779 0.0951 0.9924
vn 0.1870 0.0459 0.9813
vn 0.1091 0.7667 0.6327
vn 0.2711 0.7424 0.6126
vn 0.0779 0.9924 -0.0949
vn 0.1870 0.9722 -0.1412
vn -0.4647 -0.0038 -0.8855
vn -0.0368 0.6012 -0.7982
vn -0.6342 -0.5963 -0.4921
vn -0.4647 -0.8701 0.1643
vn -0.0368 -0.6696 0.7418
vn 0.4252 -0.0664 0.9027
vn 0.6297 0.5991 0.4944
vn 0.4252 0.8736 -0.2365
vn -0.6703 0.2052 -0.7131
vn -0.0522 0.6172 -0.7850
vn -0.9149 -0.3113 -0.2569
vn -0.6703 -0.6612 0.3368
vn -0.0522 -0.6536 0.7550
vn 0.6188 -0.2631 0.7402
vn 0.9182 0.3056 0.2522
vn 0.6188 0.6768 -0.3988
vn -0.7265 0.4289 -0.5369
vn -0.0403 0.6349 -0.7716
vn -0.9999 -0.0118 -0.0097
vn -0.7265 -0.4457 0.5230
vn -0.0403 -0.6371 0.7698
vn 0.6866 -0.4599 0.5632
vn 1.0000 0.0027 0.0022
vn 0.6866 0.4656 -0.5584
vn -0.6959 0.5840 -0.4180
vn -0.0250 0.6411 -0.7671
vn -0.9667 0.1973 0.1629
vn -0.6959 -0.2995 0.6527
vn -0.0250 -0.6315 0.7750
vn 0.6703 -0.5975 0.4401
vn 0.9653 -0.2013 -0.1661
vn 0.6703 0.3187 -0.6701
vn -0.6481 0.6788 -0.3452
vn -0.0160 0.6420 -0.7665
vn -0.9055 0.3274 0.2702
vn -0.6481 -0.2101 0.7320
vn -0.0160 -0.6307 0.7758
vn 0.6318 -0.6850 0.3628
vn 0.9047 -0.3286 -0.2712
vn 0.6318 0.2262 -0.7414
vn -0.6025 0.7409 -0.2967
vn -0.0113 0.6419 -0.7667
vn -0.8442 0.4134 0.3412
vn -0.6025 -0.1507 0.7838
vn -0.0113 -0.6309 0.7757
vn 0.5910 -0.7441 0.3113
vn 0.8438 -0.4139 -0.3415
vn 0.5910 0.1645 -0.7897
vn -0.5599 0.7866 -0.2604
vn -0.0089 0.6418 -0.7668
vn -0.7856 0.4772 0.3938
vn -0.5599 -0.1064 0.8217
vn -0.0089 -0.6311 0.7757
vn 0.5509 -0.7885 0.2735
vn 0.7855 -0.4773 -0.3939
vn 0.5510 0.1189 -0.8260
vn -0.5177 0.8241 -0.2299
vn -0.0077 0.6421 -0.7666
vn -0.7267 0.5298 0.4372
vn -0.5177 -0.0693 0.8528
vn -0.0077 -0.6308 0.7759
vn 0.5100 -0.8252 0.2427
vn 0.7267 -0.5298 -0.4372
vn 0.5100 0.0816 -0.8563
vn -0.4727 0.8577 -0.2020
vn -0.0072 0.6427 -0.7661
vn -0.6635 0.5770 0.4762
vn -0.4727 -0.0355 0.8805
vn -0.0072 -0.6302 0.7764
vn 0.4656 -0.8584 0.2155
vn 0.6636 -0.5770 -0.4762
vn 0.4656 0.0487 -0.8837
vn -0.4224 0.8892 -0.1756
vn -0.0067 0.6435 -0.7654
vn -0.5926 0.6213 0.5127
vn -0.4224 -0.0037 0.9064
vn -0.0068 -0.6293 0.7771
vn 0.4156 -0.8894 0.1903
vn 0.5927 -0.6212 -0.5126
vn 0.4157 0.0180 -0.9093
vn -0.3658 0.9183 -0.1514
vn -0.0061 0.6443 -0.7648
vn -0.5131 0.6620 0.5463
vn -0.3658 0.0257 0.9303
vn -0.0061 -0.6286 0.7777
vn 0.3597 -0.9180 0.1670
vn 0.5131 -0.6620 -0.5463
vn 0.3597 -0.0103 -0.9330
vn -0.3047 0.9434 -0.1307
vn -0.0050 0.6446 -0.7645
vn -0.4274 0.6973 0.5754
vn -0.3047 0.0508 0.9511
vn -0.0050 -0.6282 0.7780
vn 0.2997 -0.9427 0.1465
vn 0.4274 -0.6973 -0.5754
vn 0.2997 -0.0350 -0.9534
vn -0.2419 0.9636 -0.1143
vn -0.0039 0.6447 -0.7644
vn -0.3394 0.7255 0.5987
vn -0.2419 0.0707 0.9677
vn -0.0039 -0.6281 0.7781
vn 0.2379 -0.9625 0.1300
vn 0.3393 -0.7255 -0.5987
vn 0.2379 -0.0551 -0.9697
vn -0.1793 0.9785 -0.1023
vn -0.0027 0.6446 -0.7645
vn -0.2516 0.7465 0.6160
vn -0.1793 0.0853 0.9801
vn -0.0028 -0.6283 0.7780
vn 0.1765 -0.9773 0.1175
vn 0.2515 -0.7465 -0.6160
vn 0.1765 -0.0701 -0.9818
vn -0.1181 0.9885 -0.0943
vn -0.0017 0.6444 -0.7647
vn -0.1658 0.7606 0.6277
vn -0.1181 0.0950 0.9884
vn -0.0017 -0.6285 0.7778
vn 0.1163 -0.9872 0.1089
vn 0.1657 -0.7606 -0.6277
vn 0.1163 -0.0804 -0.9900
vn -0.0585 0.9942 -0.0898
vn -0.0008 0.6442 -0.7649
vn -0.0822 0.7687 0.6343
vn -0.0585 0.1005 0.9932
vn -0.0008 -0.6287 0.7777
vn 0.0577 -0.9929 0.1040
vn 0.0821 -0.7687 -0.6343
vn 0.0577 -0.0864 -0.9946
vn -0.0000 0.9961 -0.0884
vn -0.0000 0.6441 -0.7649
vn -0.0000 0.7713 0.6365
vn -0.0000 0.1023 0.9948
vn -0.0000 -0.6288 0.7776
vn -0.0000 -0.9947 0.1024
vn -0.0000 -0.7713 -0.6365
vn -0.0000 -0.0883 -0.9961
vn 0.0585 0.9942 -0.0898
vn 0.0008 0.6442 -0.7649
vn 0.0822 0.7687 0.6343
vn 0.0585 0.1005 0.9932
vn 0.0008 -0.6287 0.7776
vn -0.0577 -0.9929 0.1040
vn -0.0821 -0.7687 -0.6343
vn -0.0577 -0.0864 -0.9946
vn 0.1181 0.9885 -0.0943
vn 0.0017 0.6444 -0.7647
vn 0.1658 0.7606 0.6277
vn 0.1181 0.0950 0.9884
vn 0.0017 -0.6285 0.7778
vn -0.1163 -0.9872 0.1089
vn -0.1657 -0.7606 -0.6277
vn -0.1163 -0.0804 -0.9900
vn 0.1793 0.9785 -0.1023
vn 0.0028 0.6446 -0.7645
vn 0.2516 0.7465 0.6160
vn 0.1793 0.0853 0.9801
vn 0.0028 -0.6283 0.7780
vn -0.1765 -0.9773 0.1175
vn -0.2515 -0.7465 -0.6160
vn -0.1765 -0.0702 -0.9818
vn 0.2419 0.9636 -0.1143
vn 0.0039 0.6447 -0.7644
vn 0.3394 0.7255 0.5987
vn 0.2419 0.0706 0.9677
vn 0.0039 -0.6281 0.7781
vn -0.2379 -0.9625 0.1299
vn -0.3393 -0.7255 -0.5987
vn -0.2379 -0.0551 -0.9697
vn 0.3047 0.9434 -0.1307
vn 0.0050 0.6446 -0.7645
vn 0.4274 0.6973 0.5754
vn 0.3047 0.0508 0.9511
vn 0.0050 -0.6282 0.7780
vn -0.2997 -0.9427 0.1465
vn -0.4274 -0.6973 -0.5754
vn -0.2997 -0.0350 -0.9534
vn 0.3658 0.9183 -0.1514
vn 0.0061 0.6443 -0.7648
vn 0.5131 0.6620 0.5463
vn 0.3658 0.0257 0.9303
vn 0.0061 -0.6286 0.7777
vn -0.3597 -0.9180 0.1670
vn -0.5131 -0.6620 -0.5463
vn -0.3597 -0.0103 -0.9330
vn 0.4224 0.8892 -0.1756
vn 0.0068 0.6435 -0.7654
vn 0.5926 0.6213 0.5127
vn 0.4224 -0.0037 0.9064
vn 0.0067 -0.6293 0.7771
vn -0.4157 -0.8894 0.1903
vn -0.5927 -0.6212 -0.5126
vn -0.4157 0.0180 -0.9093
vn 0.4727 0.8577 -0.2020
vn 0.0072 0.6427 -0.7661
vn 0.6635 0.5770 0.4762
vn 0.4727 -0.0355 0.8805
vn 0.0072 -0.6302 0.7764
vn -0.4656 -0.8584 0.2155
vn -0.6636 -0.5770 -0.4762
vn -0.4656 0.0487 -0.8837
vn 0.5177 0.8241 -0.2299
vn 0.0077 0.6421 -0.7666
vn 0.7267 0.5298 0.4372
vn 0.5177 -0.0693 0.8528
vn 0.0077 -0.6308 0.7759
vn -0.5100 -0.8253 0.2427
vn -0.7267 -0.5298 -0.4372
vn -0.5100 0.0817 -0.8563
vn 0.5599 0.7866 -0.2604
vn 0.0089 0.6418 -0.7668
vn 0.7856 0.4772 0.3938
vn 0.5599 -0.1064 0.8217
vn 0.0089 -0.6311 0.7757
vn -0.5509 -0.7885 0.2735
vn -0.7855 -0.4773 -0.3939
vn -0.5510 0.1189 -0.8260
vn 0.6025 0.7409 -0.2967
vn 0.0113 0.6419 -0.7667
vn 0.8442 0.4134 0.3412
vn 0.6025 -0.1507 0.7838
vn 0.0113 -0.6309 0.7757
vn -0.5910 -0.7441 0.3113
vn -0.8438 -0.4139 -0.3415
vn -0.5910 0.1645 -0.7897
vn 0.6481 0.6788 -0.3452
vn 0.0160 0.6420 -0.7665
vn 0.9055 0.3274 0.2701
vn 0.6481 -0.2101 0.7320
vn 0.0160 -0.6307 0.7758
vn -0.6318 -0.6850 0.3628
vn -0.9047 -0.3286 -0.2712
vn -0.6318 0.2262 -0.7414
vn 0.6959 0.5839 -0.4180
vn 0.0250 0.6411 -0.7671
vn 0.9667 0.1973 0.1629
vn 0.6959 -0.2995 0.6527
vn 0.0250 -0.6315 0.7750
vn -0.6703 -0.5975 0.4401
vn -0.9653 -0.2013 -0.1661
vn -0.6703 0.3187 -0.6701
vn 0.7265 0.4289 -0.5369
vn 0.0403 0.6349 -0.7716
vn 0.9999 -0.0118 -0.0097
vn 0.7265 -0.4457 0.5230
vn 0.0403 -0.6371 0.7698
vn -0.6866 -0.4599 0.5632
vn -1.0000 0.0027 0.0022
vn -0.6866 0.4656 -0.5584
vn 0.6703 0.2052 -0.7131
vn 0.0522 0.6172 -0.7850
vn 0.9149 -0.3113 -0.2569
vn 0.6703 -0.6612 0.3368
vn 0.0522 -0.6536 0.7550
vn -0.6188 -0.2631 0.7402
vn -0.9182 0.3056 0.2522
vn -0.6189 0.6768 -0.3988
vn 0.4647 -0.0038 -0.8855
vn 0.0368 0.6012 -0.7982
vn 0.6342 -0.5963 -0.4921
vn 0.4647 -0.8701 0.1643
vn 0.0369 -0.6696 0.7418
vn -0.4252 -0.0664 0.9027
vn -0.6297 0.5991 0.4944
vn -0.4252 0.8736 -0.2365
vn 0.2037 -0.1002 -0.9739
vn 0.0120 0.6061 -0.7953
vn 0.2806 -0.7403 -0.6109
vn 0.2037 -0.9752 0.0864
vn 0.0120 -0.6658 0.7460
vn -0.1870 0.0459 0.9813
vn -0.2711 0.7424 0.6126
vn -0.1870 0.9722 -0.1412
vn 0.0824 -0.0945 -0.9921
vn 0.0007 0.6366 -0.7712
vn 0.1168 -0.7660 -0.6321
vn 0.0824 -0.9920 0.0955
vn 0.0007 -0.6364 0.7714
vn -0.0779 0.0951 0.9924
vn -0.1091 0.7667 0.6327
vn -0.0779 0.9924 -0.0949
vt 0.645055 0.018520
vt 0.652431 0.018520
vt 0.652431 0.028657
vt 0.645055 0.028657
vt 0.659808 0.018520
vt 0.659808 0.028657
vt 0.667184 0.018520
vt 0.667184 0.028657
vt 0.674561 0.018520
vt 0.674561 0.028657
vt 0.615549 0.018520
vt 0.622925 0.018520
vt 0.622925 0.028657
vt 0.615549 0.028657
vt 0.630302 0.018520
vt 0.630302 0.028657
vt 0.637678 0.018520
vt 0.637678 0.028657
vt 0.652431 0.035726
vt 0.645055 0.035726
vt 0.659808 0.035726
vt 0.667184 0.035726
vt 0.674561 0.035726
vt 0.622925 0.035726
vt 0.615549 0.035726
vt 0.630302 0.035726
vt 0.637678 0.035726
vt 0.652431 0.041284
vt 0.645055 0.041284
vt 0.659808 0.041284
vt 0.667184 0.041284
vt 0.674561 0.041284
vt 0.622925 0.041284
vt 0.615549 0.041284
vt 0.630302 0.041284
vt 0.637678 0.041284
vt 0.652431 0.046700
vt 0.645055 0.046700
vt 0.659808 0.046700
vt 0.667184 0.046700
vt 0.674561 0.046700
vt 0.622925 0.046700
vt 0.615549 0.046700
vt 0.630302 0.046700
vt 0.637678 0.046700
vt 0.652431 0.052593
vt 0.645055 0.052593
vt 0.659808 0.052593
vt 0.667184 0.052593
vt 0.674561 0.052593
vt 0.622925 0.052593
vt 0.615549 0.052593
vt 0.630302 0.052593
vt 0.637678 0.052593
vt 0.652431 0.058980
vt 0.645055 0.058980
vt 0.659808 0.058980
vt 0.667184 0.058980
vt 0.674561 0.058980
vt 0.622925 0.058980
vt 0.615549 0.058980
vt 0.630302 0.058980
vt 0.637678 0.058980
vt 0.652431 0.065644
vt 0.645055 0.065644
vt 0.659808 0.065644
vt 0.667184 0.065644
vt 0.674561 0.065644
vt 0.622925 0.065644
vt 0.615549 0.065644
vt 0.630302 0.065644
vt 0.637678 0.065644
vt 0.652431 0.072320
vt 0.645055 0.072320
vt 0.659808 0.072320
vt 0.667184 0.072320
vt 0.674561 0.072320
vt 0.622925 0.072320
vt 0.615549 0.072320
vt 0.630302 0.072320
vt 0.637678 0.072320
vt 0.652431 0.078775
vt 0.645055 0.078775
vt 0.659808 0.078775
vt 0.667184 0.078775
vt 0.674561 0.078775
vt 0.622925 0.078775
vt 0.615549 0.078775
vt 0.630302 0.078775
vt 0.637678 0.078775
vt 0.652431 0.084841
vt 0.645055 0.084841
vt 0.659808 0.084841
vt 0.667184 0.084841
vt 0.674561 0.084841
vt 0.622925 0.084841
vt 0.615549 0.084841
vt 0.630302 0.084841
vt 0.637678 0.084841
vt 0.652431 0.090425
vt 0.645055 0.090425
vt 0.659808 0.090425
vt 0.667184 0.090425
vt 0.674561 0.090425
vt 0.622925 0.090425
vt 0.615549 0.090425
vt 0.630302 0.090425
vt 0.637678 0.090425
vt 0.652431 0.095520
vt 0.645055 0.095520
vt 0.659808 0.095520
vt 0.667184 0.095520
vt 0.674561 0.095520
vt 0.622925 0.095520
vt 0.615549 0.095520
vt 0.630302 0.095520
vt 0.637678 0.095520
vt 0.652431 0.100196
vt 0.645055 0.100196
vt 0.659808 0.100196
vt 0.667184 0.100196
vt 0.674561 0.100196
vt 0.622925 0.100196
vt 0.615549 0.100196
vt 0.630302 0.100196
vt 0.637678 0.100196
vt 0.652431 0.104558
vt 0.645055 0.104558
vt 0.659808 0.104558
vt 0.667184 0.104558
vt 0.674561 0.104558
vt 0.622925 0.104558
vt 0.615549 0.104558
vt 0.630302 0.104558
vt 0.637678 0.104558
vt 0.652431 0.108692
vt 0.645055 0.108692
vt 0.659808 0.108692
vt 0.667184 0.108692
vt 0.674561 0.108692
vt 0.622925 0.108692
vt 0.615549 0.108692
vt 0.630302 0.108692
vt 0.637678 0.108692
vt 0.652431 0.112671
vt 0.645055 0.112671
vt 0.659808 0.112671
vt 0.667184 0.112671
vt 0.674561 0.112671
vt 0.622925 0.112671
vt 0.615549 0.112671
vt 0.630302 0.112671
vt 0.637678 0.112671
vt 0.652431 0.116554
vt 0.645055 0.116554
vt 0.659808 0.116554
vt 0.667184 0.116554
vt 0.674561 0.116554
vt 0.622925 0.116554
vt 0.615549 0.116554
vt 0.630302 0.116554
vt 0.637678 0.116554
vt 0.652431 0.120391
vt 0.645055 0.120391
vt 0.659808 0.120391
vt 0.667184 0.120391
vt 0.674561 0.120391
vt 0.622925 0.120391
vt 0.615549 0.120391
vt 0.630302 0.120391
vt 0.637678 0.120391
vt 0.652431 0.124228
vt 0.645055 0.124228
vt 0.659808 0.124228
vt 0.667184 0.124228
vt 0.674561 0.124228
vt 0.622925 0.124228
vt 0.615549 0.124228
vt 0.630302 0.124228
vt 0.637678 0.124228
vt 0.652431 0.128111
vt 0.645055 0.128111
vt 0.659808 0.128111
vt 0.667184 0.128111
vt 0.674561 0.128111
vt 0.622925 0.128111
vt 0.615549 0.128111
vt 0.630302 0.128111
vt 0.637678 0.128111
vt 0.652431 0.132091
vt 0.645055 0.132091
vt 0.659808 0.132091
vt 0.667184 0.132091
vt 0.674561 0.132091
vt 0.622925 0.132091
vt 0.615549 0.132091
vt 0.630302 0.132091
vt 0.637678 0.132091
vt 0.652431 0.136225
vt 0.645055 0.136225
vt 0.659808 0.136225
vt 0.667184 0.136225
vt 0.674561 0.136225
vt 0.622925 0.136225
vt 0.615549 0.136225
vt 0.630302 0.136225
vt 0.637678 0.136225
vt 0.652431 0.140587
vt 0.645055 0.140587
vt 0.659808 0.140587
vt 0.667184 0.140587
vt 0.674561 0.140587
vt 0.622925 0.140587
vt 0.615549 0.140587
vt 0.630302 0.140587
vt 0.637678 0.140587
vt 0.652431 0.145263
vt 0.645055 0.145263
vt 0.659808 0.145263
vt 0.667184 0.145263
vt 0.674561 0.145263
vt 0.622925 0.145263
vt 0.615549 0.145263
vt 0.630302 0.145263
vt 0.637678 0.145263
vt 0.652431 0.150357
vt 0.645055 0.150357
vt 0.659808 0.150357
vt 0.667184 0.150357
vt 0.674561 0.150357
vt 0.622925 0.150357
vt 0.615549 0.150357
vt 0.630302 0.150357
vt 0.637678 0.150357
vt 0.652431 0.155942
vt 0.645055 0.155942
vt 0.659808 0.155942
vt 0.667184 0.155942
vt 0.674561 0.155942
vt 0.622925 0.155942
vt 0.615549 0.155942
vt 0.630302 0.155942
vt 0.637678 0.155942
vt 0.652431 0.162007
vt 0.645055 0.162007
vt 0.659808 0.162007
vt 0.667184 0.162007
vt 0.674561 0.162007
vt 0.622925 0.162007
vt 0.615549 0.162007
vt 0.630302 0.162007
vt 0.637678 0.162007
vt 0.652431 0.168463
vt 0.645055 0.168463
vt 0.659808 0.168463
vt 0.667184 0.168463
vt 0.674561 0.168463
vt 0.622925 0.168463
vt 0.615549 0.168463
vt 0.630302 0.168463
vt 0.637678 0.168463
vt 0.652431 0.175139
vt 0.645055 0.175139
vt 0.659808 0.175139
vt 0.667184 0.175139
vt 0.674561 0.175139
vt 0.622925 0.175139
vt 0.615549 0.175139
vt 0.630302 0.175139
vt 0.637678 0.175139
vt 0.652431 0.181802
vt 0.645055 0.181802
vt 0.659808 0.181802
vt 0.667184 0.181802
vt 0.674561 0.181802
vt 0.622925 0.181802
vt 0.615549 0.181802
vt 0.630302 0.181802
vt 0.637678 0.181802
vt 0.652431 0.188189
vt 0.645055 0.188189
vt 0.659808 0.188189
vt 0.667184 0.188189
vt 0.674561 0.188189
vt 0.622925 0.188189
vt 0.615549 0.188189
vt 0.630302 0.188189
vt 0.637678 0.188189
vt 0.652431 0.194083
vt 0.645055 0.194083
vt 0.659808 0.194083
vt 0.667184 0.194083
vt 0.674561 0.194083
vt 0.622925 0.194083
vt 0.615549 0.194083
vt 0.630302 0.194083
vt 0.637678 0.194083
vt 0.652431 0.199499
vt 0.645055 0.199499
vt 0.659808 0.199499
vt 0.667184 0.199499
vt 0.674561 0.199499
vt 0.622925 0.199499
vt 0.615549 0.199499
vt 0.630302 0.199499
vt 0.637678 0.199499
vt 0.652431 0.205056
vt 0.645055 0.205056
vt 0.659808 0.205056
vt 0.667184 0.205056
vt 0.674561 0.205056
vt 0.622925 0.205056
vt 0.615549 0.205056
vt 0.630302 0.205056
vt 0.637678 0.205056
vt 0.652431 0.212126
vt 0.645055 0.212126
vt 0.659808 0.212126
vt 0.667184 0.212126
vt 0.674561 0.212126
vt 0.622925 0.212126
vt 0.615549 0.212126
vt 0.630302 0.212126
vt 0.637678 0.212126
vt 0.652431 0.222263
vt 0.645055 0.222263
vt 0.659808 0.222263
vt 0.667184 0.222263
vt 0.674561 0.222263
vt 0.622925 0.222263
vt 0.615549 0.222263
vt 0.630302 0.222263
vt 0.637678 0.222263
s 1
usemtl マテリアル.006
f 963/738/968 964/739/969 972/740/970 971/741/971
f 964/739/969 965/742/972 973/743/973 972/740/970
f 965/742/972 966/744/974 974/745/975 973/743/973
f 966/744/974 967/746/976 975/747/977 974/745/975
f 967/748/976 968/749/978 976/750/979 975/751/977
f 968/749/978 969/752/980 977/753/981 976/750/979
f 969/752/980 970/754/982 978/755/983 977/753/981
f 970/754/982 963/738/968 971/741/971 978/755/983
f 971/741/971 972/740/970 980/756/984 979/757/985
f 972/740/970 973/743/973 981/758/986 980/756/984
f 973/743/973 974/745/975 982/759/987 981/758/986
f 974/745/975 975/747/977 983/760/988 982/759/987
f 975/751/977 976/750/979 984/761/989 983/762/988
f 976/750/979 977/753/981 985/763/990 984/761/989
f 977/753/981 978/755/983 986/764/991 985/763/990
f 978/755/983 971/741/971 979/757/985 986/764/991
f 979/757/985 980/756/984 988/765/992 987/766/993
f 980/756/984 981/758/986 989/767/994 988/765/992
f 981/758/986 982/759/987 990/768/995 989/767/994
f 982/759/987 983/760/988 991/769/996 990/768/995
f 983/762/988 984/761/989 992/770/997 991/771/996
f 984/761/989 985/763/990 993/772/998 992/770/997
f 985/763/990 986/764/991 994/773/999 993/772/998
f 986/764/991 979/757/985 987/766/993 994/773/999
f 987/766/993 988/765/992 996/774/1000 995/775/1001
f 988/765/992 989/767/994 997/776/1002 996/774/1000
f 989/767/994 990/768/995 998/777/1003 997/776/1002
f 990/768/995 991/769/996 999/778/1004 998/777/1003
f 991/771/996 992/770/997 1000/779/1005 999/780/1004
f 992/770/997 993/772/998 1001/781/1006 1000/779/1005
f 993/772/998 994/773/999 1002/782/1007 1001/781/1006
f 994/773/999 987/766/993 995/775/1001 1002/782/1007
f 995/775/1001 996/774/1000 1004/783/1008 1003/784/1009
f 996/774/1000 997/776/1002 1005/785/1010 1004/783/1008
f 997/776/1002 998/777/1003 1006/786/1011 1005/785/1010
f 998/777/1003 999/778/1004 1007/787/1012 1006/786/1011
f 999/780/1004 1000/779/1005 1008/788/1013 1007/789/1012
f 1000/779/1005 1001/781/1006 1009/790/1014 1008/788/1013
f 1001/781/1006 1002/782/1007 1010/791/1015 1009/790/1014
f 1002/782/1007 995/775/1001 1003/784/1009 1010/791/1015
f 1003/784/1009 1004/783/1008 1012/792/1016 1011/793/1017
f 1004/783/1008 1005/785/1010 1013/794/1018 1012/792/1016
f 1005/785/1010 1006/786/1011 1014/795/1019 1013/794/1018
f 1006/786/1011 1007/787/1012 1015/796/1020 1014/795/1019
f 1007/789/1012 1008/788/1013 1016/797/1021 1015/798/1020
f 1008/788/1013 1009/790/1014 1017/799/1022 1016/797/1021
f 1009/790/1014 1010/791/1015 1018/800/1023 1017/799/1022
f 1010/791/1015 1003/784/1009 1011/793/1017 1018/800/1023
f 1011/793/1017 1012/792/1016 1020/801/1024 1019/802/1025
f 1012/792/1016 1013/794/1018 1021/803/1026 1020/801/1024
f 1013/794/1018 1014/795/1019 1022/804/1027 1021/803/1026
f 1014/795/1019 1015/796/1020 1023/805/1028 1022/804/1027
f 1015/798/1020 1016/797/1021 1024/806/1029 1023/807/1028
f 1016/797/1021 1017/799/1022 1025/808/1030 1024/806/1029
f 1017/799/1022 1018/800/1023 1026/809/1031 1025/808/1030
f 1018/800/1023 1011/793/1017 1019/802/1025 1026/809/1031
f 1019/802/1025 1020/801/1024 1028/810/1032 1027/811/1033
f 1020/801/1024 1021/803/1026 1029/812/1034 1028/810/1032
f 1021/803/1026 1022/804/1027 1030/813/1035 1029/812/1034
f 1022/804/1027 1023/805/1028 1031/814/1036 1030/813/1035
f 1023/807/1028 1024/806/1029 1032/815/1037 1031/816/1036
f 1024/806/1029 1025/808/1030 1033/817/1038 1032/815/1037
f 1025/808/1030 1026/809/1031 1034/818/1039 1033/817/1038
f 1026/809/1031 1019/802/1025 1027/811/1033 1034/818/1039
f 1027/811/1033 1028/810/1032 1036/819/1040 1035/820/1041
f 1028/810/1032 1029/812/1034 1037/821/1042 1036/819/1040
f 1029/812/1034 1030/813/1035 1038/822/1043 1037/821/1042
f 1030/813/1035 1031/814/1036 1039/823/1044 1038/822/1043
f 1031/816/1036 1032/815/1037 1040/824/1045 1039/825/1044
f 1032/815/1037 1033/817/1038 1041/826/1046 1040/824/1045
f 1033/817/1038 1034/818/1039 1042/827/1047 1041/826/1046
f 1034/818/1039 1027/811/1033 1035/820/1041 1042/827/1047
f 1035/820/1041 1036/819/1040 1044/828/1048 1043/829/1049
f 1036/819/1040 1037/821/1042 1045/830/1050 1044/828/1048
f 1037/821/1042 1038/822/1043 1046/831/1051 1045/830/1050
f 1038/822/1043 1039/823/1044 1047/832/1052 1046/831/1051
f 1039/825/1044 1040/824/1045 1048/833/1053 1047/834/1052
f 1040/824/1045 1041/826/1046 1049/835/1054 1048/833/1053
f 1041/826/1046 1042/827/1047 1050/836/1055 1049/835/1054
f 1042/827/1047 1035/820/1041 1043/829/1049 1050/836/1055
f 1043/829/1049 1044/828/1048 1052/837/1056 1051/838/1057
f 1044/828/1048 1045/830/1050 1053/839/1058 1052/837/1056
f 1045/830/1050 1046/831/1051 1054/840/1059 1053/839/1058
f 1046/831/1051 1047/832/1052 1055/841/1060 1054/840/1059
f 1047/834/1052 1048/833/1053 1056/842/1061 1055/843/1060
f 1048/833/1053 1049/835/1054 1057/844/1062 1056/842/1061
f 1049/835/1054 1050/836/1055 1058/845/1063 1057/844/1062
f 1050/836/1055 1043/829/1049 1051/838/1057 1058/845/1063
f 1051/838/1057 1052/837/1056 1060/846/1064 1059/847/1065
f 1052/837/1056 1053/839/1058 1061/848/1066 1060/846/1064
f 1053/839/1058 1054/840/1059 1062/849/1067 1061/848/1066
f 1054/840/1059 1055/841/1060 1063/850/1068 1062/849/1067
f 1055/843/1060 1056/842/1061 1064/851/1069 1063/852/1068
f 1056/842/1061 1057/844/1062 1065/853/1070 1064/851/1069
f 1057/844/1062 1058/845/1063 1066/854/1071 1065/853/1070
f 1058/845/1063 1051/838/1057 1059/847/1065 1066/854/1071
f 1059/847/1065 1060/846/1064 1068/855/1072 1067/856/1073
f 1060/846/1064 1061/848/1066 1069/857/1074 1068/855/1072
f 1061/848/1066 1062/849/1067 1070/858/1075 1069/857/1074
f 1062/849/1067 1063/850/1068 1071/859/1076 1070/858/1075
f 1063/852/1068 1064/851/1069 1072/860/1077 1071/861/1076
f 1064/851/1069 1065/853/1070 1073/862/1078 1072/860/1077
f 1065/853/1070 1066/854/1071 1074/863/1079 1073/862/1078
f 1066/854/1071 1059/847/1065 1067/856/1073 1074/863/1079
f 1067/856/1073 1068/855/1072 1076/864/1080 1075/865/1081
f 1068/855/1072 1069/857/1074 1077/866/1082 1076/864/1080
f 1069/857/1074 1070/858/1075 1078/867/1083 1077/866/1082
f 1070/858/1075 1071/859/1076 1079/868/1084 1078/867/1083
f 1071/861/1076 1072/860/1077 1080/869/1085 1079/870/1084
f 1072/860/1077 1073/862/1078 1081/871/1086 1080/869/1085
f 1073/862/1078 1074/863/1079 1082/872/1087 1081/871/1086
f 1074/863/1079 1067/856/1073 1075/865/1081 1082/872/1087
f 1075/865/1081 1076/864/1080 1084/873/1088 1083/874/1089
f 1076/864/1080 1077/866/1082 1085/875/1090 1084/873/1088
f 1077/866/1082 1078/867/1083 1086/876/1091 1085/875/1090
f 1078/867/1083 1079/868/1084 1087/877/1092 1086/876/1091
f 1079/870/1084 1080/869/1085 1088/878/1093 1087/879/1092
f 1080/869/1085 1081/871/1086 1089/880/1094 1088/878/1093
f 1081/871/1086 1082/872/1087 1090/881/1095 1089/880/1094
f 1082/872/1087 1075/865/1081 1083/874/1089 1090/881/1095
f 1083/874/1089 1084/873/1088 1092/882/1096 1091/883/1097
f 1084/873/1088 1085/875/1090 1093/884/1098 1092/882/1096
f 1085/875/1090 1086/876/1091 1094/885/1099 1093/884/1098
f 1086/876/1091 1087/877/1092 1095/886/1100 1094/885/1099
f 1087/879/1092 1088/878/1093 1096/887/1101 1095/888/1100
f 1088/878/1093 1089/880/1094 1097/889/1102 1096/887/1101
f 1089/880/1094 1090/881/1095 1098/890/1103 1097/889/1102
f 1090/881/1095 1083/874/1089 1091/883/1097 1098/890/1103
f 1091/883/1097 1092/882/1096 1100/891/1104 1099/892/1105
f 1092/882/1096 1093/884/1098 1101/893/1106 1100/891/1104
f 1093/884/1098 1094/885/1099 1102/894/1107 1101/893/1106
f 1094/885/1099 1095/886/1100 1103/895/1108 1102/894/1107
f 1095/888/1100 1096/887/1101 1104/896/1109 1103/897/1108
f 1096/887/1101 1097/889/1102 1105/898/1110 1104/896/1109
f 1097/889/1102 1098/890/1103 1106/899/1111 1105/898/1110
f 1098/890/1103 1091/883/1097 1099/892/1105 1106/899/1111
f 1099/892/1105 1100/891/1104 1108/900/1112 1107/901/1113
f 1100/891/1104 1101/893/1106 1109/902/1114 1108/900/1112
f 1101/893/1106 1102/894/1107 1110/903/1115 1109/902/1114
f 1102/894/1107 1103/895/1108 1111/904/1116 1110/903/1115
f 1103/897/1108 1104/896/1109 1112/905/1117 1111/906/1116
f 1104/896/1109 1105/898/1110 1113/907/1118 1112/905/1117
f 1105/898/1110 1106/899/1111 1114/908/1119 1113/907/1118
f 1106/899/1111 1099/892/1105 1107/901/1113 1114/908/1119
f 1107/901/1113 1108/900/1112 1116/909/1120 1115/910/1121
f 1108/900/1112 1109/902/1114 1117/911/1122 1116/909/1120
f 1109/902/1114 1110/903/1115 1118/912/1123 1117/911/1122
f 1110/903/1115 1111/904/1116 1119/913/1124 1118/912/1123
f 1111/906/1116 1112/905/1117 1120/914/1125 1119/915/1124
f 1112/905/1117 1113/907/1118 1121/916/1126 1120/914/1125
f 1113/907/1118 1114/908/1119 1122/917/1127 1121/916/1126
f 1114/908/1119 1107/901/1113 1115/910/1121 1122/917/1127
f 1115/910/1121 1116/909/1120 1124/918/1128 1123/919/1129
f 1116/909/1120 1117/911/1122 1125/920/1130 1124/918/1128
f 1117/911/1122 1118/912/1123 1126/921/1131 1125/920/1130
f 1118/912/1123 1119/913/1124 1127/922/1132 1126/921/1131
f 1119/915/1124 1120/914/1125 1128/923/1133 1127/924/1132
f 1120/914/1125 1121/916/1126 1129/925/1134 1128/923/1133
f 1121/916/1126 1122/917/1127 1130/926/1135 1129/925/1134
f 1122/917/1127 1115/910/1121 1123/919/1129 1130/926/1135
f 1123/919/1129 1124/918/1128 1132/927/1136 1131/928/1137
f 1124/918/1128 1125/920/1130 1133/929/1138 1132/927/1136
f 1125/920/1130 1126/921/1131 1134/930/1139 1133/929/1138
f 1126/921/1131 1127/922/1132 1135/931/1140 1134/930/1139
f 1127/924/1132 1128/923/1133 1136/932/1141 1135/933/1140
f 1128/923/1133 1129/925/1134 1137/934/1142 1136/932/1141
f 1129/925/1134 1130/926/1135 1138/935/1143 1137/934/1142
f 1130/926/1135 1123/919/1129 1131/928/1137 1138/935/1143
f 1131/928/1137 1132/927/1136 1140/936/1144 1139/937/1145
f 1132/927/1136 1133/929/1138 1141/938/1146 1140/936/1144
f 1133/929/1138 1134/930/1139 1142/939/1147 1141/938/1146
f 1134/930/1139 1135/931/1140 1143/940/1148 1142/939/1147
f 1135/933/1140 1136/932/1141 1144/941/1149 1143/942/1148
f 1136/932/1141 1137/934/1142 1145/943/1150 1144/941/1149
f 1137/934/1142 1138/935/1143 1146/944/1151 1145/943/1150
f 1138/935/1143 1131/928/1137 1139/937/1145 1146/944/1151
f 1139/937/1145 1140/936/1144 1148/945/1152 1147/946/1153
f 1140/936/1144 1141/938/1146 1149/947/1154 1148/945/1152
f 1141/938/1146 1142/939/1147 1150/948/1155 1149/947/1154
f 1142/939/1147 1143/940/1148 1151/949/1156 1150/948/1155
f 1143/942/1148 1144/941/1149 1152/950/1157 1151/951/1156
f 1144/941/1149 1145/943/1150 1153/952/1158 1152/950/1157
f 1145/943/1150 1146/944/1151 1154/953/1159 1153/952/1158
f 1146/944/1151 1139/937/1145 1147/946/1153 1154/953/1159
f 1147/946/1153 1148/945/1152 1156/954/1160 1155/955/1161
f 1148/945/1152 1149/947/1154 1157/956/1162 1156/954/1160
f 1149/947/1154 1150/948/1155 1158/957/1163 1157/956/1162
f 1150/948/1155 1151/949/1156 1159/958/1164 1158/957/1163
f 1151/951/1156 1152/950/1157 1160/959/1165 1159/960/1164
f 1152/950/1157 1153/952/1158 1161/961/1166 1160/959/1165
f 1153/952/1158 1154/953/1159 1162/962/1167 1161/961/1166
f 1154/953/1159 1147/946/1153 1155/955/1161 1162/962/1167
f 1155/955/1161 1156/954/1160 1164/963/1168 1163/964/1169
f 1156/954/1160 1157/956/1162 1165/965/1170 1164/963/1168
f 1157/956/1162 1158/957/1163 1166/966/1171 1165/965/1170
f 1158/957/1163 1159/958/1164 1167/967/1172 1166/966/1171
f 1159/960/1164 1160/959/1165 1168/968/1173 1167/969/1172
f 1160/959/1165 1161/961/1166 1169/970/1174 1168/968/1173
f 1161/961/1166 1162/962/1167 1170/971/1175 1169/970/1174
f 1162/962/1167 1155/955/1161 1163/964/1169 1170/971/1175
f 1163/964/1169 1164/963/1168 1172/972/1176 1171/973/1177
f 1164/963/1168 1165/965/1170 1173/974/1178 1172/972/1176
f 1165/965/1170 1166/966/1171 1174/975/1179 1173/974/1178
f 1166/966/1171 1167/967/1172 1175/976/1180 1174/975/1179
f 1167/969/1172 1168/968/1173 1176/977/1181 1175/978/1180
f 1168/968/1173 1169/970/1174 1177/979/1182 1176/977/1181
f 1169/970/1174 1170/971/1175 1178/980/1183 1177/979/1182
f 1170/971/1175 1163/964/1169 1171/973/1177 1178/980/1183
f 1171/973/1177 1172/972/1176 1180/981/1184 1179/982/1185
f 1172/972/1176 1173/974/1178 1181/983/1186 1180/981/1184
f 1173/974/1178 1174/975/1179 1182/984/1187 1181/983/1186
f 1174/975/1179 1175/976/1180 1183/985/1188 1182/984/1187
f 1175/978/1180 1176/977/1181 1184/986/1189 1183/987/1188
f 1176/977/1181 1177/979/1182 1185/988/1190 1184/986/1189
f 1177/979/1182 1178/980/1183 1186/989/1191 1185/988/1190
f 1178/980/1183 1171/973/1177 1179/982/1185 1186/989/1191
f 1179/982/1185 1180/981/1184 1188/990/1192 1187/991/1193
f 1180/981/1184 1181/983/1186 1189/992/1194 1188/990/1192
f 1181/983/1186 1182/984/1187 1190/993/1195 1189/992/1194
f 1182/984/1187 1183/985/1188 1191/994/1196 1190/993/1195
f 1183/987/1188 1184/986/1189 1192/995/1197 1191/996/1196
f 1184/986/1189 1185/988/1190 1193/997/1198 1192/995/1197
f 1185/988/1190 1186/989/1191 1194/998/1199 1193/997/1198
f 1186/989/1191 1179/982/1185 1187/991/1193 1194/998/1199
f 1187/991/1193 1188/990/1192 1196/999/1200 1195/1000/1201
f 1188/990/1192 1189/992/1194 1197/1001/1202 1196/999/1200
f 1189/992/1194 1190/993/1195 1198/1002/1203 1197/1001/1202
f 1190/993/1195 1191/994/1196 1199/1003/1204 1198/1002/1203
f 1191/996/1196 1192/995/1197 1200/1004/1205 1199/1005/1204
f 1192/995/1197 1193/997/1198 1201/1006/1206 1200/1004/1205
f 1193/997/1198 1194/998/1199 1202/1007/1207 1201/1006/1206
f 1194/998/1199 1187/991/1193 1195/1000/1201 1202/1007/1207
f 1195/1000/1201 1196/999/1200 1204/1008/1208 1203/1009/1209
f 1196/999/1200 1197/1001/1202 1205/1010/1210 1204/1008/1208
f 1197/1001/1202 1198/1002/1203 1206/1011/1211 1205/1010/1210
f 1198/1002/1203 1199/1003/1204 1207/1012/1212 1206/1011/1211
f 1199/1005/1204 1200/1004/1205 1208/1013/1213 1207/1014/1212
f 1200/1004/1205 1201/1006/1206 1209/1015/1214 1208/1013/1213
f 1201/1006/1206 1202/1007/1207 1210/1016/1215 1209/1015/1214
f 1202/1007/1207 1195/1000/1201 1203/1009/1209 1210/1016/1215
f 1203/1009/1209 1204/1008/1208 1212/1017/1216 1211/1018/1217
f 1204/1008/1208 1205/1010/1210 1213/1019/1218 1212/1017/1216
f 1205/1010/1210 1206/1011/1211 1214/1020/1219 1213/1019/1218
f 1206/1011/1211 1207/1012/1212 1215/1021/1220 1214/1020/1219
f 1207/1014/1212 1208/1013/1213 1216/1022/1221 1215/1023/1220
f 1208/1013/1213 1209/1015/1214 1217/1024/1222 1216/1022/1221
f 1209/1015/1214 1210/1016/1215 1218/1025/1223 1217/1024/1222
f 1210/1016/1215 1203/1009/1209 1211/1018/1217 1218/1025/1223
f 1211/1018/1217 1212/1017/1216 1220/1026/1224 1219/1027/1225
f 1212/1017/1216 1213/1019/1218 1221/1028/1226 1220/1026/1224
f 1213/1019/1218 1214/1020/1219 1222/1029/1227 1221/1028/1226
f 1214/1020/1219 1215/1021/1220 1223/1030/1228 1222/1029/1227
f 1215/1023/1220 1216/1022/1221 1224/1031/1229 1223/1032/1228
f 1216/1022/1221 1217/1024/1222 1225/1033/1230 1224/1031/1229
f 1217/1024/1222 1218/1025/1223 1226/1034/1231 1225/1033/1230
f 1218/1025/1223 1211/1018/1217 1219/1027/1225 1226/1034/1231
f 1219/1027/1225 1220/1026/1224 1228/1035/1232 1227/1036/1233
f 1220/1026/1224 1221/1028/1226 1229/1037/1234 1228/1035/1232
f 1221/1028/1226 1222/1029/1227 1230/1038/1235 1229/1037/1234
f 1222/1029/1227 1223/1030/1228 1231/1039/1236 1230/1038/1235
f 1223/1032/1228 1224/1031/1229 1232/1040/1237 1231/1041/1236
f 1224/1031/1229 1225/1033/1230 1233/1042/1238 1232/1040/1237
f 1225/1033/1230 1226/1034/1231 1234/1043/1239 1233/1042/1238
f 1226/1034/1231 1219/1027/1225 1227/1036/1233 1234/1043/1239
f 1227/1036/1233 1228/1035/1232 1236/1044/1240 1235/1045/1241
f 1228/1035/1232 1229/1037/1234 1237/1046/1242 1236/1044/1240
f 1229/1037/1234 1230/1038/1235 1238/1047/1243 1237/1046/1242
f 1230/1038/1235 1231/1039/1236 1239/1048/1244 1238/1047/1243
f 1231/1041/1236 1232/1040/1237 1240/1049/1245 1239/1050/1244
f 1232/1040/1237 1233/1042/1238 1241/1051/1246 1240/1049/1245
f 1233/1042/1238 1234/1043/1239 1242/1052/1247 1241/1051/1246
f 1234/1043/1239 1227/1036/1233 1235/1045/1241 1242/1052/1247
f 1235/1045/1241 1236/1044/1240 1244/1053/1248 1243/1054/1249
f 1236/1044/1240 1237/1046/1242 1245/1055/1250 1244/1053/1248
f 1237/1046/1242 1238/1047/1243 1246/1056/1251 1245/1055/1250
f 1238/1047/1243 1239/1048/1244 1247/1057/1252 1246/1056/1251
f 1239/1050/1244 1240/1049/1245 1248/1058/1253 1247/1059/1252
f 1240/1049/1245 1241/1051/1246 1249/1060/1254 1248/1058/1253
f 1241/1051/1246 1242/1052/1247 1250/1061/1255 1249/1060/1254
f 1242/1052/1247 1235/1045/1241 1243/1054/1249 1250/1061/1255
f 1243/1054/1249 1244/1053/1248 1252/1062/1256 1251/1063/1257
f 1244/1053/1248 1245/1055/1250 1253/1064/1258 1252/1062/1256
f 1245/1055/1250 1246/1056/1251 1254/1065/1259 1253/1064/1258
f 1246/1056/1251 1247/1057/1252 1255/1066/1260 1254/1065/1259
f 1247/1059/1252 1248/1058/1253 1256/1067/1261 1255/1068/1260
f 1248/1058/1253 1249/1060/1254 1257/1069/1262 1256/1067/1261
f 1249/1060/1254 1250/1061/1255 1258/1070/1263 1257/1069/1262
f 1250/1061/1255 1243/1054/1249 1251/1063/1257 1258/1070/1263
o 平面.003
v 4.155066 -2.565837 -2.787538
v 4.121897 -2.325550 -0.564666
v 2.987090 -1.059713 -1.618169
v 4.392874 -2.568365 -2.556265
v 4.356356 -4.343518 -1.197037
v 4.410946 -2.546720 -0.320375
v 4.210158 -2.129492 -2.739936
v 3.253607 -4.009013 -3.483179
v 4.043764 -4.073152 -1.647004
v 3.530189 -1.887345 -4.247019
v 2.393636 -3.640195 -5.044368
v 3.460449 -3.947646 -3.380823
v 2.283858 -1.585443 -5.588688
v 1.027512 -3.411532 -5.883637
v 2.743644 -3.658036 -4.886580
v 0.392763 -1.448260 -6.059263
v -0.665977 -3.401138 -5.803645
v 1.329063 -3.440932 -5.668618
v -1.587913 -1.487998 -5.968904
v -2.298407 -3.530375 -5.399783
v -0.381144 -3.370335 -5.946127
v -3.157229 -1.756674 -4.876171
v -3.248341 -3.830048 -4.043812
v -1.940935 -3.517379 -5.524666
v -3.995611 -2.048355 -3.324893
v -3.801622 -4.052790 -2.352983
v -2.971116 -3.851402 -4.161215
v -4.421731 -2.201105 -2.299476
v -4.483563 -3.601178 -0.557070
v -3.766259 -4.338770 -2.272131
v -4.324745 -2.785346 -2.683083
v -3.495399 -1.475890 -1.071403
v -4.482992 -3.110093 -0.476389
v -3.697180 -2.167387 -3.326740
v -2.264115 -0.680670 -2.468835
v -3.526070 -1.550807 -1.184183
v -2.302351 -1.625679 -4.446315
v -0.803784 -0.420507 -3.305325
v -2.531587 -0.810783 -2.376678
v -0.230741 -1.424825 -5.034715
v 0.834473 -0.460228 -3.321568
v -1.163159 -0.491354 -3.229381
v 1.907052 -1.553442 -4.640577
v 2.283809 -0.712671 -2.603137
v 0.461472 -0.413817 -3.371107
v 3.456305 -2.038953 -3.558299
v 3.328960 -1.359327 -1.431824
v 1.979481 -0.598034 -2.696474
v 4.162733 -2.559443 -2.788115
v 4.129564 -2.319156 -0.565242
v 2.994757 -1.053319 -1.618746
v 4.402870 -2.568631 -2.556343
v 4.366352 -4.343783 -1.197115
v 4.420942 -2.546986 -0.320453
v 4.218905 -2.132414 -2.743802
v 3.262354 -4.011936 -3.487045
v 4.052511 -4.076075 -1.650870
v 3.538092 -1.889945 -4.252568
v 2.401538 -3.642795 -5.049917
v 3.468352 -3.950246 -3.386372
v 2.288591 -1.587310 -5.597297
v 1.032245 -3.413398 -5.892246
v 2.748378 -3.659902 -4.895188
v 0.393396 -1.449893 -6.069109
v -0.665343 -3.402770 -5.813491
v 1.329697 -3.442564 -5.678464
v -1.590474 -1.489756 -5.978409
v -2.300969 -3.532132 -5.409288
v -0.383706 -3.372093 -5.955632
v -3.164255 -1.759057 -4.882877
v -3.255366 -3.832431 -4.050518
v -1.947960 -3.519763 -5.531372
v -4.004183 -2.051250 -3.329153
v -3.810194 -4.055685 -2.357243
v -2.979688 -3.854297 -4.165475
v -4.430947 -2.203964 -2.302100
v -4.492779 -3.604037 -0.559695
v -3.775475 -4.341630 -2.274756
v -4.333277 -2.780133 -2.682927
v -3.503931 -1.470677 -1.071247
v -4.491524 -3.104880 -0.476234
v -3.703820 -2.160078 -3.328313
v -2.270756 -0.673361 -2.470408
v -3.532711 -1.543498 -1.185756
v -2.306262 -1.617272 -4.450058
v -0.807696 -0.412099 -3.309068
v -2.535498 -0.802375 -2.380422
v -0.231097 -1.416024 -5.039449
v 0.834117 -0.451427 -3.326302
v -1.163514 -0.482553 -3.234115
v 1.910188 -1.544883 -4.644689
v 2.286945 -0.704112 -2.607249
v 0.464609 -0.405258 -3.375219
v 3.462501 -2.031376 -3.560349
v 3.335156 -1.351750 -1.433875
v 1.985677 -0.590457 -2.698524
vn -0.7667 -0.6394 0.0577
vn -0.9996 0.0266 0.0078
vn -0.8747 0.2923 0.3866
vn -0.7903 0.2600 0.5548
vn -0.4734 0.1866 0.8609
vn -0.0634 0.1632 0.9845
vn 0.2562 0.1757 0.9505
vn 0.7025 0.2383 0.6706
vn 0.8572 0.2895 0.4259
vn 0.9216 0.2859 0.2625
vn 0.8532 -0.5213 -0.0155
vn 0.6641 -0.7309 0.1573
vn 0.3911 -0.8408 0.3744
vn 0.0356 -0.8801 0.4734
vn -0.3136 -0.8559 0.4112
vn -0.6196 -0.7577 0.2050
vn 0.7667 0.6394 -0.0577
vn 0.9996 -0.0266 -0.0078
vn 0.8747 -0.2923 -0.3866
vn 0.7903 -0.2600 -0.5548
vn 0.4734 -0.1866 -0.8609
vn 0.0634 -0.1632 -0.9845
vn -0.2562 -0.1757 -0.9505
vn -0.7025 -0.2383 -0.6706
vn -0.8572 -0.2895 -0.4259
vn -0.9216 -0.2859 -0.2625
vn -0.8532 0.5213 0.0155
vn -0.6641 0.7309 -0.1573
vn -0.3911 0.8408 -0.3744
vn -0.0356 0.8801 -0.4734
vn 0.3136 0.8559 -0.4112
vn 0.6196 0.7577 -0.2050
vn 0.6418 -0.7614 0.0919
vn -0.3003 0.4366 0.8481
vn -0.3732 0.3709 -0.8504
vn -0.0223 -0.6075 -0.7940
vn -0.0046 -0.4384 0.8988
vn 0.0265 0.9996 -0.0099
vn -0.2278 0.4561 -0.8603
vn -0.2808 -0.9558 0.0874
vn 0.4789 0.3988 0.7821
vn -0.3422 0.5638 -0.7517
vn -0.3016 -0.9533 0.0172
vn 0.6120 0.2888 0.7363
vn -0.6784 0.5461 -0.4914
vn -0.1991 -0.9747 0.1018
vn 0.8565 0.3256 0.4004
vn -0.8785 0.4589 -0.1326
vn -0.0306 -0.9864 0.1616
vn 0.9059 0.4233 -0.0119
vn -0.9129 0.3672 0.1781
vn 0.1241 -0.9812 0.1480
vn 0.8020 0.5103 -0.3105
vn -0.7105 0.2888 0.6417
vn 0.2813 -0.9585 0.0460
vn 0.4589 0.5685 -0.6828
vn -0.5076 0.3356 0.7935
vn 0.3046 -0.9519 0.0339
vn 0.2352 0.5158 -0.8238
vn -0.3872 0.7254 0.5691
vn 0.1484 -0.8844 0.4424
vn 0.2544 0.0657 -0.9649
vn 0.3666 0.6207 -0.6930
vn 0.1678 0.2462 0.9546
vn -0.5167 -0.8410 -0.1608
vn 0.3850 0.1540 -0.9100
vn 0.4010 0.5258 0.7501
vn -0.7437 -0.6243 0.2391
vn 0.6308 -0.0513 -0.7743
vn 0.3173 0.5050 0.8027
vn -0.9146 -0.4004 0.0563
vn 0.8785 -0.1983 -0.4346
vn 0.0332 0.4745 0.8796
vn -0.9082 -0.2261 -0.3521
vn 0.9345 -0.3551 -0.0263
vn -0.2672 0.4951 0.8267
vn -0.6955 -0.0877 -0.7132
vn 0.7829 -0.5775 0.2315
vn -0.4010 0.5301 0.7471
vn -0.4242 0.1034 -0.8997
vt 0.542950 0.877489
vt 0.542950 0.941962
vt 0.491372 0.916173
s 0
usemtl マテリアル.002
f 1259/1071/1264 1260/1072/1264 1261/1073/1264
f 1262/1071/1265 1263/1072/1265 1264/1073/1265
f 1265/1071/1266 1266/1072/1266 1267/1073/1266
f 1268/1071/1267 1269/1072/1267 1270/1073/1267
f 1271/1071/1268 1272/1072/1268 1273/1073/1268
f 1274/1071/1269 1275/1072/1269 1276/1073/1269
f 1277/1071/1270 1278/1072/1270 1279/1073/1270
f 1280/1071/1271 1281/1072/1271 1282/1073/1271
f 1283/1071/1272 1284/1072/1272 1285/1073/1272
f 1286/1071/1273 1287/1072/1273 1288/1073/1273
f 1289/1071/1274 1290/1072/1274 1291/1073/1274
f 1292/1071/1275 1293/1072/1275 1294/1073/1275
f 1295/1071/1276 1296/1072/1276 1297/1073/1276
f 1298/1071/1277 1299/1072/1277 1300/1073/1277
f 1301/1071/1278 1302/1072/1278 1303/1073/1278
f 1304/1071/1279 1305/1072/1279 1306/1073/1279
f 1307/1071/1280 1309/1073/1280 1308/1072/1280
f 1310/1071/1281 1312/1073/1281 1311/1072/1281
f 1313/1071/1282 1315/1073/1282 1314/1072/1282
f 1316/1071/1283 1318/1073/1283 1317/1072/1283
f 1319/1071/1284 1321/1073/1284 1320/1072/1284
f 1322/1071/1285 1324/1073/1285 1323/1072/1285
f 1325/1071/1286 1327/1073/1286 1326/1072/1286
f 1328/1071/1287 1330/1073/1287 1329/1072/1287
f 1331/1071/1288 1333/1073/1288 1332/1072/1288
f 1334/1071/1289 1336/1073/1289 1335/1072/1289
f 1337/1071/1290 1339/1073/1290 1338/1072/1290
f 1340/1071/1291 1342/1073/1291 1341/1072/1291
f 1343/1071/1292 1345/1073/1292 1344/1072/1292
f 1346/1071/1293 1348/1073/1293 1347/1072/1293
f 1349/1071/1294 1351/1073/1294 1350/1072/1294
f 1352/1071/1295 1354/1073/1295 1353/1072/1295
f 1260/1072/1296 1259/1071/1296 1307/1071/1296 1308/1072/1296
f 1261/1073/1297 1260/1072/1297 1308/1072/1297 1309/1073/1297
f 1259/1071/1298 1261/1073/1298 1309/1073/1298 1307/1071/1298
f 1263/1072/1299 1262/1071/1299 1310/1071/1299 1311/1072/1299
f 1264/1073/1300 1263/1072/1300 1311/1072/1300 1312/1073/1300
f 1262/1071/1301 1264/1073/1301 1312/1073/1301 1310/1071/1301
f 1266/1072/1302 1265/1071/1302 1313/1071/1302 1314/1072/1302
f 1267/1073/1303 1266/1072/1303 1314/1072/1303 1315/1073/1303
f 1265/1071/1304 1267/1073/1304 1315/1073/1304 1313/1071/1304
f 1269/1072/1305 1268/1071/1305 1316/1071/1305 1317/1072/1305
f 1270/1073/1306 1269/1072/1306 1317/1072/1306 1318/1073/1306
f 1268/1071/1307 1270/1073/1307 1318/1073/1307 1316/1071/1307
f 1272/1072/1308 1271/1071/1308 1319/1071/1308 1320/1072/1308
f 1273/1073/1309 1272/1072/1309 1320/1072/1309 1321/1073/1309
f 1271/1071/1310 1273/1073/1310 1321/1073/1310 1319/1071/1310
f 1275/1072/1311 1274/1071/1311 1322/1071/1311 1323/1072/1311
f 1276/1073/1312 1275/1072/1312 1323/1072/1312 1324/1073/1312
f 1274/1071/1313 1276/1073/1313 1324/1073/1313 1322/1071/1313
f 1278/1072/1314 1277/1071/1314 1325/1071/1314 1326/1072/1314
f 1279/1073/1315 1278/1072/1315 1326/1072/1315 1327/1073/1315
f 1277/1071/1316 1279/1073/1316 1327/1073/1316 1325/1071/1316
f 1281/1072/1317 1280/1071/1317 1328/1071/1317 1329/1072/1317
f 1282/1073/1318 1281/1072/1318 1329/1072/1318 1330/1073/1318
f 1280/1071/1319 1282/1073/1319 1330/1073/1319 1328/1071/1319
f 1284/1072/1320 1283/1071/1320 1331/1071/1320 1332/1072/1320
f 1285/1073/1321 1284/1072/1321 1332/1072/1321 1333/1073/1321
f 1283/1071/1322 1285/1073/1322 1333/1073/1322 1331/1071/1322
f 1287/1072/1323 1286/1071/1323 1334/1071/1323 1335/1072/1323
f 1288/1073/1324 1287/1072/1324 1335/1072/1324 1336/1073/1324
f 1286/1071/1325 1288/1073/1325 1336/1073/1325 1334/1071/1325
f 1290/1072/1326 1289/1071/1326 1337/1071/1326 1338/1072/1326
f 1291/1073/1327 1290/1072/1327 1338/1072/1327 1339/1073/1327
f 1289/1071/1328 1291/1073/1328 1339/1073/1328 1337/1071/1328
f 1293/1072/1329 1292/1071/1329 1340/1071/1329 1341/1072/1329
f 1294/1073/1330 1293/1072/1330 1341/1072/1330 1342/1073/1330
f 1292/1071/1331 1294/1073/1331 1342/1073/1331 1340/1071/1331
f 1296/1072/1332 1295/1071/1332 1343/1071/1332 1344/1072/1332
f 1297/1073/1333 1296/1072/1333 1344/1072/1333 1345/1073/1333
f 1295/1071/1334 1297/1073/1334 1345/1073/1334 1343/1071/1334
f 1299/1072/1335 1298/1071/1335 1346/1071/1335 1347/1072/1335
f 1300/1073/1336 1299/1072/1336 1347/1072/1336 1348/1073/1336
f 1298/1071/1337 1300/1073/1337 1348/1073/1337 1346/1071/1337
f 1302/1072/1338 1301/1071/1338 1349/1071/1338 1350/1072/1338
f 1303/1073/1339 1302/1072/1339 1350/1072/1339 1351/1073/1339
f 1301/1071/1340 1303/1073/1340 1351/1073/1340 1349/1071/1340
f 1305/1072/1341 1304/1071/1341 1352/1071/1341 1353/1072/1341
f 1306/1073/1342 1305/1072/1342 1353/1072/1342 1354/1073/1342
f 1304/1071/1343 1306/1073/1343 1354/1073/1343 1352/1071/1343
