# Blender 5.1.0
# www.blender.org
mtllib playerBullet.mtl
o 球
v 0.000000 0.188568 -0.000000
v 0.000000 0.156788 -0.104763
v 0.000000 0.104763 -0.156788
v 0.000000 0.036788 -0.184945
v 0.000000 -0.000000 -0.188568
v 0.000000 -0.036788 -0.184945
v 0.000000 -0.104763 -0.156788
v 0.000000 -0.188568 -0.000000
v 0.007177 0.184945 -0.036081
v 0.014078 0.174214 -0.070775
v 0.020438 0.156788 -0.102750
v 0.026013 0.133338 -0.130776
v 0.030588 0.104763 -0.153776
v 0.033988 0.072162 -0.170867
v 0.036081 0.036788 -0.181391
v 0.036788 -0.000000 -0.184945
v 0.036081 -0.036788 -0.181391
v 0.033988 -0.072162 -0.170867
v 0.030588 -0.104763 -0.153776
v 0.026013 -0.133338 -0.130776
v 0.020438 -0.156788 -0.102750
v 0.014078 -0.174214 -0.070775
v 0.007177 -0.184945 -0.036081
v 0.014078 0.184945 -0.033987
v 0.027615 0.174214 -0.066669
v 0.040091 0.156788 -0.096788
v 0.051026 0.133338 -0.123188
v 0.060000 0.104763 -0.144854
v 0.066669 0.072162 -0.160953
v 0.070775 0.036788 -0.170867
v 0.072162 -0.000000 -0.174214
v 0.070775 -0.036788 -0.170867
v 0.066669 -0.072162 -0.160953
v 0.060000 -0.104763 -0.144854
v 0.051026 -0.133338 -0.123188
v 0.040091 -0.156788 -0.096788
v 0.027615 -0.174214 -0.066669
v 0.014078 -0.184945 -0.033987
v 0.020438 0.184945 -0.030588
v 0.040091 0.174214 -0.060000
v 0.058203 0.156788 -0.087107
v 0.074078 0.133338 -0.110866
v 0.087107 0.104763 -0.130365
v 0.096788 0.072162 -0.144854
v 0.102750 0.036788 -0.153776
v 0.104763 -0.000000 -0.156788
v 0.102750 -0.036788 -0.153776
v 0.096788 -0.072162 -0.144854
v 0.087107 -0.104763 -0.130365
v 0.074078 -0.133338 -0.110866
v 0.058203 -0.156788 -0.087107
v 0.040091 -0.174214 -0.060000
v 0.020438 -0.184945 -0.030588
v 0.026013 0.184945 -0.026013
v 0.051026 0.174214 -0.051026
v 0.074078 0.156788 -0.074078
v 0.094284 0.133338 -0.094284
v 0.110866 0.104763 -0.110866
v 0.123188 0.072162 -0.123188
v 0.130776 0.036788 -0.130776
v 0.133338 -0.000000 -0.133338
v 0.130776 -0.036788 -0.130776
v 0.123188 -0.072162 -0.123188
v 0.110866 -0.104763 -0.110866
v 0.094284 -0.133338 -0.094284
v 0.074078 -0.156788 -0.074078
v 0.051026 -0.174214 -0.051026
v 0.026013 -0.184945 -0.026013
v 0.030588 0.184945 -0.020438
v 0.060000 0.174214 -0.040091
v 0.087107 0.156788 -0.058203
v 0.110866 0.133338 -0.074078
v 0.130365 0.104763 -0.087107
v 0.144854 0.072162 -0.096788
v 0.153776 0.036788 -0.102750
v 0.156789 -0.000000 -0.104763
v 0.153776 -0.036788 -0.102750
v 0.144854 -0.072162 -0.096788
v 0.130365 -0.104763 -0.087107
v 0.110866 -0.133338 -0.074078
v 0.087107 -0.156788 -0.058203
v 0.060000 -0.174214 -0.040091
v 0.030588 -0.184945 -0.020438
v 0.033988 0.184945 -0.014078
v 0.066669 0.174214 -0.027615
v 0.096788 0.156788 -0.040091
v 0.123188 0.133338 -0.051026
v 0.144854 0.104763 -0.060000
v 0.160953 0.072162 -0.066669
v 0.170867 0.036788 -0.070775
v 0.174214 -0.000000 -0.072162
v 0.170867 -0.036788 -0.070775
v 0.160953 -0.072162 -0.066669
v 0.144854 -0.104763 -0.060000
v 0.123188 -0.133338 -0.051026
v 0.096788 -0.156788 -0.040091
v 0.066669 -0.174214 -0.027615
v 0.033988 -0.184945 -0.014078
v 0.036081 0.184945 -0.007177
v 0.070775 0.174214 -0.014078
v 0.102750 0.156788 -0.020438
v 0.130776 0.133338 -0.026013
v 0.153776 0.104763 -0.030588
v 0.170867 0.072162 -0.033987
v 0.181391 0.036788 -0.036081
v 0.184945 -0.000000 -0.036788
v 0.181391 -0.036788 -0.036081
v 0.170867 -0.072162 -0.033987
v 0.153776 -0.104763 -0.030588
v 0.130776 -0.133338 -0.026013
v 0.102750 -0.156788 -0.020438
v 0.070775 -0.174214 -0.014078
v 0.036081 -0.184945 -0.007177
v 0.036788 0.184945 -0.000000
v 0.072162 0.174214 -0.000000
v 0.104763 0.156788 -0.000000
v 0.133338 0.133338 -0.000000
v 0.156788 0.104763 -0.000000
v 0.174214 0.072162 -0.000000
v 0.184945 0.036788 -0.000000
v 0.188568 -0.000000 0.000000
v 0.184945 -0.036788 -0.000000
v 0.174214 -0.072162 -0.000000
v 0.156788 -0.104763 -0.000000
v 0.133338 -0.133338 -0.000000
v 0.104763 -0.156788 -0.000000
v 0.072162 -0.174214 -0.000000
v 0.036788 -0.184945 -0.000000
v 0.036081 0.184945 0.007177
v 0.070775 0.174214 0.014078
v 0.102750 0.156788 0.020438
v 0.130776 0.133338 0.026013
v 0.153776 0.104763 0.030588
v 0.170867 0.072162 0.033987
v 0.181391 0.036788 0.036081
v 0.184945 -0.000000 0.036788
v 0.181391 -0.036788 0.036081
v 0.170867 -0.072162 0.033987
v 0.153776 -0.104763 0.030588
v 0.130776 -0.133338 0.026013
v 0.102750 -0.156788 0.020438
v 0.070775 -0.174214 0.014078
v 0.036081 -0.184945 0.007177
v 0.033987 0.184945 0.014078
v 0.066669 0.174214 0.027615
v 0.096788 0.156788 0.040091
v 0.123188 0.133338 0.051026
v 0.144854 0.104763 0.060000
v 0.160953 0.072162 0.066669
v 0.170867 0.036788 0.070775
v 0.174214 -0.000000 0.072162
v 0.170867 -0.036788 0.070775
v 0.160953 -0.072162 0.066669
v 0.144854 -0.104763 0.060000
v 0.123188 -0.133338 0.051026
v 0.096788 -0.156788 0.040091
v 0.066669 -0.174214 0.027615
v 0.033987 -0.184945 0.014078
v 0.030588 0.184945 0.020438
v 0.060000 0.174214 0.040091
v 0.087107 0.156788 0.058203
v 0.110866 0.133338 0.074078
v 0.130365 0.104763 0.087107
v 0.144854 0.072162 0.096788
v 0.153776 0.036788 0.102750
v 0.156788 -0.000000 0.104763
v 0.153776 -0.036788 0.102750
v 0.144854 -0.072162 0.096788
v 0.130365 -0.104763 0.087107
v 0.110866 -0.133338 0.074078
v 0.087107 -0.156788 0.058203
v 0.060000 -0.174214 0.040091
v 0.030588 -0.184945 0.020438
v 0.026013 0.184945 0.026013
v 0.051026 0.174214 0.051026
v 0.074078 0.156788 0.074078
v 0.094284 0.133338 0.094284
v 0.110866 0.104763 0.110866
v 0.123188 0.072162 0.123188
v 0.130776 0.036788 0.130776
v 0.133338 -0.000000 0.133338
v 0.130776 -0.036788 0.130776
v 0.123188 -0.072162 0.123188
v 0.110866 -0.104763 0.110866
v 0.094284 -0.133338 0.094284
v 0.074078 -0.156788 0.074078
v 0.051026 -0.174214 0.051026
v 0.026013 -0.184945 0.026013
v 0.020438 0.184945 0.030588
v 0.040091 0.174214 0.060000
v 0.058203 0.156788 0.087107
v 0.074078 0.133338 0.110866
v 0.087107 0.104763 0.130365
v 0.096788 0.072162 0.144854
v 0.102750 0.036788 0.153776
v 0.104763 -0.000000 0.156788
v 0.102750 -0.036788 0.153776
v 0.096788 -0.072162 0.144854
v 0.087107 -0.104763 0.130365
v 0.074078 -0.133338 0.110866
v 0.058203 -0.156788 0.087107
v 0.040091 -0.174214 0.060000
v 0.020438 -0.184945 0.030588
v 0.014078 0.184945 0.033987
v 0.027615 0.174214 0.066669
v 0.040091 0.156788 0.096788
v 0.051026 0.133338 0.123188
v 0.060000 0.104763 0.144854
v 0.066669 0.072162 0.160953
v 0.070775 0.036788 0.170867
v 0.072162 -0.000000 0.174214
v 0.070775 -0.036788 0.170867
v 0.066669 -0.072162 0.160953
v 0.060000 -0.104763 0.144854
v 0.051026 -0.133338 0.123188
v 0.040091 -0.156788 0.096788
v 0.027615 -0.174214 0.066669
v 0.014078 -0.184945 0.033987
v 0.007177 0.184945 0.036081
v 0.014078 0.174214 0.070775
v 0.020438 0.156788 0.102750
v 0.026013 0.133338 0.130776
v 0.030588 0.104763 0.153776
v 0.033988 0.072162 0.170867
v 0.036081 0.036788 0.181391
v 0.036788 -0.000000 0.184945
v 0.036081 -0.036788 0.181391
v 0.033988 -0.072162 0.170867
v 0.030588 -0.104763 0.153776
v 0.026013 -0.133338 0.130776
v 0.020438 -0.156788 0.102750
v 0.014078 -0.174214 0.070775
v 0.007177 -0.184945 0.036081
v 0.000000 0.184945 0.036788
v 0.000000 0.174214 0.072162
v 0.000000 0.156788 0.104763
v 0.000000 0.133338 0.133338
v 0.000000 0.104763 0.156788
v 0.000000 0.072162 0.174214
v 0.000000 0.036788 0.184945
v -0.000000 -0.000000 0.188568
v 0.000000 -0.036788 0.184945
v 0.000000 -0.072162 0.174214
v 0.000000 -0.104763 0.156788
v 0.000000 -0.133338 0.133338
v 0.000000 -0.156788 0.104763
v 0.000000 -0.174214 0.072162
v 0.000000 -0.184945 0.036788
v -0.007177 0.184945 0.036081
v -0.014078 0.174214 0.070775
v -0.020438 0.156788 0.102750
v -0.026013 0.133338 0.130776
v -0.030588 0.104763 0.153776
v -0.033987 0.072162 0.170866
v -0.036081 0.036788 0.181391
v -0.036788 -0.000000 0.184944
v -0.036081 -0.036788 0.181391
v -0.033987 -0.072162 0.170866
v -0.030588 -0.104763 0.153776
v -0.026013 -0.133338 0.130776
v -0.020438 -0.156788 0.102750
v -0.014078 -0.174214 0.070775
v -0.007177 -0.184945 0.036081
v -0.014078 0.184945 0.033987
v -0.027615 0.174214 0.066669
v -0.040091 0.156788 0.096788
v -0.051026 0.133338 0.123188
v -0.060000 0.104763 0.144854
v -0.066669 0.072162 0.160953
v -0.070775 0.036788 0.170866
v -0.072162 -0.000000 0.174214
v -0.070775 -0.036788 0.170866
v -0.066669 -0.072162 0.160953
v -0.060000 -0.104763 0.144854
v -0.051026 -0.133338 0.123188
v -0.040091 -0.156788 0.096788
v -0.027615 -0.174214 0.066669
v -0.014078 -0.184945 0.033987
v -0.020438 0.184945 0.030588
v -0.040091 0.174214 0.060000
v -0.058203 0.156788 0.087107
v -0.074078 0.133338 0.110866
v -0.087107 0.104763 0.130365
v -0.096788 0.072162 0.144854
v -0.102750 0.036788 0.153776
v -0.104763 -0.000000 0.156788
v -0.102750 -0.036788 0.153776
v -0.096788 -0.072162 0.144854
v -0.087107 -0.104763 0.130365
v -0.074078 -0.133338 0.110866
v -0.058203 -0.156788 0.087107
v -0.040091 -0.174214 0.060000
v -0.020438 -0.184945 0.030588
v -0.026013 0.184945 0.026013
v -0.051026 0.174214 0.051026
v -0.074078 0.156788 0.074078
v -0.094284 0.133338 0.094284
v -0.110866 0.104763 0.110866
v -0.123188 0.072162 0.123188
v -0.130776 0.036788 0.130776
v -0.133338 -0.000000 0.133337
v -0.130776 -0.036788 0.130776
v -0.123188 -0.072162 0.123188
v -0.110866 -0.104763 0.110866
v -0.094284 -0.133338 0.094284
v -0.074078 -0.156788 0.074078
v -0.051026 -0.174214 0.051026
v -0.026013 -0.184945 0.026013
v -0.030588 0.184945 0.020438
v -0.060000 0.174214 0.040091
v -0.087107 0.156788 0.058203
v -0.110866 0.133338 0.074078
v -0.130365 0.104763 0.087107
v -0.144854 0.072162 0.096788
v -0.153776 0.036788 0.102750
v -0.156788 -0.000000 0.104763
v -0.153776 -0.036788 0.102750
v -0.144854 -0.072162 0.096788
v -0.130365 -0.104763 0.087107
v -0.110866 -0.133338 0.074078
v -0.087107 -0.156788 0.058203
v -0.060000 -0.174214 0.040091
v -0.030588 -0.184945 0.020438
v -0.033987 0.184945 0.014078
v -0.066669 0.174214 0.027615
v -0.096788 0.156788 0.040091
v -0.123188 0.133338 0.051026
v -0.144854 0.104763 0.060000
v -0.160953 0.072162 0.066669
v -0.170866 0.036788 0.070775
v -0.174214 -0.000000 0.072162
v -0.170866 -0.036788 0.070775
v -0.160953 -0.072162 0.066669
v -0.144854 -0.104763 0.060000
v -0.123188 -0.133338 0.051026
v -0.096788 -0.156788 0.040091
v -0.066669 -0.174214 0.027615
v -0.033987 -0.184945 0.014078
v -0.036081 0.184945 0.007177
v -0.070775 0.174214 0.014078
v -0.102750 0.156788 0.020438
v -0.130776 0.133338 0.026013
v -0.153776 0.104763 0.030588
v -0.170866 0.072162 0.033987
v -0.181391 0.036788 0.036081
v -0.184944 -0.000000 0.036788
v -0.181391 -0.036788 0.036081
v -0.170866 -0.072162 0.033987
v -0.153776 -0.104763 0.030588
v -0.130776 -0.133338 0.026013
v -0.102750 -0.156788 0.020438
v -0.070775 -0.174214 0.014078
v -0.036081 -0.184945 0.007177
v -0.036788 0.184945 -0.000000
v -0.072162 0.174214 -0.000000
v -0.104763 0.156788 -0.000000
v -0.133338 0.133338 -0.000000
v -0.156788 0.104763 -0.000000
v -0.174214 0.072162 -0.000000
v -0.184944 0.036788 -0.000000
v -0.188568 -0.000000 -0.000000
v -0.184944 -0.036788 -0.000000
v -0.174214 -0.072162 -0.000000
v -0.156788 -0.104763 -0.000000
v -0.133338 -0.133338 -0.000000
v -0.104763 -0.156788 -0.000000
v -0.072162 -0.174214 -0.000000
v -0.036788 -0.184945 -0.000000
v -0.036081 0.184945 -0.007177
v -0.070775 0.174214 -0.014078
v -0.102750 0.156788 -0.020438
v -0.130776 0.133338 -0.026013
v -0.153776 0.104763 -0.030588
v -0.170866 0.072162 -0.033987
v -0.181391 0.036788 -0.036081
v -0.184944 -0.000000 -0.036788
v -0.181391 -0.036788 -0.036081
v -0.170866 -0.072162 -0.033987
v -0.153776 -0.104763 -0.030588
v -0.130776 -0.133338 -0.026013
v -0.102750 -0.156788 -0.020438
v -0.070775 -0.174214 -0.014078
v -0.036081 -0.184945 -0.007177
v -0.033987 0.184945 -0.014078
v -0.066669 0.174214 -0.027615
v -0.096788 0.156788 -0.040091
v -0.123188 0.133338 -0.051026
v -0.144854 0.104763 -0.060000
v -0.160953 0.072162 -0.066669
v -0.170866 0.036788 -0.070775
v -0.174214 -0.000000 -0.072162
v -0.170866 -0.036788 -0.070775
v -0.160953 -0.072162 -0.066669
v -0.144854 -0.104763 -0.060000
v -0.123188 -0.133338 -0.051026
v -0.096788 -0.156788 -0.040091
v -0.066669 -0.174214 -0.027615
v -0.033987 -0.184945 -0.014078
v -0.030588 0.184945 -0.020438
v -0.060000 0.174214 -0.040091
v -0.087107 0.156788 -0.058203
v -0.110866 0.133338 -0.074078
v -0.130365 0.104763 -0.087107
v -0.144854 0.072162 -0.096788
v -0.153776 0.036788 -0.102750
v -0.156788 -0.000000 -0.104763
v -0.153776 -0.036788 -0.102750
v -0.144854 -0.072162 -0.096788
v -0.130365 -0.104763 -0.087107
v -0.110866 -0.133338 -0.074078
v -0.087107 -0.156788 -0.058203
v -0.060000 -0.174214 -0.040091
v -0.030588 -0.184945 -0.020438
v -0.026013 0.184945 -0.026013
v -0.051026 0.174214 -0.051026
v -0.074078 0.156788 -0.074078
v -0.094284 0.133338 -0.094284
v -0.110866 0.104763 -0.110866
v -0.123188 0.072162 -0.123188
v -0.130775 0.036788 -0.130776
v -0.133337 -0.000000 -0.133338
v -0.130775 -0.036788 -0.130776
v -0.123188 -0.072162 -0.123188
v -0.110866 -0.104763 -0.110866
v -0.094284 -0.133338 -0.094284
v -0.074078 -0.156788 -0.074078
v -0.051026 -0.174214 -0.051026
v -0.026013 -0.184945 -0.026013
v -0.020438 0.184945 -0.030588
v -0.040091 0.174214 -0.060000
v -0.058203 0.156788 -0.087107
v -0.074078 0.133338 -0.110866
v -0.087107 0.104763 -0.130365
v -0.096788 0.072162 -0.144854
v -0.102750 0.036788 -0.153776
v -0.104763 -0.000000 -0.156788
v -0.102750 -0.036788 -0.153776
v -0.096788 -0.072162 -0.144854
v -0.087107 -0.104763 -0.130365
v -0.074078 -0.133338 -0.110866
v -0.058203 -0.156788 -0.087107
v -0.040091 -0.174214 -0.060000
v -0.020438 -0.184945 -0.030588
v -0.014078 0.184945 -0.033987
v -0.027615 0.174214 -0.066669
v -0.040091 0.156788 -0.096788
v -0.051026 0.133338 -0.123188
v -0.060000 0.104763 -0.144854
v -0.066669 0.072162 -0.160953
v -0.070775 0.036788 -0.170867
v -0.072162 -0.000000 -0.174214
v -0.070775 -0.036788 -0.170867
v -0.066669 -0.072162 -0.160953
v -0.060000 -0.104763 -0.144854
v -0.051026 -0.133338 -0.123188
v -0.040091 -0.156788 -0.096788
v -0.027615 -0.174214 -0.066669
v -0.014078 -0.184945 -0.033987
v -0.007177 0.184945 -0.036081
v -0.014078 0.174214 -0.070775
v -0.020438 0.156788 -0.102750
v -0.026013 0.133338 -0.130776
v -0.030588 0.104763 -0.153776
v -0.033987 0.072162 -0.170867
v -0.036081 0.036788 -0.181391
v -0.036788 -0.000000 -0.184944
v -0.036081 -0.036788 -0.181391
v -0.033987 -0.072162 -0.170867
v -0.030588 -0.104763 -0.153776
v -0.026013 -0.133338 -0.130776
v -0.020438 -0.156788 -0.102750
v -0.014078 -0.174214 -0.070775
v -0.007177 -0.184945 -0.036081
v 0.000000 0.184945 -0.036788
v 0.000000 0.174214 -0.072162
v 0.000000 0.133338 -0.133338
v 0.000000 0.072162 -0.174214
v 0.000000 -0.072162 -0.174214
v 0.000000 -0.133338 -0.133338
v 0.000000 -0.156788 -0.104763
v 0.000000 -0.174214 -0.072162
v 0.000000 -0.184945 -0.036788
v -0.000000 0.518328 -0.000000
v -0.000000 0.430974 -0.287968
v -0.000000 0.287968 -0.430974
v -0.000000 0.101121 -0.508368
v -0.000000 -0.000000 -0.518328
v -0.000000 -0.101121 -0.508368
v -0.000000 -0.287968 -0.430974
v -0.000000 -0.518328 -0.000000
v 0.019728 0.508368 -0.099178
v 0.038697 0.478873 -0.194544
v 0.056180 0.430974 -0.282434
v 0.071503 0.366513 -0.359471
v 0.084079 0.287968 -0.422693
v 0.093423 0.198355 -0.469671
v 0.099178 0.101121 -0.498600
v 0.101121 -0.000000 -0.508368
v 0.099178 -0.101121 -0.498600
v 0.093423 -0.198355 -0.469671
v 0.084079 -0.287968 -0.422693
v 0.071503 -0.366513 -0.359471
v 0.056180 -0.430974 -0.282434
v 0.038697 -0.478873 -0.194544
v 0.019728 -0.508368 -0.099178
v 0.038697 0.508368 -0.093423
v 0.075907 0.478873 -0.183257
v 0.110200 0.430974 -0.266047
v 0.140259 0.366513 -0.338614
v 0.164927 0.287968 -0.398168
v 0.183257 0.198355 -0.442420
v 0.194544 0.101121 -0.469671
v 0.198355 -0.000000 -0.478872
v 0.194544 -0.101121 -0.469671
v 0.183257 -0.198355 -0.442420
v 0.164927 -0.287968 -0.398168
v 0.140259 -0.366513 -0.338614
v 0.110200 -0.430974 -0.266047
v 0.075907 -0.478873 -0.183257
v 0.038697 -0.508368 -0.093423
v 0.056180 0.508368 -0.084079
v 0.110200 0.478873 -0.164927
v 0.159986 0.430974 -0.239436
v 0.203624 0.366513 -0.304745
v 0.239436 0.287968 -0.358342
v 0.266047 0.198355 -0.398168
v 0.282434 0.101121 -0.422693
v 0.287968 -0.000000 -0.430974
v 0.282434 -0.101121 -0.422693
v 0.266047 -0.198355 -0.398168
v 0.239436 -0.287968 -0.358342
v 0.203624 -0.366513 -0.304745
v 0.159986 -0.430974 -0.239436
v 0.110200 -0.478873 -0.164927
v 0.056180 -0.508368 -0.084079
v 0.071503 0.508368 -0.071503
v 0.140259 0.478873 -0.140259
v 0.203624 0.430974 -0.203624
v 0.259164 0.366513 -0.259164
v 0.304745 0.287968 -0.304745
v 0.338614 0.198355 -0.338614
v 0.359471 0.101121 -0.359471
v 0.366513 -0.000000 -0.366513
v 0.359471 -0.101121 -0.359471
v 0.338614 -0.198355 -0.338614
v 0.304745 -0.287968 -0.304745
v 0.259164 -0.366513 -0.259164
v 0.203624 -0.430974 -0.203624
v 0.140259 -0.478873 -0.140259
v 0.071503 -0.508368 -0.071503
v 0.084079 0.508368 -0.056180
v 0.164927 0.478873 -0.110200
v 0.239436 0.430974 -0.159986
v 0.304745 0.366513 -0.203624
v 0.358342 0.287968 -0.239436
v 0.398168 0.198355 -0.266047
v 0.422693 0.101121 -0.282434
v 0.430974 -0.000000 -0.287968
v 0.422693 -0.101121 -0.282434
v 0.398168 -0.198355 -0.266047
v 0.358342 -0.287968 -0.239436
v 0.304745 -0.366513 -0.203624
v 0.239436 -0.430974 -0.159986
v 0.164927 -0.478873 -0.110200
v 0.084079 -0.508368 -0.056180
v 0.093423 0.508368 -0.038697
v 0.183257 0.478873 -0.075907
v 0.266047 0.430974 -0.110200
v 0.338614 0.366513 -0.140259
v 0.398168 0.287968 -0.164927
v 0.442420 0.198355 -0.183257
v 0.469671 0.101121 -0.194544
v 0.478873 -0.000000 -0.198355
v 0.469671 -0.101121 -0.194544
v 0.442420 -0.198355 -0.183257
v 0.398168 -0.287968 -0.164927
v 0.338614 -0.366513 -0.140259
v 0.266047 -0.430974 -0.110200
v 0.183257 -0.478873 -0.075907
v 0.093423 -0.508368 -0.038697
v 0.099178 0.508368 -0.019728
v 0.194544 0.478873 -0.038697
v 0.282434 0.430974 -0.056180
v 0.359471 0.366513 -0.071503
v 0.422693 0.287968 -0.084079
v 0.469671 0.198355 -0.093423
v 0.498600 0.101121 -0.099178
v 0.508368 -0.000000 -0.101121
v 0.498600 -0.101121 -0.099178
v 0.469671 -0.198355 -0.093423
v 0.422693 -0.287968 -0.084079
v 0.359471 -0.366513 -0.071503
v 0.282434 -0.430974 -0.056180
v 0.194544 -0.478873 -0.038697
v 0.099178 -0.508368 -0.019728
v 0.101121 0.508368 -0.000000
v 0.198355 0.478873 -0.000000
v 0.287967 0.430974 -0.000000
v 0.366513 0.366513 -0.000000
v 0.430974 0.287968 0.000000
v 0.478873 0.198355 -0.000000
v 0.508368 0.101121 0.000000
v 0.518328 -0.000000 0.000000
v 0.508368 -0.101121 0.000000
v 0.478873 -0.198355 -0.000000
v 0.430974 -0.287968 0.000000
v 0.366513 -0.366513 -0.000000
v 0.287967 -0.430974 -0.000000
v 0.198355 -0.478873 -0.000000
v 0.101121 -0.508368 -0.000000
v 0.099178 0.508368 0.019728
v 0.194544 0.478873 0.038697
v 0.282434 0.430974 0.056180
v 0.359471 0.366513 0.071503
v 0.422693 0.287968 0.084079
v 0.469671 0.198355 0.093423
v 0.498600 0.101121 0.099178
v 0.508368 -0.000000 0.101121
v 0.498600 -0.101121 0.099178
v 0.469671 -0.198355 0.093423
v 0.422693 -0.287968 0.084079
v 0.359471 -0.366513 0.071503
v 0.282434 -0.430974 0.056180
v 0.194544 -0.478873 0.038697
v 0.099178 -0.508368 0.019728
v 0.093423 0.508368 0.038697
v 0.183257 0.478873 0.075907
v 0.266047 0.430974 0.110200
v 0.338614 0.366513 0.140258
v 0.398168 0.287968 0.164927
v 0.442420 0.198355 0.183257
v 0.469671 0.101121 0.194544
v 0.478872 -0.000000 0.198355
v 0.469671 -0.101121 0.194544
v 0.442420 -0.198355 0.183257
v 0.398168 -0.287968 0.164927
v 0.338614 -0.366513 0.140258
v 0.266047 -0.430974 0.110200
v 0.183257 -0.478873 0.075907
v 0.093423 -0.508368 0.038697
v 0.084079 0.508368 0.056180
v 0.164927 0.478873 0.110200
v 0.239436 0.430974 0.159986
v 0.304745 0.366513 0.203624
v 0.358341 0.287968 0.239436
v 0.398168 0.198355 0.266047
v 0.422693 0.101121 0.282434
v 0.430974 -0.000000 0.287968
v 0.422693 -0.101121 0.282434
v 0.398168 -0.198355 0.266047
v 0.358341 -0.287968 0.239436
v 0.304745 -0.366513 0.203624
v 0.239436 -0.430974 0.159986
v 0.164927 -0.478873 0.110200
v 0.084079 -0.508368 0.056180
v 0.071503 0.508368 0.071503
v 0.140258 0.478873 0.140259
v 0.203624 0.430974 0.203624
v 0.259164 0.366513 0.259164
v 0.304744 0.287968 0.304744
v 0.338614 0.198355 0.338614
v 0.359471 0.101121 0.359471
v 0.366513 -0.000000 0.366513
v 0.359471 -0.101121 0.359471
v 0.338614 -0.198355 0.338614
v 0.304744 -0.287968 0.304744
v 0.259164 -0.366513 0.259164
v 0.203624 -0.430974 0.203624
v 0.140258 -0.478873 0.140259
v 0.071503 -0.508368 0.071503
v 0.056180 0.508368 0.084079
v 0.110200 0.478873 0.164927
v 0.159986 0.430974 0.239436
v 0.203624 0.366513 0.304744
v 0.239436 0.287968 0.358342
v 0.266047 0.198355 0.398168
v 0.282434 0.101121 0.422693
v 0.287967 -0.000000 0.430974
v 0.282434 -0.101121 0.422693
v 0.266047 -0.198355 0.398168
v 0.239436 -0.287968 0.358342
v 0.203624 -0.366513 0.304744
v 0.159986 -0.430974 0.239436
v 0.110200 -0.478873 0.164927
v 0.056180 -0.508368 0.084079
v 0.038697 0.508368 0.093423
v 0.075907 0.478873 0.183257
v 0.110200 0.430974 0.266047
v 0.140258 0.366513 0.338614
v 0.164926 0.287968 0.398168
v 0.183257 0.198355 0.442420
v 0.194544 0.101121 0.469671
v 0.198355 -0.000000 0.478872
v 0.194544 -0.101121 0.469671
v 0.183257 -0.198355 0.442420
v 0.164926 -0.287968 0.398168
v 0.140258 -0.366513 0.338614
v 0.110200 -0.430974 0.266047
v 0.075907 -0.478873 0.183257
v 0.038697 -0.508368 0.093423
v 0.019728 0.508368 0.099178
v 0.038697 0.478873 0.194544
v 0.056180 0.430974 0.282434
v 0.071503 0.366513 0.359471
v 0.084079 0.287968 0.422693
v 0.093423 0.198355 0.469671
v 0.099178 0.101121 0.498600
v 0.101121 -0.000000 0.508368
v 0.099178 -0.101121 0.498600
v 0.093423 -0.198355 0.469671
v 0.084079 -0.287968 0.422693
v 0.071503 -0.366513 0.359471
v 0.056180 -0.430974 0.282434
v 0.038697 -0.478873 0.194544
v 0.019728 -0.508368 0.099178
v -0.000000 0.508368 0.101121
v -0.000000 0.478873 0.198355
v -0.000000 0.430974 0.287967
v -0.000000 0.366513 0.366513
v -0.000000 0.287968 0.430974
v -0.000000 0.198355 0.478872
v -0.000000 0.101121 0.508368
v -0.000000 -0.000000 0.518328
v -0.000000 -0.101121 0.508368
v -0.000000 -0.198355 0.478872
v -0.000000 -0.287968 0.430974
v -0.000000 -0.366513 0.366513
v -0.000000 -0.430974 0.287967
v -0.000000 -0.478873 0.198355
v -0.000000 -0.508368 0.101121
v -0.019728 0.508368 0.099178
v -0.038697 0.478873 0.194544
v -0.056180 0.430974 0.282434
v -0.071503 0.366513 0.359471
v -0.084079 0.287968 0.422693
v -0.093423 0.198355 0.469671
v -0.099178 0.101121 0.498600
v -0.101121 -0.000000 0.508368
v -0.099178 -0.101121 0.498600
v -0.093423 -0.198355 0.469671
v -0.084079 -0.287968 0.422693
v -0.071503 -0.366513 0.359471
v -0.056180 -0.430974 0.282434
v -0.038697 -0.478873 0.194544
v -0.019728 -0.508368 0.099178
v -0.038697 0.508368 0.093423
v -0.075907 0.478873 0.183257
v -0.110200 0.430974 0.266047
v -0.140259 0.366513 0.338614
v -0.164927 0.287968 0.398168
v -0.183256 0.198355 0.442420
v -0.194544 0.101121 0.469671
v -0.198356 -0.000000 0.478872
v -0.194544 -0.101121 0.469671
v -0.183256 -0.198355 0.442420
v -0.164927 -0.287968 0.398168
v -0.140259 -0.366513 0.338614
v -0.110200 -0.430974 0.266047
v -0.075907 -0.478873 0.183257
v -0.038697 -0.508368 0.093423
v -0.056180 0.508368 0.084079
v -0.110200 0.478873 0.164926
v -0.159986 0.430974 0.239436
v -0.203624 0.366513 0.304744
v -0.239436 0.287968 0.358341
v -0.266047 0.198355 0.398168
v -0.282434 0.101121 0.422693
v -0.287968 -0.000000 0.430973
v -0.282434 -0.101121 0.422693
v -0.266047 -0.198355 0.398168
v -0.239436 -0.287968 0.358341
v -0.203624 -0.366513 0.304744
v -0.159986 -0.430974 0.239436
v -0.110200 -0.478873 0.164926
v -0.056180 -0.508368 0.084079
v -0.071503 0.508368 0.071503
v -0.140259 0.478873 0.140258
v -0.203624 0.430974 0.203624
v -0.259164 0.366513 0.259164
v -0.304744 0.287968 0.304744
v -0.338614 0.198355 0.338614
v -0.359471 0.101121 0.359471
v -0.366513 -0.000000 0.366513
v -0.359471 -0.101121 0.359471
v -0.338614 -0.198355 0.338614
v -0.304744 -0.287968 0.304744
v -0.259164 -0.366513 0.259164
v -0.203624 -0.430974 0.203624
v -0.140259 -0.478873 0.140258
v -0.071503 -0.508368 0.071503
v -0.084079 0.508368 0.056180
v -0.164927 0.478873 0.110200
v -0.239436 0.430974 0.159986
v -0.304745 0.366513 0.203624
v -0.358342 0.287968 0.239436
v -0.398168 0.198355 0.266047
v -0.422693 0.101121 0.282434
v -0.430974 -0.000000 0.287967
v -0.422693 -0.101121 0.282434
v -0.398168 -0.198355 0.266047
v -0.358342 -0.287968 0.239436
v -0.304745 -0.366513 0.203624
v -0.239436 -0.430974 0.159986
v -0.164927 -0.478873 0.110200
v -0.084079 -0.508368 0.056180
v -0.093423 0.508368 0.038697
v -0.183257 0.478873 0.075907
v -0.266047 0.430974 0.110200
v -0.338614 0.366513 0.140258
v -0.398168 0.287968 0.164926
v -0.442420 0.198355 0.183256
v -0.469671 0.101121 0.194544
v -0.478872 -0.000000 0.198355
v -0.469671 -0.101121 0.194544
v -0.442420 -0.198355 0.183256
v -0.398168 -0.287968 0.164926
v -0.338614 -0.366513 0.140258
v -0.266047 -0.430974 0.110200
v -0.183257 -0.478873 0.075907
v -0.093423 -0.508368 0.038697
v -0.099178 0.508368 0.019728
v -0.194544 0.478873 0.038697
v -0.282434 0.430974 0.056180
v -0.359471 0.366513 0.071503
v -0.422693 0.287968 0.084079
v -0.469671 0.198355 0.093423
v -0.498600 0.101121 0.099178
v -0.508368 -0.000000 0.101120
v -0.498600 -0.101121 0.099178
v -0.469671 -0.198355 0.093423
v -0.422693 -0.287968 0.084079
v -0.359471 -0.366513 0.071503
v -0.282434 -0.430974 0.056180
v -0.194544 -0.478873 0.038697
v -0.099178 -0.508368 0.019728
v -0.101121 0.508368 -0.000000
v -0.198355 0.478873 -0.000000
v -0.287967 0.430974 -0.000000
v -0.366513 0.366513 -0.000000
v -0.430974 0.287968 -0.000000
v -0.478872 0.198355 -0.000000
v -0.508368 0.101121 -0.000000
v -0.518327 -0.000000 -0.000000
v -0.508368 -0.101121 -0.000000
v -0.478872 -0.198355 -0.000000
v -0.430974 -0.287968 -0.000000
v -0.366513 -0.366513 -0.000000
v -0.287967 -0.430974 -0.000000
v -0.198355 -0.478873 -0.000000
v -0.101121 -0.508368 -0.000000
v -0.099178 0.508368 -0.019728
v -0.194544 0.478873 -0.038697
v -0.282434 0.430974 -0.056180
v -0.359471 0.366513 -0.071503
v -0.422693 0.287968 -0.084079
v -0.469671 0.198355 -0.093423
v -0.498600 0.101121 -0.099178
v -0.508368 -0.000000 -0.101121
v -0.498600 -0.101121 -0.099178
v -0.469671 -0.198355 -0.093423
v -0.422693 -0.287968 -0.084079
v -0.359471 -0.366513 -0.071503
v -0.282434 -0.430974 -0.056180
v -0.194544 -0.478873 -0.038697
v -0.099178 -0.508368 -0.019728
v -0.093423 0.508368 -0.038697
v -0.183256 0.478873 -0.075907
v -0.266047 0.430974 -0.110200
v -0.338614 0.366513 -0.140259
v -0.398168 0.287968 -0.164927
v -0.442420 0.198355 -0.183257
v -0.469671 0.101121 -0.194544
v -0.478872 -0.000000 -0.198356
v -0.469671 -0.101121 -0.194544
v -0.442420 -0.198355 -0.183257
v -0.398168 -0.287968 -0.164927
v -0.338614 -0.366513 -0.140259
v -0.266047 -0.430974 -0.110200
v -0.183256 -0.478873 -0.075907
v -0.093423 -0.508368 -0.038697
v -0.084079 0.508368 -0.056180
v -0.164926 0.478873 -0.110200
v -0.239436 0.430974 -0.159986
v -0.304744 0.366513 -0.203624
v -0.358341 0.287968 -0.239436
v -0.398168 0.198355 -0.266047
v -0.422693 0.101121 -0.282434
v -0.430973 -0.000000 -0.287968
v -0.422693 -0.101121 -0.282434
v -0.398168 -0.198355 -0.266047
v -0.358341 -0.287968 -0.239436
v -0.304744 -0.366513 -0.203624
v -0.239436 -0.430974 -0.159986
v -0.164926 -0.478873 -0.110200
v -0.084079 -0.508368 -0.056180
v -0.071503 0.508368 -0.071503
v -0.140258 0.478873 -0.140258
v -0.203624 0.430974 -0.203624
v -0.259164 0.366513 -0.259164
v -0.304744 0.287968 -0.304745
v -0.338614 0.198355 -0.338614
v -0.359471 0.101121 -0.359471
v -0.366513 -0.000000 -0.366513
v -0.359471 -0.101121 -0.359471
v -0.338614 -0.198355 -0.338614
v -0.304744 -0.287968 -0.304745
v -0.259164 -0.366513 -0.259164
v -0.203624 -0.430974 -0.203624
v -0.140258 -0.478873 -0.140258
v -0.071503 -0.508368 -0.071503
v -0.056180 0.508368 -0.084079
v -0.110200 0.478873 -0.164927
v -0.159986 0.430974 -0.239436
v -0.203624 0.366513 -0.304745
v -0.239436 0.287968 -0.358341
v -0.266047 0.198355 -0.398168
v -0.282434 0.101121 -0.422693
v -0.287967 -0.000000 -0.430974
v -0.282434 -0.101121 -0.422693
v -0.266047 -0.198355 -0.398168
v -0.239436 -0.287968 -0.358341
v -0.203624 -0.366513 -0.304745
v -0.159986 -0.430974 -0.239436
v -0.110200 -0.478873 -0.164927
v -0.056180 -0.508368 -0.084079
v -0.038697 0.508368 -0.093423
v -0.075907 0.478873 -0.183257
v -0.110200 0.430974 -0.266047
v -0.140258 0.366513 -0.338614
v -0.164926 0.287968 -0.398168
v -0.183256 0.198355 -0.442420
v -0.194544 0.101121 -0.469671
v -0.198355 -0.000000 -0.478872
v -0.194544 -0.101121 -0.469671
v -0.183256 -0.198355 -0.442420
v -0.164926 -0.287968 -0.398168
v -0.140258 -0.366513 -0.338614
v -0.110200 -0.430974 -0.266047
v -0.075907 -0.478873 -0.183257
v -0.038697 -0.508368 -0.093423
v -0.019728 0.508368 -0.099178
v -0.038697 0.478873 -0.194544
v -0.056180 0.430974 -0.282434
v -0.071503 0.366513 -0.359471
v -0.084079 0.287968 -0.422693
v -0.093423 0.198355 -0.469671
v -0.099178 0.101121 -0.498600
v -0.101120 -0.000000 -0.508368
v -0.099178 -0.101121 -0.498600
v -0.093423 -0.198355 -0.469671
v -0.084079 -0.287968 -0.422693
v -0.071503 -0.366513 -0.359471
v -0.056180 -0.430974 -0.282434
v -0.038697 -0.478873 -0.194544
v -0.019728 -0.508368 -0.099178
v -0.000000 0.508368 -0.101121
v 0.000000 0.478873 -0.198355
v 0.000000 0.366513 -0.366513
v 0.000000 0.198355 -0.478872
v 0.000000 -0.198355 -0.478872
v 0.000000 -0.366513 -0.366513
v 0.000000 -0.430974 -0.287967
v 0.000000 -0.478873 -0.198355
v -0.000000 -0.508368 -0.101121
v -0.000000 0.946854 -0.000000
v -0.000000 0.787280 -0.526044
v -0.000000 0.526044 -0.787281
v -0.000000 0.184722 -0.928661
v -0.000000 -0.000000 -0.946854
v -0.000000 -0.184722 -0.928661
v -0.000000 -0.526044 -0.787281
v -0.000000 -0.946854 -0.000000
v 0.036037 0.928661 -0.181173
v 0.070690 0.874779 -0.355383
v 0.102626 0.787280 -0.515936
v 0.130618 0.669527 -0.656662
v 0.153591 0.526044 -0.772153
v 0.170661 0.362345 -0.857971
v 0.181173 0.184722 -0.910817
v 0.184722 -0.000000 -0.928661
v 0.181173 -0.184722 -0.910817
v 0.170661 -0.362345 -0.857971
v 0.153591 -0.526044 -0.772153
v 0.130618 -0.669527 -0.656662
v 0.102626 -0.787280 -0.515936
v 0.070690 -0.874779 -0.355383
v 0.036037 -0.928661 -0.181173
v 0.070690 0.928661 -0.170661
v 0.138664 0.874779 -0.334764
v 0.201308 0.787280 -0.486001
v 0.256217 0.669527 -0.618562
v 0.301279 0.526044 -0.727352
v 0.334763 0.362345 -0.808191
v 0.355383 0.184722 -0.857971
v 0.362345 -0.000000 -0.874779
v 0.355383 -0.184722 -0.857971
v 0.334763 -0.362345 -0.808191
v 0.301279 -0.526044 -0.727352
v 0.256217 -0.669527 -0.618562
v 0.201308 -0.787280 -0.486001
v 0.138664 -0.874779 -0.334764
v 0.070690 -0.928661 -0.170661
v 0.102626 0.928661 -0.153591
v 0.201308 0.874779 -0.301279
v 0.292254 0.787280 -0.437390
v 0.371969 0.669527 -0.556691
v 0.437389 0.526044 -0.654600
v 0.486001 0.362345 -0.727352
v 0.515936 0.184722 -0.772153
v 0.526044 -0.000000 -0.787281
v 0.515936 -0.184722 -0.772153
v 0.486001 -0.362345 -0.727352
v 0.437389 -0.526044 -0.654600
v 0.371969 -0.669527 -0.556691
v 0.292254 -0.787280 -0.437390
v 0.201308 -0.874779 -0.301279
v 0.102626 -0.928661 -0.153591
v 0.130618 0.928661 -0.130618
v 0.256217 0.874779 -0.256217
v 0.371969 0.787280 -0.371969
v 0.473427 0.669527 -0.473427
v 0.556691 0.526044 -0.556691
v 0.618562 0.362345 -0.618562
v 0.656662 0.184722 -0.656662
v 0.669527 -0.000000 -0.669527
v 0.656662 -0.184722 -0.656662
v 0.618562 -0.362345 -0.618562
v 0.556691 -0.526044 -0.556691
v 0.473427 -0.669527 -0.473427
v 0.371969 -0.787280 -0.371969
v 0.256217 -0.874779 -0.256217
v 0.130618 -0.928661 -0.130618
v 0.153591 0.928661 -0.102626
v 0.301279 0.874779 -0.201308
v 0.437390 0.787280 -0.292254
v 0.556691 0.669527 -0.371969
v 0.654600 0.526044 -0.437389
v 0.727352 0.362345 -0.486001
v 0.772153 0.184722 -0.515936
v 0.787280 -0.000000 -0.526044
v 0.772153 -0.184722 -0.515936
v 0.727352 -0.362345 -0.486001
v 0.654600 -0.526044 -0.437389
v 0.556691 -0.669527 -0.371969
v 0.437390 -0.787280 -0.292254
v 0.301279 -0.874779 -0.201308
v 0.153591 -0.928661 -0.102626
v 0.170661 0.928661 -0.070690
v 0.334763 0.874779 -0.138664
v 0.486001 0.787280 -0.201308
v 0.618562 0.669527 -0.256217
v 0.727352 0.526044 -0.301279
v 0.808190 0.362345 -0.334764
v 0.857970 0.184722 -0.355383
v 0.874779 -0.000000 -0.362345
v 0.857970 -0.184722 -0.355383
v 0.808190 -0.362345 -0.334764
v 0.727352 -0.526044 -0.301279
v 0.618562 -0.669527 -0.256217
v 0.486001 -0.787280 -0.201308
v 0.334763 -0.874779 -0.138664
v 0.170661 -0.928661 -0.070690
v 0.181173 0.928661 -0.036038
v 0.355383 0.874779 -0.070690
v 0.515936 0.787280 -0.102626
v 0.656662 0.669527 -0.130618
v 0.772153 0.526044 -0.153591
v 0.857970 0.362345 -0.170661
v 0.910816 0.184722 -0.181173
v 0.928660 -0.000000 -0.184722
v 0.910816 -0.184722 -0.181173
v 0.857970 -0.362345 -0.170661
v 0.772153 -0.526044 -0.153591
v 0.656662 -0.669527 -0.130618
v 0.515936 -0.787280 -0.102626
v 0.355383 -0.874779 -0.070690
v 0.181173 -0.928661 -0.036038
v 0.184722 0.928661 -0.000000
v 0.362345 0.874779 -0.000000
v 0.526044 0.787280 0.000000
v 0.669527 0.669527 -0.000000
v 0.787280 0.526044 0.000000
v 0.874779 0.362345 -0.000000
v 0.928661 0.184722 0.000000
v 0.946854 -0.000000 0.000000
v 0.928661 -0.184722 0.000000
v 0.874779 -0.362345 -0.000000
v 0.787280 -0.526044 0.000000
v 0.669527 -0.669527 -0.000000
v 0.526044 -0.787280 0.000000
v 0.362345 -0.874779 -0.000000
v 0.184722 -0.928661 -0.000000
v 0.181173 0.928661 0.036037
v 0.355383 0.874779 0.070690
v 0.515936 0.787280 0.102626
v 0.656662 0.669527 0.130618
v 0.772153 0.526044 0.153591
v 0.857970 0.362345 0.170661
v 0.910816 0.184722 0.181173
v 0.928660 -0.000000 0.184722
v 0.910816 -0.184722 0.181173
v 0.857970 -0.362345 0.170661
v 0.772153 -0.526044 0.153591
v 0.656662 -0.669527 0.130618
v 0.515936 -0.787280 0.102626
v 0.355383 -0.874779 0.070690
v 0.181173 -0.928661 0.036037
v 0.170661 0.928661 0.070690
v 0.334763 0.874779 0.138664
v 0.486001 0.787280 0.201308
v 0.618562 0.669527 0.256217
v 0.727352 0.526044 0.301279
v 0.808190 0.362345 0.334763
v 0.857970 0.184722 0.355383
v 0.874779 -0.000000 0.362345
v 0.857970 -0.184722 0.355383
v 0.808190 -0.362345 0.334763
v 0.727352 -0.526044 0.301279
v 0.618562 -0.669527 0.256217
v 0.486001 -0.787280 0.201308
v 0.334763 -0.874779 0.138664
v 0.170661 -0.928661 0.070690
v 0.153591 0.928661 0.102626
v 0.301279 0.874779 0.201308
v 0.437389 0.787280 0.292254
v 0.556691 0.669527 0.371969
v 0.654599 0.526044 0.437389
v 0.727352 0.362345 0.486001
v 0.772153 0.184722 0.515936
v 0.787280 -0.000000 0.526044
v 0.772153 -0.184722 0.515936
v 0.727352 -0.362345 0.486001
v 0.654599 -0.526044 0.437389
v 0.556691 -0.669527 0.371969
v 0.437389 -0.787280 0.292254
v 0.301279 -0.874779 0.201308
v 0.153591 -0.928661 0.102626
v 0.130618 0.928661 0.130618
v 0.256217 0.874779 0.256217
v 0.371969 0.787280 0.371969
v 0.473427 0.669527 0.473427
v 0.556691 0.526044 0.556691
v 0.618562 0.362345 0.618562
v 0.656662 0.184722 0.656662
v 0.669526 -0.000000 0.669527
v 0.656662 -0.184722 0.656662
v 0.618562 -0.362345 0.618562
v 0.556691 -0.526044 0.556691
v 0.473427 -0.669527 0.473427
v 0.371969 -0.787280 0.371969
v 0.256217 -0.874779 0.256217
v 0.130618 -0.928661 0.130618
v 0.102626 0.928661 0.153591
v 0.201308 0.874779 0.301279
v 0.292254 0.787280 0.437389
v 0.371969 0.669527 0.556691
v 0.437389 0.526044 0.654600
v 0.486001 0.362345 0.727352
v 0.515936 0.184722 0.772153
v 0.526043 -0.000000 0.787280
v 0.515936 -0.184722 0.772153
v 0.486001 -0.362345 0.727352
v 0.437389 -0.526044 0.654600
v 0.371969 -0.669527 0.556691
v 0.292254 -0.787280 0.437389
v 0.201308 -0.874779 0.301279
v 0.102626 -0.928661 0.153591
v 0.070690 0.928661 0.170661
v 0.138663 0.874779 0.334763
v 0.201308 0.787280 0.486001
v 0.256217 0.669527 0.618562
v 0.301279 0.526044 0.727352
v 0.334763 0.362345 0.808190
v 0.355383 0.184722 0.857970
v 0.362345 -0.000000 0.874779
v 0.355383 -0.184722 0.857970
v 0.334763 -0.362345 0.808190
v 0.301279 -0.526044 0.727352
v 0.256217 -0.669527 0.618562
v 0.201308 -0.787280 0.486001
v 0.138663 -0.874779 0.334763
v 0.070690 -0.928661 0.170661
v 0.036037 0.928661 0.181173
v 0.070690 0.874779 0.355383
v 0.102626 0.787280 0.515936
v 0.130618 0.669527 0.656662
v 0.153591 0.526044 0.772153
v 0.170661 0.362345 0.857970
v 0.181173 0.184722 0.910816
v 0.184722 -0.000000 0.928660
v 0.181173 -0.184722 0.910816
v 0.170661 -0.362345 0.857970
v 0.153591 -0.526044 0.772153
v 0.130618 -0.669527 0.656662
v 0.102626 -0.787280 0.515936
v 0.070690 -0.874779 0.355383
v 0.036037 -0.928661 0.181173
v -0.000000 0.928661 0.184722
v -0.000000 0.874779 0.362345
v -0.000000 0.787280 0.526044
v -0.000000 0.669527 0.669527
v -0.000000 0.526044 0.787280
v -0.000000 0.362345 0.874779
v -0.000000 0.184722 0.928660
v -0.000000 -0.000000 0.946854
v -0.000000 -0.184722 0.928660
v -0.000000 -0.362345 0.874779
v -0.000000 -0.526044 0.787280
v -0.000000 -0.669527 0.669527
v -0.000000 -0.787280 0.526044
v -0.000000 -0.874779 0.362345
v -0.000000 -0.928661 0.184722
v -0.036038 0.928661 0.181173
v -0.070690 0.874779 0.355383
v -0.102626 0.787280 0.515936
v -0.130618 0.669527 0.656662
v -0.153591 0.526044 0.772153
v -0.170661 0.362345 0.857970
v -0.181173 0.184722 0.910816
v -0.184722 -0.000000 0.928660
v -0.181173 -0.184722 0.910816
v -0.170661 -0.362345 0.857970
v -0.153591 -0.526044 0.772153
v -0.130618 -0.669527 0.656662
v -0.102626 -0.787280 0.515936
v -0.070690 -0.874779 0.355383
v -0.036038 -0.928661 0.181173
v -0.070690 0.928661 0.170661
v -0.138664 0.874779 0.334763
v -0.201308 0.787280 0.486001
v -0.256217 0.669527 0.618562
v -0.301279 0.526044 0.727352
v -0.334763 0.362345 0.808190
v -0.355383 0.184722 0.857970
v -0.362345 -0.000000 0.874778
v -0.355383 -0.184722 0.857970
v -0.334763 -0.362345 0.808190
v -0.301279 -0.526044 0.727352
v -0.256217 -0.669527 0.618562
v -0.201308 -0.787280 0.486001
v -0.138664 -0.874779 0.334763
v -0.070690 -0.928661 0.170661
v -0.102626 0.928661 0.153591
v -0.201308 0.874779 0.301279
v -0.292254 0.787280 0.437389
v -0.371969 0.669527 0.556691
v -0.437389 0.526044 0.654599
v -0.486001 0.362345 0.727352
v -0.515936 0.184722 0.772153
v -0.526044 -0.000000 0.787280
v -0.515936 -0.184722 0.772153
v -0.486001 -0.362345 0.727352
v -0.437389 -0.526044 0.654599
v -0.371969 -0.669527 0.556691
v -0.292254 -0.787280 0.437389
v -0.201308 -0.874779 0.301279
v -0.102626 -0.928661 0.153591
v -0.130618 0.928661 0.130618
v -0.256217 0.874779 0.256217
v -0.371969 0.787280 0.371969
v -0.473427 0.669527 0.473427
v -0.556691 0.526044 0.556691
v -0.618562 0.362345 0.618562
v -0.656662 0.184722 0.656662
v -0.669527 -0.000000 0.669526
v -0.656662 -0.184722 0.656662
v -0.618562 -0.362345 0.618562
v -0.556691 -0.526044 0.556691
v -0.473427 -0.669527 0.473427
v -0.371969 -0.787280 0.371969
v -0.256217 -0.874779 0.256217
v -0.130618 -0.928661 0.130618
v -0.153591 0.928661 0.102626
v -0.301279 0.874779 0.201308
v -0.437389 0.787280 0.292254
v -0.556691 0.669527 0.371969
v -0.654600 0.526044 0.437389
v -0.727352 0.362345 0.486001
v -0.772153 0.184722 0.515936
v -0.787280 -0.000000 0.526043
v -0.772153 -0.184722 0.515936
v -0.727352 -0.362345 0.486001
v -0.654600 -0.526044 0.437389
v -0.556691 -0.669527 0.371969
v -0.437389 -0.787280 0.292254
v -0.301279 -0.874779 0.201308
v -0.153591 -0.928661 0.102626
v -0.170661 0.928661 0.070690
v -0.334763 0.874779 0.138663
v -0.486001 0.787280 0.201308
v -0.618562 0.669527 0.256217
v -0.727352 0.526044 0.301279
v -0.808190 0.362345 0.334763
v -0.857971 0.184722 0.355383
v -0.874779 -0.000000 0.362345
v -0.857971 -0.184722 0.355383
v -0.808190 -0.362345 0.334763
v -0.727352 -0.526044 0.301279
v -0.618562 -0.669527 0.256217
v -0.486001 -0.787280 0.201308
v -0.334763 -0.874779 0.138663
v -0.170661 -0.928661 0.070690
v -0.181173 0.928661 0.036037
v -0.355383 0.874779 0.070690
v -0.515936 0.787280 0.102626
v -0.656662 0.669527 0.130618
v -0.772153 0.526044 0.153591
v -0.857971 0.362345 0.170661
v -0.910817 0.184722 0.181172
v -0.928660 -0.000000 0.184721
v -0.910817 -0.184722 0.181172
v -0.857971 -0.362345 0.170661
v -0.772153 -0.526044 0.153591
v -0.656662 -0.669527 0.130618
v -0.515936 -0.787280 0.102626
v -0.355383 -0.874779 0.070690
v -0.181173 -0.928661 0.036037
v -0.184722 0.928661 -0.000000
v -0.362345 0.874779 -0.000000
v -0.526044 0.787280 -0.000000
v -0.669527 0.669527 -0.000000
v -0.787280 0.526044 -0.000000
v -0.874779 0.362345 -0.000000
v -0.928660 0.184722 -0.000000
v -0.946854 -0.000000 -0.000000
v -0.928660 -0.184722 -0.000000
v -0.874779 -0.362345 -0.000000
v -0.787280 -0.526044 -0.000000
v -0.669527 -0.669527 -0.000000
v -0.526044 -0.787280 -0.000000
v -0.362345 -0.874779 -0.000000
v -0.184722 -0.928661 -0.000000
v -0.181173 0.928661 -0.036038
v -0.355383 0.874779 -0.070690
v -0.515936 0.787280 -0.102626
v -0.656662 0.669527 -0.130618
v -0.772153 0.526044 -0.153591
v -0.857971 0.362345 -0.170661
v -0.910816 0.184722 -0.181173
v -0.928660 -0.000000 -0.184722
v -0.910816 -0.184722 -0.181173
v -0.857971 -0.362345 -0.170661
v -0.772153 -0.526044 -0.153591
v -0.656662 -0.669527 -0.130618
v -0.515936 -0.787280 -0.102626
v -0.355383 -0.874779 -0.070690
v -0.181173 -0.928661 -0.036038
v -0.170661 0.928661 -0.070690
v -0.334763 0.874779 -0.138664
v -0.486001 0.787280 -0.201308
v -0.618562 0.669527 -0.256217
v -0.727352 0.526044 -0.301279
v -0.808190 0.362345 -0.334763
v -0.857970 0.184722 -0.355383
v -0.874778 -0.000000 -0.362345
v -0.857970 -0.184722 -0.355383
v -0.808190 -0.362345 -0.334763
v -0.727352 -0.526044 -0.301279
v -0.618562 -0.669527 -0.256217
v -0.486001 -0.787280 -0.201308
v -0.334763 -0.874779 -0.138664
v -0.170661 -0.928661 -0.070690
v -0.153591 0.928661 -0.102626
v -0.301279 0.874779 -0.201308
v -0.437389 0.787280 -0.292254
v -0.556691 0.669527 -0.371969
v -0.654599 0.526044 -0.437389
v -0.727352 0.362345 -0.486001
v -0.772153 0.184722 -0.515936
v -0.787280 -0.000000 -0.526044
v -0.772153 -0.184722 -0.515936
v -0.727352 -0.362345 -0.486001
v -0.654599 -0.526044 -0.437389
v -0.556691 -0.669527 -0.371969
v -0.437389 -0.787280 -0.292254
v -0.301279 -0.874779 -0.201308
v -0.153591 -0.928661 -0.102626
v -0.130618 0.928661 -0.130618
v -0.256217 0.874779 -0.256217
v -0.371969 0.787280 -0.371969
v -0.473427 0.669527 -0.473427
v -0.556691 0.526044 -0.556691
v -0.618562 0.362345 -0.618562
v -0.656662 0.184722 -0.656662
v -0.669526 -0.000000 -0.669527
v -0.656662 -0.184722 -0.656662
v -0.618562 -0.362345 -0.618562
v -0.556691 -0.526044 -0.556691
v -0.473427 -0.669527 -0.473427
v -0.371969 -0.787280 -0.371969
v -0.256217 -0.874779 -0.256217
v -0.130618 -0.928661 -0.130618
v -0.102626 0.928661 -0.153591
v -0.201308 0.874779 -0.301279
v -0.292254 0.787280 -0.437389
v -0.371969 0.669527 -0.556691
v -0.437389 0.526044 -0.654599
v -0.486001 0.362345 -0.727352
v -0.515936 0.184722 -0.772153
v -0.526043 -0.000000 -0.787280
v -0.515936 -0.184722 -0.772153
v -0.486001 -0.362345 -0.727352
v -0.437389 -0.526044 -0.654599
v -0.371969 -0.669527 -0.556691
v -0.292254 -0.787280 -0.437389
v -0.201308 -0.874779 -0.301279
v -0.102626 -0.928661 -0.153591
v -0.070690 0.928661 -0.170661
v -0.138664 0.874779 -0.334763
v -0.201308 0.787280 -0.486001
v -0.256217 0.669527 -0.618562
v -0.301279 0.526044 -0.727352
v -0.334763 0.362345 -0.808190
v -0.355383 0.184722 -0.857970
v -0.362345 -0.000000 -0.874778
v -0.355383 -0.184722 -0.857970
v -0.334763 -0.362345 -0.808190
v -0.301279 -0.526044 -0.727352
v -0.256217 -0.669527 -0.618562
v -0.201308 -0.787280 -0.486001
v -0.138664 -0.874779 -0.334763
v -0.070690 -0.928661 -0.170661
v -0.036038 0.928661 -0.181173
v -0.070690 0.874779 -0.355383
v -0.102626 0.787280 -0.515936
v -0.130618 0.669527 -0.656662
v -0.153591 0.526044 -0.772153
v -0.170661 0.362345 -0.857970
v -0.181172 0.184722 -0.910816
v -0.184722 -0.000000 -0.928660
v -0.181172 -0.184722 -0.910816
v -0.170661 -0.362345 -0.857970
v -0.153591 -0.526044 -0.772153
v -0.130618 -0.669527 -0.656662
v -0.102626 -0.787280 -0.515936
v -0.070690 -0.874779 -0.355383
v -0.036038 -0.928661 -0.181173
v -0.000000 0.928661 -0.184722
v 0.000000 0.874779 -0.362345
v 0.000000 0.669527 -0.669527
v -0.000000 0.362345 -0.874779
v -0.000000 -0.362345 -0.874779
v 0.000000 -0.669527 -0.669527
v 0.000000 -0.787280 -0.526043
v 0.000000 -0.874779 -0.362345
v -0.000000 -0.928661 -0.184722
vn -0.0000 1.0000 -0.0000
vn -0.0000 0.8286 -0.5598
vn -0.0000 0.5528 -0.8333
vn -0.0000 0.1939 -0.9810
vn -0.0000 -0.0000 -1.0000
vn -0.0000 -0.1939 -0.9810
vn -0.0000 -0.5528 -0.8333
vn -0.0000 -1.0000 -0.0000
vn 0.0392 0.9796 -0.1971
vn 0.0757 0.9217 -0.3804
vn 0.1092 0.8286 -0.5490
vn 0.1385 0.7041 -0.6965
vn 0.1626 0.5528 -0.8173
vn 0.1804 0.3805 -0.9070
vn 0.1914 0.1939 -0.9622
vn 0.1951 -0.0000 -0.9808
vn 0.1914 -0.1939 -0.9622
vn 0.1804 -0.3805 -0.9070
vn 0.1626 -0.5528 -0.8173
vn 0.1385 -0.7041 -0.6965
vn 0.1092 -0.8286 -0.5490
vn 0.0757 -0.9217 -0.3804
vn 0.0392 -0.9796 -0.1971
vn 0.0769 0.9796 -0.1857
vn 0.1484 0.9217 -0.3584
vn 0.2142 0.8286 -0.5172
vn 0.2718 0.7041 -0.6561
vn 0.3189 0.5528 -0.7699
vn 0.3539 0.3805 -0.8544
vn 0.3754 0.1939 -0.9063
vn 0.3827 -0.0000 -0.9239
vn 0.3754 -0.1939 -0.9063
vn 0.3539 -0.3805 -0.8544
vn 0.3189 -0.5528 -0.7699
vn 0.2718 -0.7041 -0.6561
vn 0.2142 -0.8286 -0.5172
vn 0.1484 -0.9217 -0.3584
vn 0.0769 -0.9796 -0.1857
vn 0.1117 0.9796 -0.1671
vn 0.2155 0.9217 -0.3225
vn 0.3110 0.8286 -0.4654
vn 0.3945 0.7041 -0.5905
vn 0.4630 0.5528 -0.6929
vn 0.5138 0.3805 -0.7689
vn 0.5450 0.1939 -0.8157
vn 0.5556 -0.0000 -0.8315
vn 0.5450 -0.1939 -0.8157
vn 0.5138 -0.3805 -0.7689
vn 0.4630 -0.5528 -0.6929
vn 0.3945 -0.7041 -0.5905
vn 0.3110 -0.8286 -0.4654
vn 0.2155 -0.9217 -0.3225
vn 0.1117 -0.9796 -0.1671
vn 0.1421 0.9796 -0.1421
vn 0.2743 0.9217 -0.2743
vn 0.3958 0.8286 -0.3958
vn 0.5021 0.7041 -0.5021
vn 0.5893 0.5528 -0.5893
vn 0.6539 0.3805 -0.6539
vn 0.6937 0.1939 -0.6937
vn 0.7071 -0.0000 -0.7071
vn 0.6937 -0.1939 -0.6937
vn 0.6539 -0.3805 -0.6539
vn 0.5893 -0.5528 -0.5893
vn 0.5021 -0.7041 -0.5021
vn 0.3958 -0.8286 -0.3958
vn 0.2743 -0.9217 -0.2743
vn 0.1421 -0.9796 -0.1421
vn 0.1671 0.9796 -0.1117
vn 0.3225 0.9217 -0.2155
vn 0.4654 0.8286 -0.3110
vn 0.5905 0.7041 -0.3945
vn 0.6929 0.5528 -0.4630
vn 0.7689 0.3805 -0.5138
vn 0.8157 0.1939 -0.5450
vn 0.8315 -0.0000 -0.5556
vn 0.8157 -0.1939 -0.5450
vn 0.7689 -0.3805 -0.5138
vn 0.6929 -0.5528 -0.4630
vn 0.5905 -0.7041 -0.3945
vn 0.4654 -0.8286 -0.3110
vn 0.3225 -0.9217 -0.2155
vn 0.1671 -0.9796 -0.1117
vn 0.1857 0.9796 -0.0769
vn 0.3584 0.9217 -0.1484
vn 0.5172 0.8286 -0.2142
vn 0.6561 0.7041 -0.2718
vn 0.7699 0.5528 -0.3189
vn 0.8544 0.3805 -0.3539
vn 0.9063 0.1939 -0.3754
vn 0.9239 -0.0000 -0.3827
vn 0.9063 -0.1939 -0.3754
vn 0.8544 -0.3805 -0.3539
vn 0.7699 -0.5528 -0.3189
vn 0.6561 -0.7041 -0.2718
vn 0.5172 -0.8286 -0.2142
vn 0.3584 -0.9217 -0.1484
vn 0.1857 -0.9796 -0.0769
vn 0.1971 0.9796 -0.0392
vn 0.3804 0.9217 -0.0757
vn 0.5490 0.8286 -0.1092
vn 0.6965 0.7041 -0.1385
vn 0.8173 0.5528 -0.1626
vn 0.9070 0.3805 -0.1804
vn 0.9622 0.1939 -0.1914
vn 0.9808 -0.0000 -0.1951
vn 0.9622 -0.1939 -0.1914
vn 0.9070 -0.3805 -0.1804
vn 0.8173 -0.5528 -0.1626
vn 0.6965 -0.7041 -0.1385
vn 0.5490 -0.8286 -0.1092
vn 0.3804 -0.9217 -0.0757
vn 0.1971 -0.9796 -0.0392
vn 0.2010 0.9796 -0.0000
vn 0.3879 0.9217 -0.0000
vn 0.5598 0.8286 -0.0000
vn 0.7101 0.7041 -0.0000
vn 0.8333 0.5528 -0.0000
vn 0.9248 0.3805 -0.0000
vn 0.9810 0.1939 -0.0000
vn 1.0000 -0.0000 -0.0000
vn 0.9810 -0.1939 -0.0000
vn 0.9248 -0.3805 -0.0000
vn 0.8333 -0.5528 -0.0000
vn 0.7101 -0.7041 -0.0000
vn 0.5598 -0.8286 -0.0000
vn 0.3879 -0.9217 -0.0000
vn 0.2010 -0.9796 -0.0000
vn 0.1971 0.9796 0.0392
vn 0.3804 0.9217 0.0757
vn 0.5490 0.8286 0.1092
vn 0.6965 0.7041 0.1385
vn 0.8173 0.5528 0.1626
vn 0.9070 0.3805 0.1804
vn 0.9622 0.1939 0.1914
vn 0.9808 -0.0000 0.1951
vn 0.9622 -0.1939 0.1914
vn 0.9070 -0.3805 0.1804
vn 0.8173 -0.5528 0.1626
vn 0.6965 -0.7041 0.1385
vn 0.5490 -0.8286 0.1092
vn 0.3804 -0.9217 0.0757
vn 0.1971 -0.9796 0.0392
vn 0.1857 0.9796 0.0769
vn 0.3584 0.9217 0.1484
vn 0.5172 0.8286 0.2142
vn 0.6561 0.7041 0.2718
vn 0.7699 0.5528 0.3189
vn 0.8544 0.3805 0.3539
vn 0.9063 0.1939 0.3754
vn 0.9239 -0.0000 0.3827
vn 0.9063 -0.1939 0.3754
vn 0.8544 -0.3805 0.3539
vn 0.7699 -0.5528 0.3189
vn 0.6561 -0.7041 0.2718
vn 0.5172 -0.8286 0.2142
vn 0.3584 -0.9217 0.1484
vn 0.1857 -0.9796 0.0769
vn 0.1671 0.9796 0.1117
vn 0.3225 0.9217 0.2155
vn 0.4654 0.8286 0.3110
vn 0.5905 0.7041 0.3945
vn 0.6929 0.5528 0.4630
vn 0.7689 0.3805 0.5138
vn 0.8157 0.1939 0.5450
vn 0.8315 -0.0000 0.5556
vn 0.8157 -0.1939 0.5450
vn 0.7689 -0.3805 0.5138
vn 0.6929 -0.5528 0.4630
vn 0.5905 -0.7041 0.3945
vn 0.4654 -0.8286 0.3110
vn 0.3225 -0.9217 0.2155
vn 0.1671 -0.9796 0.1117
vn 0.1421 0.9796 0.1421
vn 0.2743 0.9217 0.2743
vn 0.3958 0.8286 0.3958
vn 0.5021 0.7041 0.5021
vn 0.5893 0.5528 0.5893
vn 0.6539 0.3805 0.6539
vn 0.6937 0.1939 0.6937
vn 0.7071 -0.0000 0.7071
vn 0.6937 -0.1939 0.6937
vn 0.6539 -0.3805 0.6539
vn 0.5893 -0.5528 0.5893
vn 0.5021 -0.7041 0.5021
vn 0.3958 -0.8286 0.3958
vn 0.2743 -0.9217 0.2743
vn 0.1421 -0.9796 0.1421
vn 0.1117 0.9796 0.1671
vn 0.2155 0.9217 0.3225
vn 0.3110 0.8286 0.4654
vn 0.3945 0.7041 0.5905
vn 0.4630 0.5528 0.6929
vn 0.5138 0.3805 0.7689
vn 0.5450 0.1939 0.8157
vn 0.5556 -0.0000 0.8315
vn 0.5450 -0.1939 0.8157
vn 0.5138 -0.3805 0.7689
vn 0.4630 -0.5528 0.6929
vn 0.3945 -0.7041 0.5905
vn 0.3110 -0.8286 0.4654
vn 0.2155 -0.9217 0.3225
vn 0.1117 -0.9796 0.1671
vn 0.0769 0.9796 0.1857
vn 0.1484 0.9217 0.3584
vn 0.2142 0.8286 0.5172
vn 0.2718 0.7041 0.6561
vn 0.3189 0.5528 0.7699
vn 0.3539 0.3805 0.8544
vn 0.3754 0.1939 0.9063
vn 0.3827 -0.0000 0.9239
vn 0.3754 -0.1939 0.9063
vn 0.3539 -0.3805 0.8544
vn 0.3189 -0.5528 0.7699
vn 0.2718 -0.7041 0.6561
vn 0.2142 -0.8286 0.5172
vn 0.1484 -0.9217 0.3584
vn 0.0769 -0.9796 0.1857
vn 0.0392 0.9796 0.1971
vn 0.0757 0.9217 0.3804
vn 0.1092 0.8286 0.5490
vn 0.1385 0.7041 0.6965
vn 0.1626 0.5528 0.8173
vn 0.1804 0.3805 0.9070
vn 0.1914 0.1939 0.9622
vn 0.1951 -0.0000 0.9808
vn 0.1914 -0.1939 0.9622
vn 0.1804 -0.3805 0.9070
vn 0.1626 -0.5528 0.8173
vn 0.1385 -0.7041 0.6965
vn 0.1092 -0.8286 0.5490
vn 0.0757 -0.9217 0.3804
vn 0.0392 -0.9796 0.1971
vn -0.0000 0.9796 0.2010
vn -0.0000 0.9217 0.3879
vn -0.0000 0.8286 0.5598
vn -0.0000 0.7041 0.7101
vn -0.0000 0.5528 0.8333
vn -0.0000 0.3805 0.9248
vn -0.0000 0.1939 0.9810
vn -0.0000 -0.0000 1.0000
vn -0.0000 -0.1939 0.9810
vn -0.0000 -0.3805 0.9248
vn -0.0000 -0.5528 0.8333
vn -0.0000 -0.7041 0.7101
vn -0.0000 -0.8286 0.5598
vn -0.0000 -0.9217 0.3879
vn -0.0000 -0.9796 0.2010
vn -0.0392 0.9796 0.1971
vn -0.0757 0.9217 0.3804
vn -0.1092 0.8286 0.5490
vn -0.1385 0.7041 0.6965
vn -0.1626 0.5528 0.8173
vn -0.1804 0.3805 0.9070
vn -0.1914 0.1939 0.9622
vn -0.1951 -0.0000 0.9808
vn -0.1914 -0.1939 0.9622
vn -0.1804 -0.3805 0.9070
vn -0.1626 -0.5528 0.8173
vn -0.1385 -0.7041 0.6965
vn -0.1092 -0.8286 0.5490
vn -0.0757 -0.9217 0.3804
vn -0.0392 -0.9796 0.1971
vn -0.0769 0.9796 0.1857
vn -0.1484 0.9217 0.3584
vn -0.2142 0.8286 0.5172
vn -0.2718 0.7041 0.6561
vn -0.3189 0.5528 0.7699
vn -0.3539 0.3805 0.8544
vn -0.3754 0.1939 0.9063
vn -0.3827 -0.0000 0.9239
vn -0.3754 -0.1939 0.9063
vn -0.3539 -0.3805 0.8544
vn -0.3189 -0.5528 0.7699
vn -0.2718 -0.7041 0.6561
vn -0.2142 -0.8286 0.5172
vn -0.1484 -0.9217 0.3584
vn -0.0769 -0.9796 0.1857
vn -0.1117 0.9796 0.1671
vn -0.2155 0.9217 0.3225
vn -0.3110 0.8286 0.4654
vn -0.3945 0.7041 0.5905
vn -0.4630 0.5528 0.6929
vn -0.5138 0.3805 0.7689
vn -0.5450 0.1939 0.8157
vn -0.5556 -0.0000 0.8315
vn -0.5450 -0.1939 0.8157
vn -0.5138 -0.3805 0.7689
vn -0.4630 -0.5528 0.6929
vn -0.3945 -0.7041 0.5905
vn -0.3110 -0.8286 0.4654
vn -0.2155 -0.9217 0.3225
vn -0.1117 -0.9796 0.1671
vn -0.1421 0.9796 0.1421
vn -0.2743 0.9217 0.2743
vn -0.3958 0.8286 0.3958
vn -0.5021 0.7041 0.5021
vn -0.5893 0.5528 0.5893
vn -0.6539 0.3805 0.6539
vn -0.6937 0.1939 0.6937
vn -0.7071 -0.0000 0.7071
vn -0.6937 -0.1939 0.6937
vn -0.6539 -0.3805 0.6539
vn -0.5893 -0.5528 0.5893
vn -0.5021 -0.7041 0.5021
vn -0.3958 -0.8286 0.3958
vn -0.2743 -0.9217 0.2743
vn -0.1421 -0.9796 0.1421
vn -0.1671 0.9796 0.1117
vn -0.3225 0.9217 0.2155
vn -0.4654 0.8286 0.3110
vn -0.5905 0.7041 0.3945
vn -0.6929 0.5528 0.4630
vn -0.7689 0.3805 0.5138
vn -0.8157 0.1939 0.5450
vn -0.8315 -0.0000 0.5556
vn -0.8157 -0.1939 0.5450
vn -0.7689 -0.3805 0.5138
vn -0.6929 -0.5528 0.4630
vn -0.5905 -0.7041 0.3945
vn -0.4654 -0.8286 0.3110
vn -0.3225 -0.9217 0.2155
vn -0.1671 -0.9796 0.1117
vn -0.1857 0.9796 0.0769
vn -0.3584 0.9217 0.1484
vn -0.5172 0.8286 0.2142
vn -0.6561 0.7041 0.2718
vn -0.7699 0.5528 0.3189
vn -0.8544 0.3805 0.3539
vn -0.9063 0.1939 0.3754
vn -0.9239 -0.0000 0.3827
vn -0.9063 -0.1939 0.3754
vn -0.8544 -0.3805 0.3539
vn -0.7699 -0.5528 0.3189
vn -0.6561 -0.7041 0.2718
vn -0.5172 -0.8286 0.2142
vn -0.3584 -0.9217 0.1484
vn -0.1857 -0.9796 0.0769
vn -0.1971 0.9796 0.0392
vn -0.3804 0.9217 0.0757
vn -0.5490 0.8286 0.1092
vn -0.6965 0.7041 0.1385
vn -0.8173 0.5528 0.1626
vn -0.9070 0.3805 0.1804
vn -0.9622 0.1939 0.1914
vn -0.9808 -0.0000 0.1951
vn -0.9622 -0.1939 0.1914
vn -0.9070 -0.3805 0.1804
vn -0.8173 -0.5528 0.1626
vn -0.6965 -0.7041 0.1385
vn -0.5490 -0.8286 0.1092
vn -0.3804 -0.9217 0.0757
vn -0.1971 -0.9796 0.0392
vn -0.2010 0.9796 -0.0000
vn -0.3879 0.9217 -0.0000
vn -0.5598 0.8286 -0.0000
vn -0.7101 0.7041 -0.0000
vn -0.8333 0.5528 -0.0000
vn -0.9248 0.3805 -0.0000
vn -0.9810 0.1939 -0.0000
vn -1.0000 -0.0000 -0.0000
vn -0.9810 -0.1939 -0.0000
vn -0.9248 -0.3805 -0.0000
vn -0.8333 -0.5528 -0.0000
vn -0.7101 -0.7041 -0.0000
vn -0.5598 -0.8286 -0.0000
vn -0.3879 -0.9217 -0.0000
vn -0.2010 -0.9796 -0.0000
vn -0.1971 0.9796 -0.0392
vn -0.3804 0.9217 -0.0757
vn -0.5490 0.8286 -0.1092
vn -0.6965 0.7041 -0.1385
vn -0.8173 0.5528 -0.1626
vn -0.9070 0.3805 -0.1804
vn -0.9622 0.1939 -0.1914
vn -0.9808 -0.0000 -0.1951
vn -0.9622 -0.1939 -0.1914
vn -0.9070 -0.3805 -0.1804
vn -0.8173 -0.5528 -0.1626
vn -0.6965 -0.7041 -0.1385
vn -0.5490 -0.8286 -0.1092
vn -0.3804 -0.9217 -0.0757
vn -0.1971 -0.9796 -0.0392
vn -0.1857 0.9796 -0.0769
vn -0.3584 0.9217 -0.1484
vn -0.5172 0.8286 -0.2142
vn -0.6561 0.7041 -0.2718
vn -0.7699 0.5528 -0.3189
vn -0.8544 0.3805 -0.3539
vn -0.9063 0.1939 -0.3754
vn -0.9239 -0.0000 -0.3827
vn -0.9063 -0.1939 -0.3754
vn -0.8544 -0.3805 -0.3539
vn -0.7699 -0.5528 -0.3189
vn -0.6561 -0.7041 -0.2718
vn -0.5172 -0.8286 -0.2142
vn -0.3584 -0.9217 -0.1484
vn -0.1857 -0.9796 -0.0769
vn -0.1671 0.9796 -0.1117
vn -0.3225 0.9217 -0.2155
vn -0.4654 0.8286 -0.3110
vn -0.5905 0.7041 -0.3945
vn -0.6929 0.5528 -0.4630
vn -0.7689 0.3805 -0.5138
vn -0.8157 0.1939 -0.5450
vn -0.8315 -0.0000 -0.5556
vn -0.8157 -0.1939 -0.5450
vn -0.7689 -0.3805 -0.5138
vn -0.6929 -0.5528 -0.4630
vn -0.5905 -0.7041 -0.3945
vn -0.4654 -0.8286 -0.3110
vn -0.3225 -0.9217 -0.2155
vn -0.1671 -0.9796 -0.1117
vn -0.1421 0.9796 -0.1421
vn -0.2743 0.9217 -0.2743
vn -0.3958 0.8286 -0.3958
vn -0.5021 0.7041 -0.5021
vn -0.5893 0.5528 -0.5893
vn -0.6539 0.3805 -0.6539
vn -0.6937 0.1939 -0.6937
vn -0.7071 -0.0000 -0.7071
vn -0.6937 -0.1939 -0.6937
vn -0.6539 -0.3805 -0.6539
vn -0.5893 -0.5528 -0.5893
vn -0.5021 -0.7041 -0.5021
vn -0.3958 -0.8286 -0.3958
vn -0.2743 -0.9217 -0.2743
vn -0.1421 -0.9796 -0.1421
vn -0.1117 0.9796 -0.1671
vn -0.2155 0.9217 -0.3225
vn -0.3110 0.8286 -0.4654
vn -0.3945 0.7041 -0.5905
vn -0.4630 0.5528 -0.6929
vn -0.5138 0.3805 -0.7689
vn -0.5450 0.1939 -0.8157
vn -0.5556 -0.0000 -0.8315
vn -0.5450 -0.1939 -0.8157
vn -0.5138 -0.3805 -0.7689
vn -0.4630 -0.5528 -0.6929
vn -0.3945 -0.7041 -0.5905
vn -0.3110 -0.8286 -0.4654
vn -0.2155 -0.9217 -0.3225
vn -0.1117 -0.9796 -0.1671
vn -0.0769 0.9796 -0.1857
vn -0.1484 0.9217 -0.3584
vn -0.2142 0.8286 -0.5172
vn -0.2718 0.7041 -0.6561
vn -0.3189 0.5528 -0.7699
vn -0.3539 0.3805 -0.8544
vn -0.3754 0.1939 -0.9063
vn -0.3827 -0.0000 -0.9239
vn -0.3754 -0.1939 -0.9063
vn -0.3539 -0.3805 -0.8544
vn -0.3189 -0.5528 -0.7699
vn -0.2718 -0.7041 -0.6561
vn -0.2142 -0.8286 -0.5172
vn -0.1484 -0.9217 -0.3584
vn -0.0769 -0.9796 -0.1857
vn -0.0392 0.9796 -0.1971
vn -0.0757 0.9217 -0.3804
vn -0.1092 0.8286 -0.5490
vn -0.1385 0.7041 -0.6965
vn -0.1626 0.5528 -0.8173
vn -0.1804 0.3805 -0.9070
vn -0.1914 0.1939 -0.9622
vn -0.1951 -0.0000 -0.9808
vn -0.1914 -0.1939 -0.9622
vn -0.1804 -0.3805 -0.9070
vn -0.1626 -0.5528 -0.8173
vn -0.1385 -0.7041 -0.6965
vn -0.1092 -0.8286 -0.5490
vn -0.0757 -0.9217 -0.3804
vn -0.0392 -0.9796 -0.1971
vn -0.0000 0.9796 -0.2010
vn -0.0000 0.9217 -0.3879
vn -0.0000 0.7041 -0.7101
vn -0.0000 0.3805 -0.9248
vn -0.0000 -0.3805 -0.9248
vn -0.0000 -0.7041 -0.7101
vn -0.0000 -0.8286 -0.5598
vn -0.0000 -0.9217 -0.3879
vn -0.0000 -0.9796 -0.2010
vn 0.1116 -0.9796 -0.1671
vt 0.774904 0.107007
vt 0.792842 0.105348
vt 0.792780 0.121732
vt 0.777754 0.122941
vt 0.882724 0.172067
vt 0.886156 0.200152
vt 0.880363 0.199514
vt 0.874021 0.174835
vt 0.757333 0.112150
vt 0.762844 0.126742
vt 0.873123 0.150543
vt 0.863567 0.156812
vt 0.740635 0.120874
vt 0.748319 0.133318
vt 0.860099 0.133822
vt 0.850935 0.143394
vt 0.725345 0.133371
vt 0.734454 0.143007
vt 0.844892 0.121223
vt 0.837128 0.133620
vt 0.712187 0.150009
vt 0.721758 0.156380
vt 0.828244 0.112387
vt 0.822644 0.126960
vt 0.702288 0.171611
vt 0.710985 0.174465
vt 0.810772 0.107135
vt 0.807798 0.123062
vt 0.698726 0.199696
vt 0.704515 0.199081
vt 0.871940 0.233824
vt 0.712843 0.233349
vt 0.718418 0.177885
vt 0.709897 0.199299
vt 0.805571 0.136552
vt 0.792728 0.135550
vt 0.874974 0.199713
vt 0.779877 0.136459
vt 0.866539 0.178278
vt 0.767040 0.139371
vt 0.855657 0.163288
vt 0.754275 0.144476
vt 0.843614 0.152454
vt 0.741715 0.152103
vt 0.831098 0.144739
vt 0.729623 0.162855
vt 0.818375 0.139551
vt 0.758916 0.154332
vt 0.747485 0.160368
vt 0.837779 0.160691
vt 0.826379 0.154563
vt 0.736068 0.169116
vt 0.815072 0.150518
vt 0.724741 0.181653
vt 0.803864 0.148200
vt 0.714825 0.200182
vt 0.792686 0.147418
vt 0.870027 0.200704
vt 0.781501 0.148122
vt 0.860106 0.182163
vt 0.770277 0.150369
vt 0.849147 0.169540
vt 0.865599 0.202115
vt 0.719264 0.201705
vt 0.792650 0.157788
vt 0.782770 0.158340
vt 0.854723 0.186152
vt 0.772791 0.160101
vt 0.843755 0.175646
vt 0.762606 0.163259
vt 0.833085 0.168416
vt 0.752118 0.168117
vt 0.822629 0.163487
vt 0.741389 0.175239
vt 0.812490 0.160253
vt 0.730175 0.185722
vt 0.802520 0.158411
vt 0.829272 0.175521
vt 0.819620 0.171541
vt 0.755876 0.175256
vt 0.745758 0.181105
vt 0.810427 0.168944
vt 0.734746 0.189787
vt 0.801452 0.167474
vt 0.723212 0.203532
vt 0.792617 0.166977
vt 0.861631 0.203929
vt 0.783770 0.167409
vt 0.850171 0.190169
vt 0.774784 0.168812
vt 0.839334 0.181439
vt 0.765563 0.171342
vt 0.792587 0.175226
vt 0.784563 0.175569
vt 0.858163 0.206144
vt 0.846281 0.194317
vt 0.776384 0.176694
vt 0.835701 0.186995
vt 0.767934 0.178735
vt 0.826162 0.182139
vt 0.758941 0.181904
vt 0.817199 0.178910
vt 0.749363 0.186719
vt 0.808770 0.176810
vt 0.738629 0.193978
vt 0.800600 0.175628
vt 0.726661 0.205758
vt 0.761444 0.188128
vt 0.752335 0.192082
vt 0.815239 0.185712
vt 0.807432 0.184006
vt 0.741926 0.198161
vt 0.799915 0.183050
vt 0.729633 0.208200
vt 0.792559 0.182724
vt 0.855164 0.208581
vt 0.785197 0.182997
vt 0.843019 0.198510
vt 0.777672 0.183901
vt 0.832708 0.192377
vt 0.769849 0.185555
vt 0.823618 0.188347
vt 0.852600 0.211174
vt 0.840297 0.202655
vt 0.785705 0.189832
vt 0.778711 0.190560
vt 0.830219 0.197546
vt 0.771401 0.191902
vt 0.821525 0.194198
vt 0.763485 0.193993
vt 0.813647 0.192039
vt 0.754777 0.197269
vt 0.806348 0.190654
vt 0.744652 0.202279
vt 0.799360 0.189879
vt 0.732233 0.210731
vt 0.792534 0.189614
vt 0.812357 0.197995
vt 0.805470 0.196861
vt 0.756799 0.202208
vt 0.746938 0.206366
vt 0.798908 0.196232
vt 0.734386 0.213443
vt 0.792511 0.196014
vt 0.850439 0.213869
vt 0.786113 0.196187
vt 0.837980 0.206712
vt 0.779548 0.196771
vt 0.828153 0.202472
vt 0.772657 0.197856
vt 0.819836 0.199750
vt 0.765151 0.199547
vt 0.786437 0.202155
vt 0.780217 0.202619
vt 0.836089 0.210703
vt 0.826488 0.207257
vt 0.773667 0.203488
vt 0.818456 0.205025
vt 0.766498 0.204849
vt 0.811303 0.203619
vt 0.758418 0.207003
vt 0.804759 0.202704
vt 0.748800 0.210378
vt 0.798542 0.202197
vt 0.736245 0.216174
vt 0.792490 0.202020
vt 0.848570 0.216587
vt 0.759772 0.211600
vt 0.750348 0.214291
vt 0.804191 0.208255
vt 0.798249 0.207853
vt 0.737786 0.218973
vt 0.792470 0.207710
vt 0.847013 0.219376
vt 0.786691 0.207813
vt 0.834517 0.214598
vt 0.780746 0.208173
vt 0.825129 0.211855
vt 0.774468 0.208854
vt 0.817348 0.210087
vt 0.767582 0.209909
vt 0.810465 0.208981
vt 0.781153 0.213496
vt 0.775084 0.214015
vt 0.824092 0.216359
vt 0.816485 0.214983
vt 0.768403 0.214811
vt 0.809811 0.214137
vt 0.760776 0.216123
vt 0.803747 0.213575
vt 0.751488 0.218224
vt 0.798018 0.213265
vt 0.738937 0.221843
vt 0.792451 0.213152
vt 0.845842 0.222243
vt 0.786884 0.213226
vt 0.833351 0.218513
vt 0.752370 0.222069
vt 0.739881 0.224697
vt 0.797842 0.218491
vt 0.792433 0.218404
vt 0.844875 0.225099
vt 0.787024 0.218453
vt 0.832444 0.222337
vt 0.781452 0.218643
vt 0.823305 0.220778
vt 0.775540 0.219018
vt 0.815834 0.219749
vt 0.769017 0.219586
vt 0.809319 0.219135
vt 0.761531 0.220552
vt 0.803411 0.218719
vt 0.822734 0.225110
vt 0.815373 0.224419
vt 0.775853 0.223904
vt 0.769444 0.224265
vt 0.808972 0.224017
vt 0.762069 0.224882
vt 0.803174 0.223736
vt 0.753031 0.225855
vt 0.797715 0.223582
vt 0.740560 0.227579
vt 0.792415 0.223520
vt 0.844262 0.227996
vt 0.787116 0.223545
vt 0.831795 0.226135
vt 0.781655 0.223662
vt 0.797633 0.228585
vt 0.792398 0.228545
vt 0.843913 0.230887
vt 0.740890 0.230480
vt 0.787163 0.228549
vt 0.831457 0.229934
vt 0.781769 0.228597
vt 0.822415 0.229407
vt 0.776033 0.228712
vt 0.815095 0.229025
vt 0.769702 0.228869
vt 0.808761 0.228823
vt 0.762388 0.229173
vt 0.803026 0.228668
vt 0.753339 0.229642
vt 0.776081 0.233481
vt 0.769772 0.233438
vt 0.814984 0.233604
vt 0.808679 0.233589
vt 0.762486 0.233448
vt 0.802966 0.233560
vt 0.753498 0.233405
vt 0.797594 0.233544
vt 0.741055 0.233373
vt 0.792381 0.233527
vt 0.843729 0.233776
vt 0.787169 0.233510
vt 0.831266 0.233706
vt 0.781796 0.233489
vt 0.822279 0.233674
vt 0.843887 0.236669
vt 0.740879 0.236266
vt 0.792365 0.238509
vt 0.787131 0.238469
vt 0.831424 0.237477
vt 0.781739 0.238381
vt 0.822389 0.237941
vt 0.776000 0.238250
vt 0.815069 0.238177
vt 0.769670 0.238010
vt 0.808733 0.238358
vt 0.762342 0.237718
vt 0.802991 0.238452
vt 0.753309 0.237164
vt 0.797599 0.238504
vt 0.815301 0.242779
vt 0.808908 0.243169
vt 0.769399 0.242617
vt 0.762011 0.242019
vt 0.803101 0.243386
vt 0.752973 0.240940
vt 0.797645 0.243507
vt 0.740540 0.239163
vt 0.792348 0.243534
vt 0.844210 0.239572
vt 0.787051 0.243472
vt 0.831726 0.241270
vt 0.781595 0.243314
vt 0.822679 0.242234
vt 0.775791 0.243057
vt 0.792331 0.248647
vt 0.786926 0.248562
vt 0.844883 0.242457
vt 0.832382 0.245058
vt 0.781362 0.248330
vt 0.823223 0.246563
vt 0.775446 0.247939
vt 0.815717 0.247448
vt 0.768949 0.247286
vt 0.809217 0.248052
vt 0.761452 0.246358
vt 0.803301 0.248402
vt 0.752333 0.244727
vt 0.797737 0.248597
vt 0.739854 0.242037
vt 0.768307 0.252052
vt 0.760654 0.250767
vt 0.809671 0.253048
vt 0.803597 0.253545
vt 0.751415 0.248563
vt 0.797876 0.253821
vt 0.738904 0.244881
vt 0.792314 0.253897
vt 0.845821 0.245316
vt 0.786752 0.253785
vt 0.833257 0.248906
vt 0.781032 0.253473
vt 0.823979 0.250982
vt 0.774956 0.252936
vt 0.816326 0.252221
vt 0.786524 0.259194
vt 0.780594 0.258791
vt 0.834434 0.252802
vt 0.825023 0.255477
vt 0.774305 0.258091
vt 0.817168 0.257113
vt 0.767453 0.256950
vt 0.810296 0.258199
vt 0.759602 0.255270
vt 0.804003 0.258863
vt 0.750241 0.252474
vt 0.798070 0.259231
vt 0.737749 0.247738
vt 0.792297 0.259335
vt 0.846967 0.248192
vt 0.758260 0.259890
vt 0.748706 0.256396
vt 0.804529 0.264415
vt 0.798325 0.264884
vt 0.736209 0.250518
vt 0.792279 0.265021
vt 0.848502 0.251002
vt 0.786234 0.264846
vt 0.835909 0.256726
vt 0.780033 0.264338
vt 0.826332 0.260114
vt 0.773472 0.263451
vt 0.818222 0.262184
vt 0.766359 0.262016
vt 0.811096 0.263569
vt 0.837752 0.260728
vt 0.827961 0.264888
vt 0.779329 0.270176
vt 0.772426 0.269069
vt 0.819553 0.267469
vt 0.764992 0.267292
vt 0.812105 0.269195
vt 0.756599 0.264655
vt 0.805196 0.270257
vt 0.746842 0.260427
vt 0.798649 0.270847
vt 0.734413 0.253294
vt 0.792260 0.271022
vt 0.850358 0.253749
vt 0.785872 0.270807
vt 0.806030 0.276461
vt 0.799058 0.277196
vt 0.744510 0.264404
vt 0.732193 0.255933
vt 0.792240 0.277418
vt 0.852566 0.256413
vt 0.785424 0.277154
vt 0.840041 0.264745
vt 0.778455 0.276375
vt 0.829998 0.269799
vt 0.771130 0.275006
vt 0.821209 0.273008
vt 0.763298 0.272822
vt 0.813363 0.275140
vt 0.754525 0.269553
vt 0.777376 0.283021
vt 0.769532 0.281334
vt 0.832467 0.274954
vt 0.823249 0.278865
vt 0.761220 0.278666
vt 0.814918 0.281477
vt 0.752018 0.274698
vt 0.807067 0.283113
vt 0.741787 0.268533
vt 0.799569 0.284024
vt 0.729648 0.258523
vt 0.792219 0.284302
vt 0.855150 0.258955
vt 0.784870 0.283979
vt 0.842744 0.268854
vt 0.738541 0.272698
vt 0.726669 0.260961
vt 0.800207 0.291445
vt 0.792196 0.291794
vt 0.858140 0.261332
vt 0.784188 0.291398
vt 0.845994 0.273006
vt 0.776044 0.290216
vt 0.835448 0.280325
vt 0.767568 0.288135
vt 0.825751 0.285092
vt 0.758684 0.284875
vt 0.816832 0.288288
vt 0.748995 0.280052
vt 0.808353 0.290312
vt 0.839079 0.285870
vt 0.828829 0.291705
vt 0.765146 0.295505
vt 0.755582 0.291506
vt 0.819217 0.295644
vt 0.745347 0.285630
vt 0.809959 0.298180
vt 0.734693 0.276880
vt 0.801006 0.299598
vt 0.723220 0.263182
vt 0.792173 0.300039
vt 0.861550 0.263571
vt 0.783342 0.299549
vt 0.849866 0.277186
vt 0.774394 0.298082
vt 0.802014 0.308666
vt 0.792147 0.309225
vt 0.865475 0.265420
vt 0.719278 0.265005
vt 0.782284 0.308611
vt 0.854380 0.281304
vt 0.772337 0.306775
vt 0.843471 0.291722
vt 0.762145 0.303558
vt 0.832589 0.298846
vt 0.751775 0.298625
vt 0.822181 0.303720
vt 0.740932 0.291435
vt 0.811971 0.306884
vt 0.730146 0.280939
vt 0.758398 0.312436
vt 0.747076 0.306303
vt 0.837241 0.306553
vt 0.825882 0.312621
vt 0.735576 0.297473
vt 0.814508 0.316614
vt 0.724752 0.284889
vt 0.803293 0.318879
vt 0.714875 0.266428
vt 0.792118 0.319595
vt 0.869876 0.266868
vt 0.780948 0.318816
vt 0.859741 0.285324
vt 0.769747 0.316490
vt 0.848785 0.297805
vt 0.709958 0.267435
vt 0.792085 0.331475
vt 0.779235 0.330470
vt 0.874804 0.267901
vt 0.866131 0.289254
vt 0.766444 0.327476
vt 0.855226 0.304107
vt 0.753676 0.322302
vt 0.843026 0.314888
vt 0.741243 0.314612
vt 0.830551 0.322514
vt 0.729070 0.303725
vt 0.817751 0.327620
vt 0.718332 0.288728
vt 0.804941 0.330543
vt 0.733946 0.323605
vt 0.721160 0.310110
vt 0.836507 0.333599
vt 0.821967 0.340222
vt 0.710808 0.292229
vt 0.807099 0.344076
vt 0.704520 0.267758
vt 0.792045 0.345312
vt 0.880191 0.268140
vt 0.776999 0.343988
vt 0.873544 0.292759
vt 0.762159 0.340050
vt 0.863044 0.310539
vt 0.747665 0.333352
vt 0.850284 0.323893
vt 0.885990 0.267548
vt 0.882265 0.295714
vt 0.774019 0.359955
vt 0.756499 0.354692
vt 0.872637 0.317054
vt 0.739870 0.345859
vt 0.859489 0.333687
vt 0.724734 0.333299
vt 0.844241 0.346172
vt 0.711524 0.316472
vt 0.827543 0.354907
vt 0.702118 0.295088
vt 0.809985 0.360065
vt 0.698726 0.267122
vt 0.791995 0.361740
vt 0.845909 0.949750
vt 0.851298 0.978880
vt 0.818454 0.982072
vt 0.818428 0.952118
vt 0.670221 0.855709
vt 0.654067 0.861099
vt 0.647718 0.810194
vt 0.658396 0.811067
vt 0.873009 0.942618
vt 0.883275 0.969334
vt 0.689220 0.888387
vt 0.671626 0.900214
vt 0.899390 0.930432
vt 0.913614 0.953278
vt 0.712263 0.912790
vt 0.695452 0.930591
vt 0.924440 0.912590
vt 0.941321 0.930375
vt 0.737398 0.930565
vt 0.723214 0.953448
vt 0.947581 0.888098
vt 0.965169 0.899904
vt 0.763819 0.942707
vt 0.753597 0.969453
vt 0.966430 0.855462
vt 0.982585 0.860804
vt 0.790940 0.949795
vt 0.785602 0.978941
vt 0.978119 0.810820
vt 0.988817 0.809938
vt 0.673356 0.748627
vt 0.963234 0.748179
vt 0.988817 0.686585
vt 0.978157 0.685690
vt 0.966621 0.641066
vt 0.982707 0.635884
vt 0.818009 0.514679
vt 0.818043 0.544611
vt 0.790601 0.546954
vt 0.785247 0.517871
vt 0.647826 0.686804
vt 0.658403 0.685653
vt 0.850784 0.517792
vt 0.845495 0.546896
vt 0.653950 0.635979
vt 0.669731 0.641047
vt 0.882880 0.527282
vt 0.872638 0.553981
vt 0.671631 0.596681
vt 0.689031 0.608355
vt 0.913251 0.543280
vt 0.899067 0.566157
vt 0.695293 0.566349
vt 0.712094 0.584049
vt 0.941017 0.566132
vt 0.924237 0.583923
vt 0.722899 0.543489
vt 0.737088 0.566281
vt 0.964791 0.596467
vt 0.947342 0.608203
vt 0.753191 0.527435
vt 0.763479 0.554088
vt 0.911019 0.600176
vt 0.888191 0.586242
vt 0.748037 0.586403
vt 0.725325 0.600362
vt 0.932974 0.619920
vt 0.771249 0.577012
vt 0.953010 0.647335
vt 0.794613 0.571609
vt 0.968417 0.686130
vt 0.818066 0.569824
vt 0.668340 0.686246
vt 0.841535 0.571563
vt 0.683486 0.647463
vt 0.864901 0.576925
vt 0.703371 0.620063
vt 0.677348 0.688080
vt 0.959477 0.687988
vt 0.838493 0.592838
vt 0.818092 0.591499
vt 0.695158 0.654510
vt 0.858981 0.596980
vt 0.715225 0.631615
vt 0.879645 0.604294
vt 0.735904 0.615594
vt 0.900413 0.615433
vt 0.756629 0.604460
vt 0.921077 0.631508
vt 0.777220 0.597100
vt 0.941336 0.654454
vt 0.797704 0.592893
vt 0.763449 0.620704
vt 0.744414 0.629649
vt 0.911344 0.642543
vt 0.891902 0.629493
vt 0.781920 0.614823
vt 0.931539 0.661623
vt 0.800122 0.611496
vt 0.951481 0.690600
vt 0.818115 0.610402
vt 0.685401 0.690873
vt 0.836124 0.611452
vt 0.705044 0.661919
vt 0.854337 0.614730
vt 0.724986 0.642754
vt 0.872841 0.620572
vt 0.834258 0.627983
vt 0.818135 0.627153
vt 0.713379 0.669193
vt 0.692581 0.694206
vt 0.850633 0.630592
vt 0.732984 0.653282
vt 0.867404 0.635263
vt 0.751325 0.642587
vt 0.885010 0.642447
vt 0.768910 0.635375
vt 0.903363 0.653140
vt 0.785663 0.630670
vt 0.923222 0.669003
vt 0.802029 0.628023
vt 0.944340 0.693938
vt 0.896806 0.663287
vt 0.879396 0.654521
vt 0.788659 0.645008
vt 0.773295 0.648806
vt 0.916188 0.676454
vt 0.803548 0.642885
vt 0.938022 0.697832
vt 0.818155 0.642187
vt 0.698873 0.698265
vt 0.832772 0.642849
vt 0.720419 0.676831
vt 0.847668 0.644940
vt 0.739562 0.663493
vt 0.863044 0.648706
vt 0.756957 0.654656
vt 0.726333 0.684426
vt 0.704324 0.702721
vt 0.845283 0.658060
vt 0.831580 0.656375
vt 0.745014 0.673268
vt 0.859520 0.661114
vt 0.761565 0.665966
vt 0.874814 0.665847
vt 0.776845 0.661204
vt 0.891396 0.673135
vt 0.791072 0.658121
vt 0.910339 0.684138
vt 0.804770 0.656405
vt 0.932590 0.702296
vt 0.818170 0.655841
vt 0.793023 0.670236
vt 0.779726 0.672743
vt 0.905366 0.691652
vt 0.886889 0.682496
vt 0.805756 0.668850
vt 0.927963 0.707028
vt 0.818184 0.668393
vt 0.708998 0.707462
vt 0.830621 0.668822
vt 0.731277 0.691935
vt 0.843357 0.670181
vt 0.749523 0.682648
vt 0.856660 0.672661
vt 0.765336 0.676620
vt 0.871059 0.676511
vt 0.841803 0.681486
vt 0.829850 0.680394
vt 0.753237 0.691682
vt 0.735374 0.699336
vt 0.854344 0.683493
vt 0.768415 0.686714
vt 0.867996 0.686618
vt 0.782063 0.683570
vt 0.883213 0.691478
vt 0.794600 0.681538
vt 0.901173 0.698970
vt 0.806551 0.680420
vt 0.923935 0.711845
vt 0.818197 0.680051
vt 0.712956 0.712400
vt 0.897715 0.706187
vt 0.880173 0.700101
vt 0.807188 0.691285
vt 0.795866 0.692178
vt 0.920532 0.716827
vt 0.818210 0.690989
vt 0.716254 0.717464
vt 0.829234 0.691260
vt 0.738839 0.706576
vt 0.840559 0.692129
vt 0.756292 0.700328
vt 0.852482 0.693732
vt 0.770914 0.696330
vt 0.865510 0.696206
vt 0.783946 0.693811
vt 0.851012 0.703507
vt 0.839575 0.702242
vt 0.772904 0.705564
vt 0.758693 0.708755
vt 0.863569 0.705448
vt 0.785443 0.703578
vt 0.877822 0.708583
vt 0.796873 0.702287
vt 0.895070 0.713438
vt 0.807696 0.701585
vt 0.917867 0.721998
vt 0.818221 0.701351
vt 0.718943 0.722615
vt 0.828748 0.701562
vt 0.741578 0.713791
vt 0.915785 0.727192
vt 0.892899 0.720565
vt 0.818231 0.711262
vt 0.808090 0.711442
vt 0.721068 0.727818
vt 0.828373 0.711422
vt 0.743729 0.720903
vt 0.838813 0.711939
vt 0.760578 0.716968
vt 0.849870 0.712909
vt 0.774463 0.714495
vt 0.862046 0.714388
vt 0.786606 0.712963
vt 0.875939 0.716798
vt 0.797654 0.711977
vt 0.775593 0.723192
vt 0.761994 0.725011
vt 0.860906 0.723100
vt 0.849016 0.722025
vt 0.787466 0.722079
vt 0.874575 0.724866
vt 0.798237 0.721351
vt 0.891299 0.727596
vt 0.808386 0.720962
vt 0.914083 0.732358
vt 0.818240 0.720830
vt 0.722664 0.733046
vt 0.828094 0.720944
vt 0.745345 0.727933
vt 0.838245 0.721315
vt 0.818248 0.730148
vt 0.808594 0.730237
vt 0.723760 0.738281
vt 0.912865 0.737571
vt 0.827903 0.730219
vt 0.746463 0.734905
vt 0.837851 0.730457
vt 0.762985 0.732924
vt 0.848419 0.730924
vt 0.776412 0.731693
vt 0.860081 0.731607
vt 0.788078 0.730981
vt 0.873519 0.732778
vt 0.798647 0.730493
vt 0.890107 0.734517
vt 0.859615 0.739994
vt 0.848073 0.739682
vt 0.788444 0.739738
vt 0.776905 0.740085
vt 0.872939 0.740616
vt 0.798894 0.739480
vt 0.889395 0.741402
vt 0.808720 0.739351
vt 0.912117 0.742812
vt 0.818256 0.739303
vt 0.724543 0.743508
vt 0.827793 0.739334
vt 0.747179 0.741788
vt 0.837621 0.739445
vt 0.763579 0.740751
vt 0.724706 0.748773
vt 0.911830 0.748074
vt 0.827761 0.748370
vt 0.818264 0.748377
vt 0.747355 0.748642
vt 0.837547 0.748358
vt 0.763776 0.748537
vt 0.847961 0.748372
vt 0.777088 0.748425
vt 0.859460 0.748328
vt 0.788575 0.748420
vt 0.872751 0.748392
vt 0.798983 0.748390
vt 0.889137 0.748270
vt 0.808768 0.748386
vt 0.788459 0.757105
vt 0.776925 0.756751
vt 0.872952 0.756150
vt 0.859616 0.756667
vt 0.798916 0.757300
vt 0.889324 0.755140
vt 0.808738 0.757419
vt 0.912002 0.753352
vt 0.818272 0.757451
vt 0.724577 0.754049
vt 0.827805 0.757403
vt 0.747269 0.755501
vt 0.837627 0.757269
vt 0.763634 0.756304
vt 0.848081 0.757062
vt 0.827927 0.766514
vt 0.818279 0.766603
vt 0.746550 0.762362
vt 0.723822 0.759318
vt 0.837863 0.766252
vt 0.763047 0.764086
vt 0.848432 0.765814
vt 0.776480 0.765122
vt 0.860057 0.765055
vt 0.788119 0.765864
vt 0.873477 0.763960
vt 0.798693 0.766286
vt 0.889953 0.762034
vt 0.808631 0.766531
vt 0.912637 0.758643
vt 0.874479 0.771856
vt 0.860857 0.773536
vt 0.798307 0.775421
vt 0.787530 0.774755
vt 0.891137 0.768970
vt 0.808442 0.775801
vt 0.913901 0.763871
vt 0.818288 0.775915
vt 0.722598 0.764562
vt 0.828132 0.775782
vt 0.745370 0.769260
vt 0.838265 0.775384
vt 0.762047 0.771969
vt 0.849036 0.774698
vt 0.775697 0.773617
vt 0.838845 0.784747
vt 0.828427 0.785295
vt 0.760601 0.779996
vt 0.743702 0.776203
vt 0.849909 0.783792
vt 0.774558 0.782296
vt 0.862016 0.782203
vt 0.786675 0.783858
vt 0.875957 0.779864
vt 0.797745 0.784789
vt 0.892839 0.775976
vt 0.808165 0.785315
vt 0.915503 0.769111
vt 0.818297 0.785476
vt 0.720885 0.769772
vt 0.894960 0.783073
vt 0.877855 0.788086
vt 0.807792 0.795168
vt 0.796987 0.794478
vt 0.917636 0.774340
vt 0.818307 0.795380
vt 0.718662 0.774930
vt 0.828822 0.795145
vt 0.741593 0.783267
vt 0.839624 0.794432
vt 0.758723 0.788227
vt 0.851077 0.793178
vt 0.773037 0.791224
vt 0.863557 0.791121
vt 0.785528 0.793251
vt 0.756333 0.796656
vt 0.738879 0.790454
vt 0.852577 0.802940
vt 0.840625 0.804535
vt 0.771086 0.800460
vt 0.865532 0.800348
vt 0.784051 0.803019
vt 0.880266 0.796503
vt 0.796008 0.804584
vt 0.897657 0.790273
vt 0.807307 0.805463
vt 0.920338 0.779525
vt 0.818318 0.805736
vt 0.715890 0.780014
vt 0.829329 0.805439
vt 0.806692 0.816321
vt 0.794770 0.815221
vt 0.923771 0.784515
vt 0.901146 0.797421
vt 0.818330 0.816665
vt 0.712522 0.784996
vt 0.829967 0.816296
vt 0.735425 0.797676
vt 0.841888 0.815169
vt 0.753289 0.805298
vt 0.854465 0.813175
vt 0.768629 0.810077
vt 0.868016 0.809954
vt 0.782190 0.813258
vt 0.883339 0.805125
vt 0.856808 0.823996
vt 0.843458 0.826465
vt 0.765587 0.820177
vt 0.749586 0.814325
vt 0.871088 0.820044
vt 0.779877 0.824083
vt 0.887088 0.814139
vt 0.793227 0.826518
vt 0.905298 0.804744
vt 0.805923 0.827884
vt 0.927811 0.789333
vt 0.818341 0.828314
vt 0.708519 0.789821
vt 0.830760 0.827859
vt 0.731324 0.805060
vt 0.932443 0.794065
vt 0.910266 0.812285
vt 0.818353 0.840856
vt 0.804964 0.840319
vt 0.703832 0.794427
vt 0.831743 0.840296
vt 0.726350 0.812552
vt 0.845400 0.838577
vt 0.745099 0.823698
vt 0.859697 0.835531
vt 0.761850 0.830843
vt 0.874850 0.830700
vt 0.777029 0.835617
vt 0.891630 0.823507
vt 0.791311 0.838626
vt 0.757248 0.842107
vt 0.739618 0.833373
vt 0.879449 0.842020
vt 0.863252 0.847928
vt 0.773484 0.847973
vt 0.897118 0.833266
vt 0.788929 0.851727
vt 0.916182 0.819889
vt 0.803769 0.853834
vt 0.937869 0.798522
vt 0.818363 0.854505
vt 0.698458 0.798881
vt 0.832958 0.853814
vt 0.720391 0.820131
vt 0.847801 0.851689
vt 0.818373 0.869530
vt 0.802275 0.868689
vt 0.692181 0.802785
vt 0.944149 0.802586
vt 0.834470 0.868670
vt 0.713410 0.827670
vt 0.850780 0.866028
vt 0.733016 0.843579
vt 0.867639 0.861363
vt 0.751654 0.854192
vt 0.885077 0.854111
vt 0.769104 0.861416
vt 0.903744 0.843442
vt 0.785965 0.866066
vt 0.923192 0.827523
vt 0.891988 0.867093
vt 0.873080 0.876045
vt 0.763674 0.876101
vt 0.744762 0.867159
vt 0.911765 0.854040
vt 0.782259 0.881916
vt 0.931476 0.834935
vt 0.800399 0.885211
vt 0.951329 0.805927
vt 0.818383 0.886272
vt 0.685067 0.806135
vt 0.836365 0.885190
vt 0.705097 0.835012
vt 0.854501 0.881876
vt 0.725015 0.854085
vt 0.959397 0.808723
vt 0.838769 0.903800
vt 0.818394 0.905180
vt 0.695269 0.842490
vt 0.677052 0.808944
vt 0.859197 0.899586
vt 0.715298 0.865160
vt 0.879877 0.892227
vt 0.736227 0.881158
vt 0.900520 0.881093
vt 0.756886 0.892290
vt 0.921474 0.865076
vt 0.777579 0.899634
vt 0.941345 0.842359
vt 0.798017 0.903825
vt 0.933254 0.876466
vt 0.911127 0.896229
vt 0.771588 0.919673
vt 0.748330 0.910290
vt 0.952856 0.849240
vt 0.794950 0.925094
vt 0.968349 0.810368
vt 0.818409 0.926853
vt 0.668139 0.810603
vt 0.841862 0.925061
vt 0.683787 0.849427
vt 0.865210 0.919611
vt 0.703559 0.876582
vt 0.888439 0.910208
vt 0.725603 0.896285
vt 0.381860 0.017965
vt 0.372384 0.070997
vt 0.322316 0.066995
vt 0.322070 0.012469
vt 0.022808 0.234966
vt 0.051797 0.244222
vt 0.030835 0.326284
vt 0.011555 0.328439
vt 0.440356 0.035064
vt 0.422025 0.083644
vt 0.055036 0.163009
vt 0.086979 0.183900
vt 0.495956 0.064083
vt 0.470389 0.105525
vt 0.098296 0.107376
vt 0.128798 0.139182
vt 0.546884 0.105672
vt 0.516578 0.137766
vt 0.148859 0.065415
vt 0.174714 0.106652
vt 0.590702 0.161044
vt 0.558897 0.182234
vt 0.204248 0.035971
vt 0.222914 0.084465
vt 0.623531 0.232827
vt 0.594623 0.242301
vt 0.262392 0.018452
vt 0.272328 0.071459
vt 0.635379 0.326158
vt 0.616106 0.324121
vt 0.059030 0.440480
vt 0.588574 0.438359
vt 0.598180 0.324848
vt 0.569901 0.253641
vt 0.322522 0.113007
vt 0.279767 0.116369
vt 0.048784 0.326907
vt 0.365324 0.116014
vt 0.076642 0.255366
vt 0.408069 0.125695
vt 0.113231 0.205171
vt 0.450559 0.142686
vt 0.153084 0.169249
vt 0.492418 0.168082
vt 0.194782 0.143647
vt 0.532831 0.203781
vt 0.237139 0.126372
vt 0.473171 0.195668
vt 0.435066 0.175512
vt 0.210507 0.176381
vt 0.172530 0.196859
vt 0.511281 0.224898
vt 0.248153 0.162889
vt 0.548549 0.266755
vt 0.285476 0.155146
vt 0.581738 0.328212
vt 0.322681 0.152524
vt 0.065258 0.330180
vt 0.359930 0.154853
vt 0.098176 0.268314
vt 0.397322 0.162303
vt 0.134875 0.226282
vt 0.080009 0.334858
vt 0.567022 0.332962
vt 0.355709 0.188896
vt 0.322820 0.187068
vt 0.116157 0.281607
vt 0.388954 0.194783
vt 0.152763 0.246620
vt 0.422782 0.205316
vt 0.188215 0.222539
vt 0.457688 0.221523
vt 0.223015 0.206094
vt 0.493601 0.245214
vt 0.256767 0.195304
vt 0.530675 0.279910
vt 0.289965 0.189161
vt 0.233046 0.232895
vt 0.200943 0.246175
vt 0.479034 0.264544
vt 0.445169 0.245149
vt 0.263647 0.224238
vt 0.515543 0.293402
vt 0.293528 0.219335
vt 0.553854 0.339050
vt 0.322943 0.217671
vt 0.093233 0.340880
vt 0.352386 0.219101
vt 0.131351 0.294987
vt 0.382300 0.223766
vt 0.167464 0.265904
vt 0.412961 0.232179
vt 0.349759 0.246259
vt 0.323056 0.245132
vt 0.144326 0.308797
vt 0.104793 0.348241
vt 0.376979 0.249988
vt 0.179558 0.284399
vt 0.405086 0.256771
vt 0.211345 0.268202
vt 0.434999 0.267326
vt 0.241102 0.257403
vt 0.467070 0.283244
vt 0.269175 0.250424
vt 0.502695 0.307311
vt 0.296372 0.246480
vt 0.542345 0.346470
vt 0.457121 0.300999
vt 0.426677 0.287946
vt 0.273643 0.274395
vt 0.247629 0.280120
vt 0.491789 0.321171
vt 0.298674 0.271185
vt 0.532404 0.354612
vt 0.323160 0.270080
vt 0.114795 0.356346
vt 0.347663 0.270977
vt 0.155201 0.322756
vt 0.372706 0.273968
vt 0.189520 0.302324
vt 0.398732 0.279445
vt 0.219768 0.288937
vt 0.164279 0.336547
vt 0.123350 0.364974
vt 0.369269 0.296128
vt 0.345988 0.293726
vt 0.197805 0.319524
vt 0.393598 0.300565
vt 0.226708 0.308389
vt 0.419947 0.307483
vt 0.252983 0.301203
vt 0.449000 0.318329
vt 0.277281 0.296537
vt 0.482777 0.335072
vt 0.300547 0.293927
vt 0.523912 0.363276
vt 0.323258 0.293018
vt 0.280233 0.317189
vt 0.257329 0.320985
vt 0.475136 0.348658
vt 0.442273 0.334802
vt 0.302071 0.315071
vt 0.516770 0.372274
vt 0.323353 0.314325
vt 0.130558 0.373942
vt 0.344652 0.314880
vt 0.172011 0.350047
vt 0.366506 0.316802
vt 0.204684 0.335904
vt 0.389445 0.320387
vt 0.232404 0.326821
vt 0.414435 0.325983
vt 0.364296 0.336267
vt 0.343593 0.334745
vt 0.210212 0.351811
vt 0.178330 0.363322
vt 0.386104 0.339138
vt 0.237029 0.344420
vt 0.409975 0.343640
vt 0.260843 0.339698
vt 0.436890 0.350783
vt 0.282618 0.336631
vt 0.468928 0.362001
vt 0.303304 0.334926
vt 0.510600 0.381345
vt 0.323444 0.334316
vt 0.136799 0.382989
vt 0.463780 0.375008
vt 0.432395 0.366093
vt 0.304296 0.353746
vt 0.284523 0.355098
vt 0.505474 0.390646
vt 0.323529 0.353254
vt 0.141999 0.392276
vt 0.342767 0.353576
vt 0.183601 0.376277
vt 0.362555 0.354755
vt 0.214845 0.367057
vt 0.383456 0.357002
vt 0.240775 0.361222
vt 0.406382 0.360492
vt 0.263652 0.357528
vt 0.381425 0.374179
vt 0.361222 0.372476
vt 0.243640 0.377506
vt 0.218306 0.382064
vt 0.403659 0.376819
vt 0.265833 0.374676
vt 0.429067 0.381161
vt 0.286011 0.372800
vt 0.460007 0.388064
vt 0.305078 0.371757
vt 0.501636 0.400196
vt 0.323608 0.371367
vt 0.145914 0.401825
vt 0.342142 0.371597
vt 0.187515 0.389302
vt 0.498478 0.409702
vt 0.457106 0.400798
vt 0.323683 0.388852
vt 0.305675 0.389152
vt 0.148843 0.411398
vt 0.341694 0.388999
vt 0.190471 0.402193
vt 0.360245 0.389610
vt 0.220923 0.396761
vt 0.379926 0.390821
vt 0.245816 0.393378
vt 0.401615 0.392730
vt 0.267471 0.391293
vt 0.426576 0.395931
vt 0.287133 0.389919
vt 0.247275 0.408938
vt 0.222763 0.411222
vt 0.400274 0.408315
vt 0.378928 0.407106
vt 0.268602 0.407561
vt 0.424817 0.410424
vt 0.287925 0.406624
vt 0.455089 0.413421
vt 0.306107 0.406104
vt 0.496499 0.419338
vt 0.323755 0.405886
vt 0.151147 0.420933
vt 0.341404 0.405957
vt 0.192649 0.414871
vt 0.359593 0.406326
vt 0.323824 0.422625
vt 0.306389 0.422768
vt 0.152294 0.430556
vt 0.495396 0.428933
vt 0.341260 0.422624
vt 0.193819 0.427507
vt 0.359231 0.422766
vt 0.223862 0.425519
vt 0.378345 0.423135
vt 0.248209 0.424262
vt 0.399455 0.423651
vt 0.269313 0.423582
vt 0.423807 0.424738
vt 0.288422 0.423059
vt 0.453916 0.426032
vt 0.399213 0.438884
vt 0.378193 0.439028
vt 0.269592 0.439474
vt 0.248566 0.439496
vt 0.423504 0.438953
vt 0.288635 0.439357
vt 0.453438 0.438586
vt 0.306529 0.439290
vt 0.494845 0.438511
vt 0.323893 0.439219
vt 0.152889 0.440160
vt 0.341257 0.439147
vt 0.194302 0.440061
vt 0.359151 0.439066
vt 0.224259 0.439750
vt 0.152350 0.449772
vt 0.495426 0.448085
vt 0.341394 0.455667
vt 0.323962 0.455812
vt 0.193810 0.452597
vt 0.359353 0.455360
vt 0.223941 0.453992
vt 0.378465 0.454914
vt 0.248359 0.454737
vt 0.399540 0.454113
vt 0.269449 0.455365
vt 0.423913 0.453165
vt 0.288567 0.455654
vt 0.453932 0.451145
vt 0.306530 0.455812
vt 0.268878 0.471379
vt 0.247590 0.470083
vt 0.425026 0.467445
vt 0.400443 0.469443
vt 0.288216 0.472087
vt 0.455119 0.463776
vt 0.306389 0.472476
vt 0.496559 0.457672
vt 0.324032 0.472548
vt 0.151265 0.459402
vt 0.341674 0.472328
vt 0.192820 0.465245
vt 0.359842 0.471788
vt 0.223014 0.468305
vt 0.379170 0.470919
vt 0.342106 0.489277
vt 0.324104 0.489579
vt 0.190797 0.477925
vt 0.149297 0.469061
vt 0.360632 0.488488
vt 0.221253 0.482714
vt 0.380329 0.487170
vt 0.246211 0.485629
vt 0.401950 0.484979
vt 0.267854 0.487643
vt 0.426883 0.481863
vt 0.287565 0.488797
vt 0.457150 0.476445
vt 0.306100 0.489430
vt 0.498570 0.467289
vt 0.429548 0.496504
vt 0.404109 0.500835
vt 0.286593 0.505932
vt 0.266344 0.504294
vt 0.460228 0.489165
vt 0.305652 0.506831
vt 0.501764 0.476768
vt 0.324179 0.507064
vt 0.146139 0.478609
vt 0.342702 0.506672
vt 0.187749 0.490610
vt 0.361749 0.505611
vt 0.218676 0.497373
vt 0.381976 0.503803
vt 0.244178 0.501505
vt 0.363227 0.523317
vt 0.343481 0.524683
vt 0.215198 0.512381
vt 0.183725 0.503439
vt 0.384163 0.520965
vt 0.241435 0.517839
vt 0.406989 0.517136
vt 0.264300 0.521482
vt 0.433066 0.511440
vt 0.285266 0.523656
vt 0.464147 0.502145
vt 0.305029 0.524852
vt 0.505635 0.486282
vt 0.324258 0.525176
vt 0.142055 0.488044
vt 0.469263 0.515181
vt 0.437455 0.526847
vt 0.304208 0.543682
vt 0.283540 0.542149
vt 0.510776 0.495532
vt 0.324342 0.544111
vt 0.136993 0.497320
vt 0.344469 0.543501
vt 0.178767 0.516554
vt 0.365114 0.541784
vt 0.210829 0.527880
vt 0.386948 0.538809
vt 0.237911 0.534766
vt 0.410605 0.534034
vt 0.261659 0.539364
vt 0.205418 0.543844
vt 0.172686 0.530054
vt 0.390451 0.557497
vt 0.367481 0.561213
vt 0.233492 0.552404
vt 0.415178 0.551549
vt 0.258328 0.558115
vt 0.443039 0.542689
vt 0.281351 0.561613
vt 0.475479 0.528571
vt 0.303157 0.563541
vt 0.516769 0.504763
vt 0.324433 0.564093
vt 0.131068 0.506594
vt 0.345702 0.563345
vt 0.301832 0.584686
vt 0.278612 0.582282
vt 0.524164 0.513530
vt 0.483262 0.541786
vt 0.324533 0.585386
vt 0.123725 0.515421
vt 0.347226 0.584473
vt 0.165017 0.543400
vt 0.370421 0.581845
vt 0.198653 0.560254
vt 0.394800 0.577247
vt 0.228003 0.570898
vt 0.420855 0.569923
vt 0.254183 0.577933
vt 0.449977 0.558958
vt 0.400157 0.598307
vt 0.374047 0.603966
vt 0.221244 0.590466
vt 0.190475 0.577499
vt 0.427838 0.589352
vt 0.249074 0.599057
vt 0.458337 0.576029
vt 0.275207 0.604434
vt 0.492343 0.555509
vt 0.300170 0.607422
vt 0.532634 0.522134
vt 0.324640 0.608307
vt 0.115292 0.524094
vt 0.349103 0.607194
vt 0.156028 0.557282
vt 0.542544 0.530227
vt 0.503174 0.569356
vt 0.324754 0.633246
vt 0.298088 0.632125
vt 0.105399 0.532264
vt 0.351412 0.631885
vt 0.145253 0.571323
vt 0.378515 0.627912
vt 0.180626 0.595455
vt 0.406721 0.620954
vt 0.212925 0.611162
vt 0.436285 0.610104
vt 0.242731 0.621686
vt 0.468362 0.593935
vt 0.270964 0.628395
vt 0.202790 0.633203
vt 0.168681 0.613993
vt 0.446618 0.632118
vt 0.414812 0.645467
vt 0.234832 0.646211
vt 0.480592 0.612472
vt 0.265662 0.654596
vt 0.516024 0.583236
vt 0.295470 0.659268
vt 0.554002 0.537594
vt 0.324875 0.660690
vt 0.093939 0.539709
vt 0.354269 0.659013
vt 0.132382 0.585218
vt 0.384043 0.654088
vt 0.325009 0.691264
vt 0.292166 0.689455
vt 0.080805 0.545838
vt 0.567084 0.543636
vt 0.357835 0.689172
vt 0.117290 0.598692
vt 0.390933 0.683011
vt 0.154185 0.633345
vt 0.424839 0.672253
vt 0.190363 0.656961
vt 0.459323 0.655778
vt 0.225017 0.673108
vt 0.495351 0.631764
vt 0.259016 0.683577
vt 0.531217 0.596691
vt 0.475004 0.681309
vt 0.437357 0.701780
vt 0.212751 0.702739
vt 0.174934 0.682593
vt 0.513235 0.651836
vt 0.250622 0.715974
vt 0.549253 0.609758
vt 0.287960 0.723454
vt 0.581679 0.548353
vt 0.325158 0.725780
vt 0.066037 0.550976
vt 0.362334 0.723133
vt 0.099426 0.612207
vt 0.399604 0.715333
vt 0.136533 0.653464
vt 0.597958 0.551687
vt 0.368095 0.761913
vt 0.325331 0.765321
vt 0.078604 0.625053
vt 0.049623 0.553998
vt 0.410654 0.751880
vt 0.115061 0.674487
vt 0.453123 0.734595
vt 0.155703 0.710350
vt 0.494467 0.708941
vt 0.197258 0.735684
vt 0.534940 0.672649
vt 0.239883 0.752619
vt 0.570736 0.622396
vt 0.282536 0.762287
vt 0.561318 0.693985
vt 0.518797 0.738845
vt 0.225912 0.794586
vt 0.177482 0.772608
vt 0.595966 0.633803
vt 0.275419 0.807341
vt 0.615920 0.552767
vt 0.325535 0.811379
vt 0.031682 0.554819
vt 0.375608 0.806894
vt 0.053942 0.636773
vt 0.424982 0.793708
vt 0.089034 0.695949
vt 0.473185 0.771341
vt 0.131577 0.740359
vt 0.024913 0.646664
vt 0.012364 0.552872
vt 0.443899 0.842409
vt 0.385612 0.860024
vt 0.057116 0.717697
vt 0.499195 0.812919
vt 0.100977 0.773011
vt 0.549484 0.771031
vt 0.151796 0.814499
vt 0.593260 0.714972
vt 0.207422 0.843496
vt 0.625231 0.642965
vt 0.265895 0.860577
vt 0.635379 0.551001
vt 0.325784 0.866058
s 1
usemtl マテリアル
f 970/995/240 981/996/255 980/997/256 969/998/241
f 1439/999/247 974/1000/262 973/1001/263 1438/1002/248
f 1442/1003/239 982/1004/254 981/996/255 970/995/240
f 966/1005/246 975/1006/261 974/1000/262 1439/999/247
f 971/1007/238 983/1008/253 982/1004/254 1442/1003/239
f 1440/1009/245 976/1010/260 975/1006/261 966/1005/246
f 1443/1011/237 984/1012/252 983/1008/253 971/1007/238
f 967/1013/244 977/1014/259 976/1010/260 1440/1009/245
f 1444/1015/236 985/1016/251 984/1012/252 1443/1011/237
f 1441/1017/243 978/1018/258 977/1014/259 967/1013/244
f 1445/1019/235 986/1020/250 985/1016/251 1444/1015/236
f 968/1021/242 979/1022/257 978/1018/258 1441/1017/243
f 1446/1023/234 987/1024/249 986/1020/250 1445/1019/235
f 969/998/241 980/997/256 979/1022/257 968/1021/242
f 1438/1002/248 973/1001/263 965/1025/8
f 972/1026/1 987/1024/249 1446/1023/234
f 987/1024/249 1002/1027/264 1001/1028/265 986/1020/250
f 980/997/256 995/1029/271 994/1030/272 979/1022/257
f 973/1001/263 988/1031/278 965/1025/8
f 972/1026/1 1002/1027/264 987/1024/249
f 981/996/255 996/1032/270 995/1029/271 980/997/256
f 974/1000/262 989/1033/277 988/1031/278 973/1001/263
f 982/1004/254 997/1034/269 996/1032/270 981/996/255
f 975/1006/261 990/1035/276 989/1033/277 974/1000/262
f 983/1008/253 998/1036/268 997/1034/269 982/1004/254
f 976/1010/260 991/1037/275 990/1035/276 975/1006/261
f 984/1012/252 999/1038/267 998/1036/268 983/1008/253
f 977/1014/259 992/1039/274 991/1037/275 976/1010/260
f 985/1016/251 1000/1040/266 999/1038/267 984/1012/252
f 978/1018/258 993/1041/273 992/1039/274 977/1014/259
f 986/1020/250 1001/1028/265 1000/1040/266 985/1016/251
f 979/1022/257 994/1030/272 993/1041/273 978/1018/258
f 999/1038/267 1014/1042/282 1013/1043/283 998/1036/268
f 992/1039/274 1007/1044/289 1006/1045/290 991/1037/275
f 1000/1040/266 1015/1046/281 1014/1042/282 999/1038/267
f 993/1041/273 1008/1047/288 1007/1044/289 992/1039/274
f 1001/1028/265 1016/1048/280 1015/1046/281 1000/1040/266
f 994/1030/272 1009/1049/287 1008/1047/288 993/1041/273
f 1002/1027/264 1017/1050/279 1016/1048/280 1001/1028/265
f 995/1029/271 1010/1051/286 1009/1049/287 994/1030/272
f 988/1031/278 1003/1052/293 965/1025/8
f 972/1026/1 1017/1050/279 1002/1027/264
f 996/1032/270 1011/1053/285 1010/1051/286 995/1029/271
f 989/1033/277 1004/1054/292 1003/1052/293 988/1031/278
f 997/1034/269 1012/1055/284 1011/1053/285 996/1032/270
f 990/1035/276 1005/1056/291 1004/1054/292 989/1033/277
f 998/1036/268 1013/1043/283 1012/1055/284 997/1034/269
f 991/1037/275 1006/1045/290 1005/1056/291 990/1035/276
f 1003/1052/293 1018/1057/308 965/1025/8
f 972/1026/1 1032/1058/294 1017/1050/279
f 1011/1053/285 1026/1059/300 1025/1060/301 1010/1051/286
f 1004/1054/292 1019/1061/307 1018/1057/308 1003/1052/293
f 1012/1055/284 1027/1062/299 1026/1059/300 1011/1053/285
f 1005/1056/291 1020/1063/306 1019/1061/307 1004/1054/292
f 1013/1043/283 1028/1064/298 1027/1062/299 1012/1055/284
f 1006/1045/290 1021/1065/305 1020/1063/306 1005/1056/291
f 1014/1042/282 1029/1066/297 1028/1064/298 1013/1043/283
f 1007/1044/289 1022/1067/304 1021/1065/305 1006/1045/290
f 1015/1046/281 1030/1068/296 1029/1066/297 1014/1042/282
f 1008/1047/288 1023/1069/303 1022/1067/304 1007/1044/289
f 1016/1048/280 1031/1070/295 1030/1068/296 1015/1046/281
f 1009/1049/287 1024/1071/302 1023/1069/303 1008/1047/288
f 1017/1050/279 1032/1058/294 1031/1070/295 1016/1048/280
f 1010/1051/286 1025/1060/301 1024/1071/302 1009/1049/287
f 1022/1067/304 1037/1072/319 1036/1073/320 1021/1065/305
f 1030/1068/296 1045/1074/311 1044/1075/312 1029/1066/297
f 1023/1069/303 1038/1076/318 1037/1072/319 1022/1067/304
f 1031/1070/295 1046/1077/310 1045/1074/311 1030/1068/296
f 1024/1071/302 1039/1078/317 1038/1076/318 1023/1069/303
f 1032/1058/294 1047/1079/309 1046/1077/310 1031/1070/295
f 1025/1060/301 1040/1080/316 1039/1078/317 1024/1071/302
f 1018/1057/308 1033/1081/323 965/1025/8
f 972/1026/1 1047/1079/309 1032/1058/294
f 1026/1059/300 1041/1082/315 1040/1080/316 1025/1060/301
f 1019/1061/307 1034/1083/322 1033/1081/323 1018/1057/308
f 1027/1062/299 1042/1084/314 1041/1082/315 1026/1059/300
f 1020/1063/306 1035/1085/321 1034/1083/322 1019/1061/307
f 1028/1064/298 1043/1086/313 1042/1084/314 1027/1062/299
f 1021/1065/305 1036/1073/320 1035/1085/321 1020/1063/306
f 1029/1066/297 1044/1075/312 1043/1086/313 1028/1064/298
f 1041/1082/315 1056/1087/330 1055/1088/331 1040/1080/316
f 1034/1083/322 1049/1089/337 1048/1090/338 1033/1081/323
f 1042/1084/314 1057/1091/329 1056/1087/330 1041/1082/315
f 1035/1085/321 1050/1092/336 1049/1089/337 1034/1083/322
f 1043/1086/313 1058/1093/328 1057/1091/329 1042/1084/314
f 1036/1073/320 1051/1094/335 1050/1092/336 1035/1085/321
f 1044/1075/312 1059/1095/327 1058/1093/328 1043/1086/313
f 1037/1072/319 1052/1096/334 1051/1094/335 1036/1073/320
f 1045/1074/311 1060/1097/326 1059/1095/327 1044/1075/312
f 1038/1076/318 1053/1098/333 1052/1096/334 1037/1072/319
f 1046/1077/310 1061/1099/325 1060/1097/326 1045/1074/311
f 1039/1078/317 1054/1100/332 1053/1098/333 1038/1076/318
f 1047/1079/309 1062/1101/324 1061/1099/325 1046/1077/310
f 1040/1080/316 1055/1088/331 1054/1100/332 1039/1078/317
f 1033/1081/323 1048/1090/338 965/1025/8
f 972/1026/1 1062/1101/324 1047/1079/309
f 1060/1097/326 1075/1102/341 1074/1103/342 1059/1095/327
f 1053/1098/333 1068/1104/348 1067/1105/349 1052/1096/334
f 1061/1099/325 1076/1106/340 1075/1102/341 1060/1097/326
f 1054/1100/332 1069/1107/347 1068/1104/348 1053/1098/333
f 1062/1101/324 1077/1108/339 1076/1106/340 1061/1099/325
f 1055/1088/331 1070/1109/346 1069/1107/347 1054/1100/332
f 1048/1090/338 1063/1110/353 965/1025/8
f 972/1026/1 1077/1108/339 1062/1101/324
f 1056/1087/330 1071/1111/345 1070/1109/346 1055/1088/331
f 1049/1089/337 1064/1112/352 1063/1110/353 1048/1090/338
f 1057/1091/329 1072/1113/344 1071/1111/345 1056/1087/330
f 1050/1092/336 1065/1114/351 1064/1112/352 1049/1089/337
f 1058/1093/328 1073/1115/343 1072/1113/344 1057/1091/329
f 1051/1094/335 1066/1116/350 1065/1114/351 1050/1092/336
f 1059/1095/327 1074/1103/342 1073/1115/343 1058/1093/328
f 1052/1096/334 1067/1105/349 1066/1116/350 1051/1094/335
f 1064/1112/352 1079/1117/367 1078/1118/368 1063/1110/353
f 1072/1113/344 1087/1119/359 1086/1120/360 1071/1111/345
f 1065/1114/351 1080/1121/366 1079/1117/367 1064/1112/352
f 1073/1115/343 1088/1122/358 1087/1119/359 1072/1113/344
f 1066/1116/350 1081/1123/365 1080/1121/366 1065/1114/351
f 1074/1103/342 1089/1124/357 1088/1122/358 1073/1115/343
f 1067/1105/349 1082/1125/364 1081/1123/365 1066/1116/350
f 1075/1102/341 1090/1126/356 1089/1124/357 1074/1103/342
f 1068/1104/348 1083/1127/363 1082/1125/364 1067/1105/349
f 1076/1106/340 1091/1128/355 1090/1126/356 1075/1102/341
f 1069/1107/347 1084/1129/362 1083/1127/363 1068/1104/348
f 1077/1108/339 1092/1130/354 1091/1128/355 1076/1106/340
f 1070/1109/346 1085/1131/361 1084/1129/362 1069/1107/347
f 1063/1110/353 1078/1118/368 965/1025/8
f 972/1026/1 1092/1130/354 1077/1108/339
f 1071/1111/345 1086/1120/360 1085/1131/361 1070/1109/346
f 1083/1127/363 1098/1132/378 1097/1133/379 1082/1125/364
f 1091/1128/355 1106/1134/370 1105/1135/371 1090/1126/356
f 1084/1129/362 1099/1136/377 1098/1132/378 1083/1127/363
f 1092/1130/354 1107/1137/369 1106/1134/370 1091/1128/355
f 1085/1131/361 1100/1138/376 1099/1136/377 1084/1129/362
f 1078/1118/368 1093/1139/383 965/1025/8
f 972/1026/1 1107/1137/369 1092/1130/354
f 1086/1120/360 1101/1140/375 1100/1138/376 1085/1131/361
f 1079/1117/367 1094/1141/382 1093/1139/383 1078/1118/368
f 1087/1119/359 1102/1142/374 1101/1140/375 1086/1120/360
f 1080/1121/366 1095/1143/381 1094/1141/382 1079/1117/367
f 1088/1122/358 1103/1144/373 1102/1142/374 1087/1119/359
f 1081/1123/365 1096/1145/380 1095/1143/381 1080/1121/366
f 1089/1124/357 1104/1146/372 1103/1144/373 1088/1122/358
f 1082/1125/364 1097/1133/379 1096/1145/380 1081/1123/365
f 1090/1126/356 1105/1135/371 1104/1146/372 1089/1124/357
f 1102/1142/374 1117/1147/389 1116/1148/390 1101/1140/375
f 1095/1143/381 1110/1149/396 1109/1150/397 1094/1141/382
f 1103/1144/373 1118/1151/388 1117/1147/389 1102/1142/374
f 1096/1145/380 1111/1152/395 1110/1149/396 1095/1143/381
f 1104/1146/372 1119/1153/387 1118/1151/388 1103/1144/373
f 1097/1133/379 1112/1154/394 1111/1152/395 1096/1145/380
f 1105/1135/371 1120/1155/386 1119/1153/387 1104/1146/372
f 1098/1132/378 1113/1156/393 1112/1154/394 1097/1133/379
f 1106/1134/370 1121/1157/385 1120/1155/386 1105/1135/371
f 1099/1136/377 1114/1158/392 1113/1156/393 1098/1132/378
f 1107/1137/369 1122/1159/384 1121/1157/385 1106/1134/370
f 1100/1138/376 1115/1160/391 1114/1158/392 1099/1136/377
f 1093/1139/383 1108/1161/398 965/1025/8
f 972/1026/1 1122/1159/384 1107/1137/369
f 1101/1140/375 1116/1148/390 1115/1160/391 1100/1138/376
f 1094/1141/382 1109/1150/397 1108/1161/398 1093/1139/383
f 1121/1157/385 1136/1162/400 1135/1163/401 1120/1155/386
f 1114/1158/392 1129/1164/407 1128/1165/408 1113/1156/393
f 1122/1159/384 1137/1166/399 1136/1162/400 1121/1157/385
f 1115/1160/391 1130/1167/406 1129/1164/407 1114/1158/392
f 1108/1161/398 1123/1168/413 965/1025/8
f 972/1026/1 1137/1166/399 1122/1159/384
f 1116/1148/390 1131/1169/405 1130/1167/406 1115/1160/391
f 1109/1150/397 1124/1170/412 1123/1168/413 1108/1161/398
f 1117/1147/389 1132/1171/404 1131/1169/405 1116/1148/390
f 1110/1149/396 1125/1172/411 1124/1170/412 1109/1150/397
f 1118/1151/388 1133/1173/403 1132/1171/404 1117/1147/389
f 1111/1152/395 1126/1174/410 1125/1172/411 1110/1149/396
f 1119/1153/387 1134/1175/402 1133/1173/403 1118/1151/388
f 1112/1154/394 1127/1176/409 1126/1174/410 1111/1152/395
f 1120/1155/386 1135/1163/401 1134/1175/402 1119/1153/387
f 1113/1156/393 1128/1165/408 1127/1176/409 1112/1154/394
f 1133/1173/403 1148/1177/418 1147/1178/419 1132/1171/404
f 1126/1174/410 1141/1179/425 1140/1180/426 1125/1172/411
f 1134/1175/402 1149/1181/417 1148/1177/418 1133/1173/403
f 1127/1176/409 1142/1182/424 1141/1179/425 1126/1174/410
f 1135/1163/401 1150/1183/416 1149/1181/417 1134/1175/402
f 1128/1165/408 1143/1184/423 1142/1182/424 1127/1176/409
f 1136/1162/400 1151/1185/415 1150/1183/416 1135/1163/401
f 1129/1164/407 1144/1186/422 1143/1184/423 1128/1165/408
f 1137/1166/399 1152/1187/414 1151/1185/415 1136/1162/400
f 1130/1167/406 1145/1188/421 1144/1186/422 1129/1164/407
f 1123/1168/413 1138/1189/428 965/1025/8
f 972/1026/1 1152/1187/414 1137/1166/399
f 1131/1169/405 1146/1190/420 1145/1188/421 1130/1167/406
f 1124/1170/412 1139/1191/427 1138/1189/428 1123/1168/413
f 1132/1171/404 1147/1178/419 1146/1190/420 1131/1169/405
f 1125/1172/411 1140/1180/426 1139/1191/427 1124/1170/412
f 1152/1187/414 1167/1192/429 1166/1193/430 1151/1185/415
f 1145/1188/421 1160/1194/436 1159/1195/437 1144/1186/422
f 1138/1189/428 1153/1196/443 965/1025/8
f 972/1026/1 1167/1192/429 1152/1187/414
f 1146/1190/420 1161/1197/435 1160/1194/436 1145/1188/421
f 1139/1191/427 1154/1198/442 1153/1196/443 1138/1189/428
f 1147/1178/419 1162/1199/434 1161/1197/435 1146/1190/420
f 1140/1180/426 1155/1200/441 1154/1198/442 1139/1191/427
f 1148/1177/418 1163/1201/433 1162/1199/434 1147/1178/419
f 1141/1179/425 1156/1202/440 1155/1200/441 1140/1180/426
f 1149/1181/417 1164/1203/432 1163/1201/433 1148/1177/418
f 1142/1182/424 1157/1204/439 1156/1202/440 1141/1179/425
f 1150/1183/416 1165/1205/431 1164/1203/432 1149/1181/417
f 1143/1184/423 1158/1206/438 1157/1204/439 1142/1182/424
f 1151/1185/415 1166/1193/430 1165/1205/431 1150/1183/416
f 1144/1186/422 1159/1195/437 1158/1206/438 1143/1184/423
f 1156/1202/440 1171/1207/455 1170/1208/456 1155/1200/441
f 1164/1203/432 1179/1209/447 1178/1210/448 1163/1201/433
f 1157/1204/439 1172/1211/454 1171/1207/455 1156/1202/440
f 1165/1205/431 1180/1212/446 1179/1209/447 1164/1203/432
f 1158/1206/438 1173/1213/453 1172/1211/454 1157/1204/439
f 1166/1193/430 1181/1214/445 1180/1212/446 1165/1205/431
f 1159/1195/437 1174/1215/452 1173/1213/453 1158/1206/438
f 1167/1192/429 1182/1216/444 1181/1214/445 1166/1193/430
f 1160/1194/436 1175/1217/451 1174/1215/452 1159/1195/437
f 1153/1196/443 1168/1218/458 965/1025/8
f 972/1026/1 1182/1216/444 1167/1192/429
f 1161/1197/435 1176/1219/450 1175/1217/451 1160/1194/436
f 1154/1198/442 1169/1220/457 1168/1218/458 1153/1196/443
f 1162/1199/434 1177/1221/449 1176/1219/450 1161/1197/435
f 1155/1200/441 1170/1208/456 1169/1220/457 1154/1198/442
f 1163/1201/433 1178/1210/448 1177/1221/449 1162/1199/434
f 1175/1217/451 1190/1222/466 1189/1223/467 1174/1215/452
f 1168/1218/458 1183/1224/473 965/1025/8
f 972/1026/1 1197/1225/459 1182/1216/444
f 1176/1219/450 1191/1226/465 1190/1222/466 1175/1217/451
f 1169/1220/457 1184/1227/472 1183/1224/473 1168/1218/458
f 1177/1221/449 1192/1228/464 1191/1226/465 1176/1219/450
f 1170/1208/456 1185/1229/471 1184/1227/472 1169/1220/457
f 1178/1210/448 1193/1230/463 1192/1228/464 1177/1221/449
f 1171/1207/455 1186/1231/470 1185/1229/471 1170/1208/456
f 1179/1209/447 1194/1232/462 1193/1230/463 1178/1210/448
f 1172/1211/454 1187/1233/469 1186/1231/470 1171/1207/455
f 1180/1212/446 1195/1234/461 1194/1232/462 1179/1209/447
f 1173/1213/453 1188/1235/468 1187/1233/469 1172/1211/454
f 1181/1214/445 1196/1236/460 1195/1234/461 1180/1212/446
f 1174/1215/452 1189/1223/467 1188/1235/468 1173/1213/453
f 1182/1216/444 1197/1225/459 1196/1236/460 1181/1214/445
f 1194/1232/462 1209/1237/476 1208/1238/3 1193/1230/463
f 1187/1233/469 1202/1239/7 1201/1240/479 1186/1231/470
f 1195/1234/461 1210/1241/2 1209/1237/476 1194/1232/462
f 1188/1235/468 1203/1242/478 1202/1239/7 1187/1233/469
f 1196/1236/460 1211/1243/475 1210/1241/2 1195/1234/461
f 1189/1223/467 1204/1244/6 1203/1242/478 1188/1235/468
f 1197/1225/459 1212/1245/474 1211/1243/475 1196/1236/460
f 1190/1222/466 1205/1246/5 1204/1244/6 1189/1223/467
f 1183/1224/473 1198/1247/482 965/1025/8
f 972/1026/1 1212/1245/474 1197/1225/459
f 1191/1226/465 1206/1248/4 1205/1246/5 1190/1222/466
f 1184/1227/472 1199/1249/481 1198/1247/482 1183/1224/473
f 1192/1228/464 1207/1250/477 1206/1248/4 1191/1226/465
f 1185/1229/471 1200/1251/480 1199/1249/481 1184/1227/472
f 1193/1230/463 1208/1238/3 1207/1250/477 1192/1228/464
f 1186/1231/470 1201/1240/479 1200/1251/480 1185/1229/471
f 1198/1247/482 1213/1252/23 965/1025/8
f 972/1026/1 1227/1253/9 1212/1245/474
f 1206/1248/4 1221/1254/15 1220/1255/16 1205/1246/5
f 1199/1249/481 1214/1256/22 1213/1252/23 1198/1247/482
f 1207/1250/477 1222/1257/14 1221/1254/15 1206/1248/4
f 1200/1251/480 1215/1258/21 1214/1256/22 1199/1249/481
f 1208/1238/3 1223/1259/13 1222/1257/14 1207/1250/477
f 1201/1240/479 1216/1260/20 1215/1258/21 1200/1251/480
f 1209/1237/476 1224/1261/12 1223/1259/13 1208/1238/3
f 1202/1239/7 1217/1262/19 1216/1260/20 1201/1240/479
f 1210/1241/2 1225/1263/11 1224/1261/12 1209/1237/476
f 1203/1242/478 1218/1264/18 1217/1262/19 1202/1239/7
f 1211/1243/475 1226/1265/10 1225/1263/11 1210/1241/2
f 1204/1244/6 1219/1266/17 1218/1264/18 1203/1242/478
f 1212/1245/474 1227/1253/9 1226/1265/10 1211/1243/475
f 1205/1246/5 1220/1255/16 1219/1266/17 1204/1244/6
f 1217/1262/19 1232/1267/34 1231/1268/35 1216/1260/20
f 1225/1263/11 1240/1269/26 1239/1270/27 1224/1261/12
f 1218/1264/18 1233/1271/33 1232/1267/34 1217/1262/19
f 1226/1265/10 1241/1272/25 1240/1269/26 1225/1263/11
f 1219/1266/17 1234/1273/32 1233/1271/33 1218/1264/18
f 1227/1253/9 1242/1274/24 1241/1272/25 1226/1265/10
f 1220/1255/16 1235/1275/31 1234/1273/32 1219/1266/17
f 1213/1252/23 1228/1276/38 965/1025/8
f 972/1026/1 1242/1274/24 1227/1253/9
f 1221/1254/15 1236/1277/30 1235/1275/31 1220/1255/16
f 1214/1256/22 1229/1278/37 1228/1276/38 1213/1252/23
f 1222/1257/14 1237/1279/29 1236/1277/30 1221/1254/15
f 1215/1258/21 1230/1280/36 1229/1278/37 1214/1256/22
f 1223/1259/13 1238/1281/28 1237/1279/29 1222/1257/14
f 1216/1260/20 1231/1268/35 1230/1280/36 1215/1258/21
f 1224/1261/12 1239/1270/27 1238/1281/28 1223/1259/13
f 1236/1277/30 1251/1282/45 1250/1283/46 1235/1275/31
f 1229/1278/37 1244/1284/52 1243/1285/483 1228/1276/38
f 1237/1279/29 1252/1286/44 1251/1282/45 1236/1277/30
f 1230/1280/36 1245/1287/51 1244/1284/52 1229/1278/37
f 1238/1281/28 1253/1288/43 1252/1286/44 1237/1279/29
f 1231/1268/35 1246/1289/50 1245/1287/51 1230/1280/36
f 1239/1270/27 1254/1290/42 1253/1288/43 1238/1281/28
f 1232/1267/34 1247/1291/49 1246/1289/50 1231/1268/35
f 1240/1269/26 1255/1292/41 1254/1290/42 1239/1270/27
f 1233/1271/33 1248/1293/48 1247/1291/49 1232/1267/34
f 1241/1272/25 1256/1294/40 1255/1292/41 1240/1269/26
f 1234/1273/32 1249/1295/47 1248/1293/48 1233/1271/33
f 1242/1274/24 1257/1296/39 1256/1294/40 1241/1272/25
f 1235/1275/31 1250/1283/46 1249/1295/47 1234/1273/32
f 1228/1276/38 1243/1285/483 965/1025/8
f 972/1026/1 1257/1296/39 1242/1274/24
f 1255/1292/41 1270/1297/56 1269/1298/57 1254/1290/42
f 1248/1293/48 1263/1299/63 1262/1300/64 1247/1291/49
f 1256/1294/40 1271/1301/55 1270/1297/56 1255/1292/41
f 1249/1295/47 1264/1302/62 1263/1299/63 1248/1293/48
f 1257/1296/39 1272/1303/54 1271/1301/55 1256/1294/40
f 1250/1283/46 1265/1304/61 1264/1302/62 1249/1295/47
f 1243/1285/483 1258/1305/68 965/1025/8
f 972/1026/1 1272/1303/54 1257/1296/39
f 1251/1282/45 1266/1306/60 1265/1304/61 1250/1283/46
f 1244/1284/52 1259/1307/67 1258/1305/68 1243/1285/483
f 1252/1286/44 1267/1308/59 1266/1306/60 1251/1282/45
f 1245/1287/51 1260/1309/66 1259/1307/67 1244/1284/52
f 1253/1288/43 1268/1310/58 1267/1308/59 1252/1286/44
f 1246/1289/50 1261/1311/65 1260/1309/66 1245/1287/51
f 1254/1290/42 1269/1298/57 1268/1310/58 1253/1288/43
f 1247/1291/49 1262/1300/64 1261/1311/65 1246/1289/50
f 1267/1308/59 1282/1312/74 1281/1313/75 1266/1306/60
f 1260/1309/66 1275/1314/81 1274/1315/82 1259/1307/67
f 1268/1310/58 1283/1316/73 1282/1312/74 1267/1308/59
f 1261/1311/65 1276/1317/80 1275/1314/81 1260/1309/66
f 1269/1298/57 1284/1318/72 1283/1316/73 1268/1310/58
f 1262/1300/64 1277/1319/79 1276/1317/80 1261/1311/65
f 1270/1297/56 1285/1320/71 1284/1318/72 1269/1298/57
f 1263/1299/63 1278/1321/78 1277/1319/79 1262/1300/64
f 1271/1301/55 1286/1322/70 1285/1320/71 1270/1297/56
f 1264/1302/62 1279/1323/77 1278/1321/78 1263/1299/63
f 1272/1303/54 1287/1324/69 1286/1322/70 1271/1301/55
f 1265/1304/61 1280/1325/76 1279/1323/77 1264/1302/62
f 1258/1305/68 1273/1326/83 965/1025/8
f 972/1026/1 1287/1324/69 1272/1303/54
f 1266/1306/60 1281/1313/75 1280/1325/76 1265/1304/61
f 1259/1307/67 1274/1315/82 1273/1326/83 1258/1305/68
f 1286/1322/70 1301/1327/85 1300/1328/86 1285/1320/71
f 1279/1323/77 1294/1329/92 1293/1330/93 1278/1321/78
f 1287/1324/69 1302/1331/84 1301/1327/85 1286/1322/70
f 1280/1325/76 1295/1332/91 1294/1329/92 1279/1323/77
f 1273/1326/83 1288/1333/98 965/1025/8
f 972/1026/1 1302/1331/84 1287/1324/69
f 1281/1313/75 1296/1334/90 1295/1332/91 1280/1325/76
f 1274/1315/82 1289/1335/97 1288/1333/98 1273/1326/83
f 1282/1312/74 1297/1336/89 1296/1334/90 1281/1313/75
f 1275/1314/81 1290/1337/96 1289/1335/97 1274/1315/82
f 1283/1316/73 1298/1338/88 1297/1336/89 1282/1312/74
f 1276/1317/80 1291/1339/95 1290/1337/96 1275/1314/81
f 1284/1318/72 1299/1340/87 1298/1338/88 1283/1316/73
f 1277/1319/79 1292/1341/94 1291/1339/95 1276/1317/80
f 1285/1320/71 1300/1328/86 1299/1340/87 1284/1318/72
f 1278/1321/78 1293/1330/93 1292/1341/94 1277/1319/79
f 1290/1337/96 1305/1342/111 1304/1343/112 1289/1335/97
f 1298/1338/88 1313/1344/103 1312/1345/104 1297/1336/89
f 1291/1339/95 1306/1346/110 1305/1342/111 1290/1337/96
f 1299/1340/87 1314/1347/102 1313/1344/103 1298/1338/88
f 1292/1341/94 1307/1348/109 1306/1346/110 1291/1339/95
f 1300/1328/86 1315/1349/101 1314/1347/102 1299/1340/87
f 1293/1330/93 1308/1350/108 1307/1348/109 1292/1341/94
f 1301/1327/85 1316/1351/100 1315/1349/101 1300/1328/86
f 1294/1329/92 1309/1352/107 1308/1350/108 1293/1330/93
f 1302/1331/84 1317/1353/99 1316/1351/100 1301/1327/85
f 1295/1332/91 1310/1354/106 1309/1352/107 1294/1329/92
f 1288/1333/98 1303/1355/113 965/1025/8
f 972/1026/1 1317/1353/99 1302/1331/84
f 1296/1334/90 1311/1356/105 1310/1354/106 1295/1332/91
f 1289/1335/97 1304/1343/112 1303/1355/113 1288/1333/98
f 1297/1336/89 1312/1345/104 1311/1356/105 1296/1334/90
f 1309/1352/107 1324/1357/122 1323/1358/123 1308/1350/108
f 1317/1353/99 1332/1359/114 1331/1360/115 1316/1351/100
f 1310/1354/106 1325/1361/121 1324/1357/122 1309/1352/107
f 1303/1355/113 1318/1362/128 965/1025/8
f 972/1026/1 1332/1359/114 1317/1353/99
f 1311/1356/105 1326/1363/120 1325/1361/121 1310/1354/106
f 1304/1343/112 1319/1364/127 1318/1362/128 1303/1355/113
f 1312/1345/104 1327/1365/119 1326/1363/120 1311/1356/105
f 1305/1342/111 1320/1366/126 1319/1364/127 1304/1343/112
f 1313/1344/103 1328/1367/118 1327/1365/119 1312/1345/104
f 1306/1346/110 1321/1368/125 1320/1366/126 1305/1342/111
f 1314/1347/102 1329/1369/117 1328/1367/118 1313/1344/103
f 1307/1348/109 1322/1370/124 1321/1368/125 1306/1346/110
f 1315/1349/101 1330/1371/116 1329/1369/117 1314/1347/102
f 1308/1350/108 1323/1358/123 1322/1370/124 1307/1348/109
f 1316/1351/100 1331/1360/115 1330/1371/116 1315/1349/101
f 1328/1367/118 1343/1372/133 1342/1373/134 1327/1365/119
f 1321/1368/125 1336/1374/140 1335/1375/141 1320/1366/126
f 1329/1369/117 1344/1376/132 1343/1372/133 1328/1367/118
f 1322/1370/124 1337/1377/139 1336/1374/140 1321/1368/125
f 1330/1371/116 1345/1378/131 1344/1376/132 1329/1369/117
f 1323/1358/123 1338/1379/138 1337/1377/139 1322/1370/124
f 1331/1360/115 1346/1380/130 1345/1378/131 1330/1371/116
f 1324/1357/122 1339/1381/137 1338/1379/138 1323/1358/123
f 1332/1359/114 1347/1382/129 1346/1380/130 1331/1360/115
f 1325/1361/121 1340/1383/136 1339/1381/137 1324/1357/122
f 1318/1362/128 1333/1384/143 965/1025/8
f 972/1026/1 1347/1382/129 1332/1359/114
f 1326/1363/120 1341/1385/135 1340/1383/136 1325/1361/121
f 1319/1364/127 1334/1386/142 1333/1384/143 1318/1362/128
f 1327/1365/119 1342/1373/134 1341/1385/135 1326/1363/120
f 1320/1366/126 1335/1375/141 1334/1386/142 1319/1364/127
f 1347/1382/129 1362/1387/144 1361/1388/145 1346/1380/130
f 1340/1383/136 1355/1389/151 1354/1390/152 1339/1381/137
f 1333/1384/143 1348/1391/158 965/1025/8
f 972/1026/1 1362/1387/144 1347/1382/129
f 1341/1385/135 1356/1392/150 1355/1389/151 1340/1383/136
f 1334/1386/142 1349/1393/157 1348/1391/158 1333/1384/143
f 1342/1373/134 1357/1394/149 1356/1392/150 1341/1385/135
f 1335/1375/141 1350/1395/156 1349/1393/157 1334/1386/142
f 1343/1372/133 1358/1396/148 1357/1394/149 1342/1373/134
f 1336/1374/140 1351/1397/155 1350/1395/156 1335/1375/141
f 1344/1376/132 1359/1398/147 1358/1396/148 1343/1372/133
f 1337/1377/139 1352/1399/154 1351/1397/155 1336/1374/140
f 1345/1378/131 1360/1400/146 1359/1398/147 1344/1376/132
f 1338/1379/138 1353/1401/153 1352/1399/154 1337/1377/139
f 1346/1380/130 1361/1388/145 1360/1400/146 1345/1378/131
f 1339/1381/137 1354/1390/152 1353/1401/153 1338/1379/138
f 1351/1397/155 1366/1402/170 1365/1403/171 1350/1395/156
f 1359/1398/147 1374/1404/162 1373/1405/163 1358/1396/148
f 1352/1399/154 1367/1406/169 1366/1402/170 1351/1397/155
f 1360/1400/146 1375/1407/161 1374/1404/162 1359/1398/147
f 1353/1401/153 1368/1408/168 1367/1406/169 1352/1399/154
f 1361/1388/145 1376/1409/160 1375/1407/161 1360/1400/146
f 1354/1390/152 1369/1410/167 1368/1408/168 1353/1401/153
f 1362/1387/144 1377/1411/159 1376/1409/160 1361/1388/145
f 1355/1389/151 1370/1412/166 1369/1410/167 1354/1390/152
f 1348/1391/158 1363/1413/173 965/1025/8
f 972/1026/1 1377/1411/159 1362/1387/144
f 1356/1392/150 1371/1414/165 1370/1412/166 1355/1389/151
f 1349/1393/157 1364/1415/172 1363/1413/173 1348/1391/158
f 1357/1394/149 1372/1416/164 1371/1414/165 1356/1392/150
f 1350/1395/156 1365/1403/171 1364/1415/172 1349/1393/157
f 1358/1396/148 1373/1405/163 1372/1416/164 1357/1394/149
f 1370/1412/166 1385/1417/181 1384/1418/182 1369/1410/167
f 1363/1413/173 1378/1419/188 965/1025/8
f 972/1026/1 1392/1420/174 1377/1411/159
f 1371/1414/165 1386/1421/180 1385/1417/181 1370/1412/166
f 1364/1415/172 1379/1422/187 1378/1419/188 1363/1413/173
f 1372/1416/164 1387/1423/179 1386/1421/180 1371/1414/165
f 1365/1403/171 1380/1424/186 1379/1422/187 1364/1415/172
f 1373/1405/163 1388/1425/178 1387/1423/179 1372/1416/164
f 1366/1402/170 1381/1426/185 1380/1424/186 1365/1403/171
f 1374/1404/162 1389/1427/177 1388/1425/178 1373/1405/163
f 1367/1406/169 1382/1428/184 1381/1426/185 1366/1402/170
f 1375/1407/161 1390/1429/176 1389/1427/177 1374/1404/162
f 1368/1408/168 1383/1430/183 1382/1428/184 1367/1406/169
f 1376/1409/160 1391/1431/175 1390/1429/176 1375/1407/161
f 1369/1410/167 1384/1418/182 1383/1430/183 1368/1408/168
f 1377/1411/159 1392/1420/174 1391/1431/175 1376/1409/160
f 1389/1427/177 1404/1432/192 1403/1433/193 1388/1425/178
f 1382/1428/184 1397/1434/199 1396/1435/200 1381/1426/185
f 1390/1429/176 1405/1436/191 1404/1432/192 1389/1427/177
f 1383/1430/183 1398/1437/198 1397/1434/199 1382/1428/184
f 1391/1431/175 1406/1438/190 1405/1436/191 1390/1429/176
f 1384/1418/182 1399/1439/197 1398/1437/198 1383/1430/183
f 1392/1420/174 1407/1440/189 1406/1438/190 1391/1431/175
f 1385/1417/181 1400/1441/196 1399/1439/197 1384/1418/182
f 1378/1419/188 1393/1442/203 965/1025/8
f 972/1026/1 1407/1440/189 1392/1420/174
f 1386/1421/180 1401/1443/195 1400/1441/196 1385/1417/181
f 1379/1422/187 1394/1444/202 1393/1442/203 1378/1419/188
f 1387/1423/179 1402/1445/194 1401/1443/195 1386/1421/180
f 1380/1424/186 1395/1446/201 1394/1444/202 1379/1422/187
f 1388/1425/178 1403/1433/193 1402/1445/194 1387/1423/179
f 1381/1426/185 1396/1435/200 1395/1446/201 1380/1424/186
f 972/1026/1 1422/1447/204 1407/1440/189
f 1401/1443/195 1416/1448/210 1415/1449/211 1400/1441/196
f 1394/1444/202 1409/1450/217 1408/1451/218 1393/1442/203
f 1402/1445/194 1417/1452/209 1416/1448/210 1401/1443/195
f 1395/1446/201 1410/1453/216 1409/1450/217 1394/1444/202
f 1403/1433/193 1418/1454/208 1417/1452/209 1402/1445/194
f 1396/1435/200 1411/1455/215 1410/1453/216 1395/1446/201
f 1404/1432/192 1419/1456/207 1418/1454/208 1403/1433/193
f 1397/1434/199 1412/1457/214 1411/1455/215 1396/1435/200
f 1405/1436/191 1420/1458/206 1419/1456/207 1404/1432/192
f 1398/1437/198 1413/1459/213 1412/1457/214 1397/1434/199
f 1406/1438/190 1421/1460/205 1420/1458/206 1405/1436/191
f 1399/1439/197 1414/1461/212 1413/1459/213 1398/1437/198
f 1407/1440/189 1422/1447/204 1421/1460/205 1406/1438/190
f 1400/1441/196 1415/1449/211 1414/1461/212 1399/1439/197
f 1393/1442/203 1408/1451/218 965/1025/8
f 1420/1458/206 1435/1462/221 1434/1463/222 1419/1456/207
f 1413/1459/213 1428/1464/228 1427/1465/229 1412/1457/214
f 1421/1460/205 1436/1466/220 1435/1462/221 1420/1458/206
f 1414/1461/212 1429/1467/227 1428/1464/228 1413/1459/213
f 1422/1447/204 1437/1468/219 1436/1466/220 1421/1460/205
f 1415/1449/211 1430/1469/226 1429/1467/227 1414/1461/212
f 1408/1451/218 1423/1470/233 965/1025/8
f 972/1026/1 1437/1468/219 1422/1447/204
f 1416/1448/210 1431/1471/225 1430/1469/226 1415/1449/211
f 1409/1450/217 1424/1472/232 1423/1470/233 1408/1451/218
f 1417/1452/209 1432/1473/224 1431/1471/225 1416/1448/210
f 1410/1453/216 1425/1474/231 1424/1472/232 1409/1450/217
f 1418/1454/208 1433/1475/223 1432/1473/224 1417/1452/209
f 1411/1455/215 1426/1476/230 1425/1474/231 1410/1453/216
f 1419/1456/207 1434/1463/222 1433/1475/223 1418/1454/208
f 1412/1457/214 1427/1465/229 1426/1476/230 1411/1455/215
f 1424/1472/232 1439/1477/247 1438/1478/248 1423/1470/233
f 1432/1473/224 1442/1479/239 970/1480/240 1431/1471/225
f 1425/1474/231 966/1481/246 1439/1477/247 1424/1472/232
f 1433/1475/223 971/1482/238 1442/1479/239 1432/1473/224
f 1426/1476/230 1440/1483/245 966/1481/246 1425/1474/231
f 1434/1463/222 1443/1484/237 971/1482/238 1433/1475/223
f 1427/1465/229 967/1485/244 1440/1483/245 1426/1476/230
f 1435/1462/221 1444/1486/236 1443/1484/237 1434/1463/222
f 1428/1464/228 1441/1487/243 967/1485/244 1427/1465/229
f 1436/1466/220 1445/1488/235 1444/1486/236 1435/1462/221
f 1429/1467/227 968/1489/242 1441/1487/243 1428/1464/228
f 1437/1468/219 1446/1490/234 1445/1488/235 1436/1466/220
f 1430/1469/226 969/1491/241 968/1489/242 1429/1467/227
f 1423/1470/233 1438/1478/248 965/1025/8
f 972/1026/1 1446/1490/234 1437/1468/219
f 1431/1471/225 970/1480/240 969/1491/241 1430/1469/226
usemtl マテリアル.002
f 6/1/6 5/2/5 16/3/16 17/4/17
f 475/5/475 474/6/474 9/7/9 10/8/10
f 478/9/478 6/1/6 17/4/17 18/10/18
f 2/11/2 475/5/475 10/8/10 11/12/11
f 7/13/7 478/9/478 18/10/18 19/14/19
f 476/15/476 2/11/2 11/12/11 12/16/12
f 479/17/479 7/13/7 19/14/19 20/18/20
f 3/19/3 476/15/476 12/16/12 13/20/13
f 480/21/480 479/17/479 20/18/20 21/22/21
f 477/23/477 3/19/3 13/20/13 14/24/14
f 481/25/481 480/21/480 21/22/21 22/26/22
f 4/27/4 477/23/477 14/24/14 15/28/15
f 482/29/482 481/25/481 22/26/22 23/30/23
f 5/2/5 4/27/4 15/28/15 16/3/16
f 474/6/474 1/31/1 9/7/9
f 8/32/8 482/29/482 23/30/23
f 23/30/23 22/26/22 37/33/37 38/34/38
f 16/3/16 15/28/15 30/35/30 31/36/31
f 9/7/9 1/31/1 24/37/24
f 8/32/8 23/30/23 38/34/38
f 17/4/17 16/3/16 31/36/31 32/38/32
f 10/8/10 9/7/9 24/37/24 25/39/25
f 18/10/18 17/4/17 32/38/32 33/40/33
f 11/12/11 10/8/10 25/39/25 26/41/26
f 19/14/19 18/10/18 33/40/33 34/42/34
f 12/16/12 11/12/11 26/41/26 27/43/27
f 20/18/20 19/14/19 34/42/34 35/44/35
f 13/20/13 12/16/12 27/43/27 28/45/28
f 21/22/21 20/18/20 35/44/35 36/46/36
f 14/24/14 13/20/13 28/45/28 29/47/29
f 22/26/22 21/22/21 36/46/36 37/33/37
f 15/28/15 14/24/14 29/47/29 30/35/30
f 35/44/35 34/42/34 49/48/49 50/49/50
f 28/45/28 27/43/27 42/50/42 43/51/43
f 36/46/36 35/44/35 50/49/50 51/52/51
f 29/47/29 28/45/28 43/51/43 44/53/44
f 37/33/37 36/46/36 51/52/51 52/54/52
f 30/35/30 29/47/29 44/53/44 45/55/45
f 38/34/38 37/33/37 52/54/52 53/56/53
f 31/36/31 30/35/30 45/55/45 46/57/46
f 24/37/24 1/31/1 39/58/39
f 8/32/8 38/34/38 53/56/53
f 32/38/32 31/36/31 46/57/46 47/59/47
f 25/39/25 24/37/24 39/58/39 40/60/40
f 33/40/33 32/38/32 47/59/47 48/61/48
f 26/41/26 25/39/25 40/60/40 41/62/41
f 34/42/34 33/40/33 48/61/48 49/48/49
f 27/43/27 26/41/26 41/62/41 42/50/42
f 39/58/39 1/31/1 54/63/54
f 8/32/8 53/56/53 68/64/68
f 47/59/47 46/57/46 61/65/61 62/66/62
f 40/60/40 39/58/39 54/63/54 55/67/55
f 48/61/48 47/59/47 62/66/62 63/68/63
f 41/62/41 40/60/40 55/67/55 56/69/56
f 49/48/49 48/61/48 63/68/63 64/70/64
f 42/50/42 41/62/41 56/69/56 57/71/57
f 50/49/50 49/48/49 64/70/64 65/72/65
f 43/51/43 42/50/42 57/71/57 58/73/58
f 51/52/51 50/49/50 65/72/65 66/74/66
f 44/53/44 43/51/43 58/73/58 59/75/59
f 52/54/52 51/52/51 66/74/66 67/76/67
f 45/55/45 44/53/44 59/75/59 60/77/60
f 53/56/53 52/54/52 67/76/67 68/64/68
f 46/57/46 45/55/45 60/77/60 61/65/61
f 58/73/58 57/71/57 72/78/72 73/79/73
f 66/74/66 65/72/65 80/80/80 81/81/81
f 59/75/59 58/73/58 73/79/73 74/82/74
f 67/76/67 66/74/66 81/81/81 82/83/82
f 60/77/60 59/75/59 74/82/74 75/84/75
f 68/64/68 67/76/67 82/83/82 83/85/83
f 61/65/61 60/77/60 75/84/75 76/86/76
f 54/63/54 1/31/1 69/87/69
f 8/32/8 68/64/68 83/85/83
f 62/66/62 61/65/61 76/86/76 77/88/77
f 55/67/55 54/63/54 69/87/69 70/89/70
f 63/68/63 62/66/62 77/88/77 78/90/78
f 56/69/56 55/67/55 70/89/70 71/91/71
f 64/70/64 63/68/63 78/90/78 79/92/79
f 57/71/57 56/69/56 71/91/71 72/78/72
f 65/72/65 64/70/64 79/92/79 80/80/80
f 77/88/77 76/86/76 91/93/91 92/94/92
f 70/89/70 69/87/69 84/95/84 85/96/85
f 78/90/78 77/88/77 92/94/92 93/97/93
f 71/91/71 70/89/70 85/96/85 86/98/86
f 79/92/79 78/90/78 93/97/93 94/99/94
f 72/78/72 71/91/71 86/98/86 87/100/87
f 80/80/80 79/92/79 94/99/94 95/101/95
f 73/79/73 72/78/72 87/100/87 88/102/88
f 81/81/81 80/80/80 95/101/95 96/103/96
f 74/82/74 73/79/73 88/102/88 89/104/89
f 82/83/82 81/81/81 96/103/96 97/105/97
f 75/84/75 74/82/74 89/104/89 90/106/90
f 83/85/83 82/83/82 97/105/97 98/107/98
f 76/86/76 75/84/75 90/106/90 91/93/91
f 69/87/69 1/31/1 84/95/84
f 8/32/8 83/85/83 98/107/98
f 96/103/96 95/101/95 110/108/110 111/109/111
f 89/104/89 88/102/88 103/110/103 104/111/104
f 97/105/97 96/103/96 111/109/111 112/112/112
f 90/106/90 89/104/89 104/111/104 105/113/105
f 98/107/98 97/105/97 112/112/112 113/114/113
f 91/93/91 90/106/90 105/113/105 106/115/106
f 84/95/84 1/31/1 99/116/99
f 8/32/8 98/107/98 113/114/113
f 92/94/92 91/93/91 106/115/106 107/117/107
f 85/96/85 84/95/84 99/116/99 100/118/100
f 93/97/93 92/94/92 107/117/107 108/119/108
f 86/98/86 85/96/85 100/118/100 101/120/101
f 94/99/94 93/97/93 108/119/108 109/121/109
f 87/100/87 86/98/86 101/120/101 102/122/102
f 95/101/95 94/99/94 109/121/109 110/108/110
f 88/102/88 87/100/87 102/122/102 103/110/103
f 100/118/100 99/116/99 114/123/114 115/124/115
f 108/119/108 107/117/107 122/125/122 123/126/123
f 101/120/101 100/118/100 115/124/115 116/127/116
f 109/121/109 108/119/108 123/126/123 124/128/124
f 102/122/102 101/120/101 116/127/116 117/129/117
f 110/108/110 109/121/109 124/128/124 125/130/125
f 103/110/103 102/122/102 117/129/117 118/131/118
f 111/109/111 110/108/110 125/130/125 126/132/126
f 104/111/104 103/110/103 118/131/118 119/133/119
f 112/112/112 111/109/111 126/132/126 127/134/127
f 105/113/105 104/111/104 119/133/119 120/135/120
f 113/114/113 112/112/112 127/134/127 128/136/128
f 106/115/106 105/113/105 120/135/120 121/137/121
f 99/116/99 1/31/1 114/123/114
f 8/32/8 113/114/113 128/136/128
f 107/117/107 106/115/106 121/137/121 122/125/122
f 119/133/119 118/131/118 133/138/133 134/139/134
f 127/134/127 126/132/126 141/140/141 142/141/142
f 120/135/120 119/133/119 134/139/134 135/142/135
f 128/136/128 127/134/127 142/141/142 143/143/143
f 121/137/121 120/135/120 135/142/135 136/144/136
f 114/123/114 1/31/1 129/145/129
f 8/32/8 128/136/128 143/143/143
f 122/125/122 121/137/121 136/144/136 137/146/137
f 115/124/115 114/123/114 129/145/129 130/147/130
f 123/126/123 122/125/122 137/146/137 138/148/138
f 116/127/116 115/124/115 130/147/130 131/149/131
f 124/128/124 123/126/123 138/148/138 139/150/139
f 117/129/117 116/127/116 131/149/131 132/151/132
f 125/130/125 124/128/124 139/150/139 140/152/140
f 118/131/118 117/129/117 132/151/132 133/138/133
f 126/132/126 125/130/125 140/152/140 141/140/141
f 138/148/138 137/146/137 152/153/152 153/154/153
f 131/149/131 130/147/130 145/155/145 146/156/146
f 139/150/139 138/148/138 153/154/153 154/157/154
f 132/151/132 131/149/131 146/156/146 147/158/147
f 140/152/140 139/150/139 154/157/154 155/159/155
f 133/138/133 132/151/132 147/158/147 148/160/148
f 141/140/141 140/152/140 155/159/155 156/161/156
f 134/139/134 133/138/133 148/160/148 149/162/149
f 142/141/142 141/140/141 156/161/156 157/163/157
f 135/142/135 134/139/134 149/162/149 150/164/150
f 143/143/143 142/141/142 157/163/157 158/165/158
f 136/144/136 135/142/135 150/164/150 151/166/151
f 129/145/129 1/31/1 144/167/144
f 8/32/8 143/143/143 158/165/158
f 137/146/137 136/144/136 151/166/151 152/153/152
f 130/147/130 129/145/129 144/167/144 145/155/145
f 157/163/157 156/161/156 171/168/171 172/169/172
f 150/164/150 149/162/149 164/170/164 165/171/165
f 158/165/158 157/163/157 172/169/172 173/172/173
f 151/166/151 150/164/150 165/171/165 166/173/166
f 144/167/144 1/31/1 159/174/159
f 8/32/8 158/165/158 173/172/173
f 152/153/152 151/166/151 166/173/166 167/175/167
f 145/155/145 144/167/144 159/174/159 160/176/160
f 153/154/153 152/153/152 167/175/167 168/177/168
f 146/156/146 145/155/145 160/176/160 161/178/161
f 154/157/154 153/154/153 168/177/168 169/179/169
f 147/158/147 146/156/146 161/178/161 162/180/162
f 155/159/155 154/157/154 169/179/169 170/181/170
f 148/160/148 147/158/147 162/180/162 163/182/163
f 156/161/156 155/159/155 170/181/170 171/168/171
f 149/162/149 148/160/148 163/182/163 164/170/164
f 169/179/169 168/177/168 183/183/183 184/184/184
f 162/180/162 161/178/161 176/185/176 177/186/177
f 170/181/170 169/179/169 184/184/184 185/187/185
f 163/182/163 162/180/162 177/186/177 178/188/178
f 171/168/171 170/181/170 185/187/185 186/189/186
f 164/170/164 163/182/163 178/188/178 179/190/179
f 172/169/172 171/168/171 186/189/186 187/191/187
f 165/171/165 164/170/164 179/190/179 180/192/180
f 173/172/173 172/169/172 187/191/187 188/193/188
f 166/173/166 165/171/165 180/192/180 181/194/181
f 159/174/159 1/31/1 174/195/174
f 8/32/8 173/172/173 188/193/188
f 167/175/167 166/173/166 181/194/181 182/196/182
f 160/176/160 159/174/159 174/195/174 175/197/175
f 168/177/168 167/175/167 182/196/182 183/183/183
f 161/178/161 160/176/160 175/197/175 176/185/176
f 188/193/188 187/191/187 202/198/202 203/199/203
f 181/194/181 180/192/180 195/200/195 196/201/196
f 174/195/174 1/31/1 189/202/189
f 8/32/8 188/193/188 203/199/203
f 182/196/182 181/194/181 196/201/196 197/203/197
f 175/197/175 174/195/174 189/202/189 190/204/190
f 183/183/183 182/196/182 197/203/197 198/205/198
f 176/185/176 175/197/175 190/204/190 191/206/191
f 184/184/184 183/183/183 198/205/198 199/207/199
f 177/186/177 176/185/176 191/206/191 192/208/192
f 185/187/185 184/184/184 199/207/199 200/209/200
f 178/188/178 177/186/177 192/208/192 193/210/193
f 186/189/186 185/187/185 200/209/200 201/211/201
f 179/190/179 178/188/178 193/210/193 194/212/194
f 187/191/187 186/189/186 201/211/201 202/198/202
f 180/192/180 179/190/179 194/212/194 195/200/195
f 192/208/192 191/206/191 206/213/206 207/214/207
f 200/209/200 199/207/199 214/215/214 215/216/215
f 193/210/193 192/208/192 207/214/207 208/217/208
f 201/211/201 200/209/200 215/216/215 216/218/216
f 194/212/194 193/210/193 208/217/208 209/219/209
f 202/198/202 201/211/201 216/218/216 217/220/217
f 195/200/195 194/212/194 209/219/209 210/221/210
f 203/199/203 202/198/202 217/220/217 218/222/218
f 196/201/196 195/200/195 210/221/210 211/223/211
f 189/202/189 1/31/1 204/224/204
f 8/32/8 203/199/203 218/222/218
f 197/203/197 196/201/196 211/223/211 212/225/212
f 190/204/190 189/202/189 204/224/204 205/226/205
f 198/205/198 197/203/197 212/225/212 213/227/213
f 191/206/191 190/204/190 205/226/205 206/213/206
f 199/207/199 198/205/198 213/227/213 214/215/214
f 211/223/211 210/221/210 225/228/225 226/229/226
f 204/224/204 1/31/1 219/230/219
f 8/32/8 218/222/218 233/231/233
f 212/225/212 211/223/211 226/229/226 227/232/227
f 205/226/205 204/224/204 219/230/219 220/233/220
f 213/227/213 212/225/212 227/232/227 228/234/228
f 206/213/206 205/226/205 220/233/220 221/235/221
f 214/215/214 213/227/213 228/234/228 229/236/229
f 207/214/207 206/213/206 221/235/221 222/237/222
f 215/216/215 214/215/214 229/236/229 230/238/230
f 208/217/208 207/214/207 222/237/222 223/239/223
f 216/218/216 215/216/215 230/238/230 231/240/231
f 209/219/209 208/217/208 223/239/223 224/241/224
f 217/220/217 216/218/216 231/240/231 232/242/232
f 210/221/210 209/219/209 224/241/224 225/228/225
f 218/222/218 217/220/217 232/242/232 233/231/233
f 230/238/230 229/236/229 244/243/244 245/244/245
f 223/239/223 222/237/222 237/245/237 238/246/238
f 231/240/231 230/238/230 245/244/245 246/247/246
f 224/241/224 223/239/223 238/246/238 239/248/239
f 232/242/232 231/240/231 246/247/246 247/249/247
f 225/228/225 224/241/224 239/248/239 240/250/240
f 233/231/233 232/242/232 247/249/247 248/251/248
f 226/229/226 225/228/225 240/250/240 241/252/241
f 219/230/219 1/31/1 234/253/234
f 8/32/8 233/231/233 248/251/248
f 227/232/227 226/229/226 241/252/241 242/254/242
f 220/233/220 219/230/219 234/253/234 235/255/235
f 228/234/228 227/232/227 242/254/242 243/256/243
f 221/235/221 220/233/220 235/255/235 236/257/236
f 229/236/229 228/234/228 243/256/243 244/243/244
f 222/237/222 221/235/221 236/257/236 237/245/237
f 234/253/234 1/31/1 249/258/249
f 8/32/8 248/251/248 263/259/263
f 242/254/242 241/252/241 256/260/256 257/261/257
f 235/255/235 234/253/234 249/258/249 250/262/250
f 243/256/243 242/254/242 257/261/257 258/263/258
f 236/257/236 235/255/235 250/262/250 251/264/251
f 244/243/244 243/256/243 258/263/258 259/265/259
f 237/245/237 236/257/236 251/264/251 252/266/252
f 245/244/245 244/243/244 259/265/259 260/267/260
f 238/246/238 237/245/237 252/266/252 253/268/253
f 246/247/246 245/244/245 260/267/260 261/269/261
f 239/248/239 238/246/238 253/268/253 254/270/254
f 247/249/247 246/247/246 261/269/261 262/271/262
f 240/250/240 239/248/239 254/270/254 255/272/255
f 248/251/248 247/249/247 262/271/262 263/259/263
f 241/252/241 240/250/240 255/272/255 256/260/256
f 253/268/253 252/266/252 267/273/267 268/274/268
f 261/269/261 260/267/260 275/275/275 276/276/276
f 254/270/254 253/268/253 268/274/268 269/277/269
f 262/271/262 261/269/261 276/276/276 277/278/277
f 255/272/255 254/270/254 269/277/269 270/279/270
f 263/259/263 262/271/262 277/278/277 278/280/278
f 256/260/256 255/272/255 270/279/270 271/281/271
f 249/258/249 1/31/1 264/282/264
f 8/32/8 263/259/263 278/280/278
f 257/261/257 256/260/256 271/281/271 272/283/272
f 250/262/250 249/258/249 264/282/264 265/284/265
f 258/263/258 257/261/257 272/283/272 273/285/273
f 251/264/251 250/262/250 265/284/265 266/286/266
f 259/265/259 258/263/258 273/285/273 274/287/274
f 252/266/252 251/264/251 266/286/266 267/273/267
f 260/267/260 259/265/259 274/287/274 275/275/275
f 272/283/272 271/281/271 286/288/286 287/289/287
f 265/284/265 264/282/264 279/290/279 280/291/280
f 273/285/273 272/283/272 287/289/287 288/292/288
f 266/286/266 265/284/265 280/291/280 281/293/281
f 274/287/274 273/285/273 288/292/288 289/294/289
f 267/273/267 266/286/266 281/293/281 282/295/282
f 275/275/275 274/287/274 289/294/289 290/296/290
f 268/274/268 267/273/267 282/295/282 283/297/283
f 276/276/276 275/275/275 290/296/290 291/298/291
f 269/277/269 268/274/268 283/297/283 284/299/284
f 277/278/277 276/276/276 291/298/291 292/300/292
f 270/279/270 269/277/269 284/299/284 285/301/285
f 278/280/278 277/278/277 292/300/292 293/302/293
f 271/281/271 270/279/270 285/301/285 286/288/286
f 264/282/264 1/31/1 279/290/279
f 8/32/8 278/280/278 293/302/293
f 291/298/291 290/296/290 305/303/305 306/304/306
f 284/299/284 283/297/283 298/305/298 299/306/299
f 292/300/292 291/298/291 306/304/306 307/307/307
f 285/301/285 284/299/284 299/306/299 300/308/300
f 293/302/293 292/300/292 307/307/307 308/309/308
f 286/288/286 285/301/285 300/308/300 301/310/301
f 279/290/279 1/31/1 294/311/294
f 8/32/8 293/302/293 308/309/308
f 287/289/287 286/288/286 301/310/301 302/312/302
f 280/291/280 279/290/279 294/311/294 295/313/295
f 288/292/288 287/289/287 302/312/302 303/314/303
f 281/293/281 280/291/280 295/313/295 296/315/296
f 289/294/289 288/292/288 303/314/303 304/316/304
f 282/295/282 281/293/281 296/315/296 297/317/297
f 290/296/290 289/294/289 304/316/304 305/303/305
f 283/297/283 282/295/282 297/317/297 298/305/298
f 303/314/303 302/312/302 317/318/317 318/319/318
f 296/315/296 295/313/295 310/320/310 311/321/311
f 304/316/304 303/314/303 318/319/318 319/322/319
f 297/317/297 296/315/296 311/321/311 312/323/312
f 305/303/305 304/316/304 319/322/319 320/324/320
f 298/305/298 297/317/297 312/323/312 313/325/313
f 306/304/306 305/303/305 320/324/320 321/326/321
f 299/306/299 298/305/298 313/325/313 314/327/314
f 307/307/307 306/304/306 321/326/321 322/328/322
f 300/308/300 299/306/299 314/327/314 315/329/315
f 308/309/308 307/307/307 322/328/322 323/330/323
f 301/310/301 300/308/300 315/329/315 316/331/316
f 294/311/294 1/31/1 309/332/309
f 8/32/8 308/309/308 323/330/323
f 302/312/302 301/310/301 316/331/316 317/318/317
f 295/313/295 294/311/294 309/332/309 310/320/310
f 322/328/322 321/326/321 336/333/336 337/334/337
f 315/329/315 314/327/314 329/335/329 330/336/330
f 323/330/323 322/328/322 337/334/337 338/337/338
f 316/331/316 315/329/315 330/336/330 331/338/331
f 309/332/309 1/31/1 324/339/324
f 8/32/8 323/330/323 338/337/338
f 317/318/317 316/331/316 331/338/331 332/340/332
f 310/320/310 309/332/309 324/339/324 325/341/325
f 318/319/318 317/318/317 332/340/332 333/342/333
f 311/321/311 310/320/310 325/341/325 326/343/326
f 319/322/319 318/319/318 333/342/333 334/344/334
f 312/323/312 311/321/311 326/343/326 327/345/327
f 320/324/320 319/322/319 334/344/334 335/346/335
f 313/325/313 312/323/312 327/345/327 328/347/328
f 321/326/321 320/324/320 335/346/335 336/333/336
f 314/327/314 313/325/313 328/347/328 329/335/329
f 326/343/326 325/341/325 340/348/340 341/349/341
f 334/344/334 333/342/333 348/350/348 349/351/349
f 327/345/327 326/343/326 341/349/341 342/352/342
f 335/346/335 334/344/334 349/351/349 350/353/350
f 328/347/328 327/345/327 342/352/342 343/354/343
f 336/333/336 335/346/335 350/353/350 351/355/351
f 329/335/329 328/347/328 343/354/343 344/356/344
f 337/334/337 336/333/336 351/355/351 352/357/352
f 330/336/330 329/335/329 344/356/344 345/358/345
f 338/337/338 337/334/337 352/357/352 353/359/353
f 331/338/331 330/336/330 345/358/345 346/360/346
f 324/339/324 1/31/1 339/361/339
f 8/32/8 338/337/338 353/359/353
f 332/340/332 331/338/331 346/360/346 347/362/347
f 325/341/325 324/339/324 339/361/339 340/348/340
f 333/342/333 332/340/332 347/362/347 348/350/348
f 345/358/345 344/356/344 359/363/359 360/364/360
f 353/359/353 352/357/352 367/365/367 368/366/368
f 346/360/346 345/358/345 360/364/360 361/367/361
f 339/361/339 1/31/1 354/368/354
f 8/32/8 353/359/353 368/366/368
f 347/362/347 346/360/346 361/367/361 362/369/362
f 340/348/340 339/361/339 354/368/354 355/370/355
f 348/350/348 347/362/347 362/369/362 363/371/363
f 341/349/341 340/348/340 355/370/355 356/372/356
f 349/351/349 348/350/348 363/371/363 364/373/364
f 342/352/342 341/349/341 356/372/356 357/374/357
f 350/353/350 349/351/349 364/373/364 365/375/365
f 343/354/343 342/352/342 357/374/357 358/376/358
f 351/355/351 350/353/350 365/375/365 366/377/366
f 344/356/344 343/354/343 358/376/358 359/363/359
f 352/357/352 351/355/351 366/377/366 367/365/367
f 364/373/364 363/371/363 378/378/378 379/379/379
f 357/374/357 356/372/356 371/380/371 372/381/372
f 365/375/365 364/373/364 379/379/379 380/382/380
f 358/376/358 357/374/357 372/381/372 373/383/373
f 366/377/366 365/375/365 380/382/380 381/384/381
f 359/363/359 358/376/358 373/383/373 374/385/374
f 367/365/367 366/377/366 381/384/381 382/386/382
f 360/364/360 359/363/359 374/385/374 375/387/375
f 368/366/368 367/365/367 382/386/382 383/388/383
f 361/367/361 360/364/360 375/387/375 376/389/376
f 354/368/354 1/31/1 369/390/369
f 8/32/8 368/366/368 383/388/383
f 362/369/362 361/367/361 376/389/376 377/391/377
f 355/370/355 354/368/354 369/390/369 370/392/370
f 363/371/363 362/369/362 377/391/377 378/378/378
f 356/372/356 355/370/355 370/392/370 371/380/371
f 383/388/383 382/386/382 397/393/397 398/394/398
f 376/389/376 375/387/375 390/395/390 391/396/391
f 369/390/369 1/31/1 384/397/384
f 8/32/8 383/388/383 398/394/398
f 377/391/377 376/389/376 391/396/391 392/398/392
f 370/392/370 369/390/369 384/397/384 385/399/385
f 378/378/378 377/391/377 392/398/392 393/400/393
f 371/380/371 370/392/370 385/399/385 386/401/386
f 379/379/379 378/378/378 393/400/393 394/402/394
f 372/381/372 371/380/371 386/401/386 387/403/387
f 380/382/380 379/379/379 394/402/394 395/404/395
f 373/383/373 372/381/372 387/403/387 388/405/388
f 381/384/381 380/382/380 395/404/395 396/406/396
f 374/385/374 373/383/373 388/405/388 389/407/389
f 382/386/382 381/384/381 396/406/396 397/393/397
f 375/387/375 374/385/374 389/407/389 390/395/390
f 387/403/387 386/401/386 401/408/401 402/409/402
f 395/404/395 394/402/394 409/410/409 410/411/410
f 388/405/388 387/403/387 402/409/402 403/412/403
f 396/406/396 395/404/395 410/411/410 411/413/411
f 389/407/389 388/405/388 403/412/403 404/414/404
f 397/393/397 396/406/396 411/413/411 412/415/412
f 390/395/390 389/407/389 404/414/404 405/416/405
f 398/394/398 397/393/397 412/415/412 413/417/413
f 391/396/391 390/395/390 405/416/405 406/418/406
f 384/397/384 1/31/1 399/419/399
f 8/32/8 398/394/398 413/417/413
f 392/398/392 391/396/391 406/418/406 407/420/407
f 385/399/385 384/397/384 399/419/399 400/421/400
f 393/400/393 392/398/392 407/420/407 408/422/408
f 386/401/386 385/399/385 400/421/400 401/408/401
f 394/402/394 393/400/393 408/422/408 409/410/409
f 406/418/406 405/416/405 420/423/420 421/424/421
f 399/419/399 1/31/1 414/425/414
f 8/32/8 413/417/413 428/426/428
f 407/420/407 406/418/406 421/424/421 422/427/422
f 400/421/400 399/419/399 414/425/414 415/428/415
f 408/422/408 407/420/407 422/427/422 423/429/423
f 401/408/401 400/421/400 415/428/415 416/430/416
f 409/410/409 408/422/408 423/429/423 424/431/424
f 402/409/402 401/408/401 416/430/416 417/432/417
f 410/411/410 409/410/409 424/431/424 425/433/425
f 403/412/403 402/409/402 417/432/417 418/434/418
f 411/413/411 410/411/410 425/433/425 426/435/426
f 404/414/404 403/412/403 418/434/418 419/436/419
f 412/415/412 411/413/411 426/435/426 427/437/427
f 405/416/405 404/414/404 419/436/419 420/423/420
f 413/417/413 412/415/412 427/437/427 428/426/428
f 425/433/425 424/431/424 439/438/439 440/439/440
f 418/434/418 417/432/417 432/440/432 433/441/433
f 426/435/426 425/433/425 440/439/440 441/442/441
f 419/436/419 418/434/418 433/441/433 434/443/434
f 427/437/427 426/435/426 441/442/441 442/444/442
f 420/423/420 419/436/419 434/443/434 435/445/435
f 428/426/428 427/437/427 442/444/442 443/446/443
f 421/424/421 420/423/420 435/445/435 436/447/436
f 414/425/414 1/31/1 429/448/429
f 8/32/8 428/426/428 443/446/443
f 422/427/422 421/424/421 436/447/436 437/449/437
f 415/428/415 414/425/414 429/448/429 430/450/430
f 423/429/423 422/427/422 437/449/437 438/451/438
f 416/430/416 415/428/415 430/450/430 431/452/431
f 424/431/424 423/429/423 438/451/438 439/438/439
f 417/432/417 416/430/416 431/452/431 432/440/432
f 8/32/8 443/446/443 458/453/458
f 437/449/437 436/447/436 451/454/451 452/455/452
f 430/450/430 429/448/429 444/456/444 445/457/445
f 438/451/438 437/449/437 452/455/452 453/458/453
f 431/452/431 430/450/430 445/457/445 446/459/446
f 439/438/439 438/451/438 453/458/453 454/460/454
f 432/440/432 431/452/431 446/459/446 447/461/447
f 440/439/440 439/438/439 454/460/454 455/462/455
f 433/441/433 432/440/432 447/461/447 448/463/448
f 441/442/441 440/439/440 455/462/455 456/464/456
f 434/443/434 433/441/433 448/463/448 449/465/449
f 442/444/442 441/442/441 456/464/456 457/466/457
f 435/445/435 434/443/434 449/465/449 450/467/450
f 443/446/443 442/444/442 457/466/457 458/453/458
f 436/447/436 435/445/435 450/467/450 451/454/451
f 429/448/429 1/31/1 444/456/444
f 456/464/456 455/462/455 470/468/470 471/469/471
f 449/465/449 448/463/448 463/470/463 464/471/464
f 457/466/457 456/464/456 471/469/471 472/472/472
f 450/467/450 449/465/449 464/471/464 465/473/465
f 458/453/458 457/466/457 472/472/472 473/474/473
f 451/454/451 450/467/450 465/473/465 466/475/466
f 444/456/444 1/31/1 459/476/459
f 8/32/8 458/453/458 473/474/473
f 452/455/452 451/454/451 466/475/466 467/477/467
f 445/457/445 444/456/444 459/476/459 460/478/460
f 453/458/453 452/455/452 467/477/467 468/479/468
f 446/459/446 445/457/445 460/478/460 461/480/461
f 454/460/454 453/458/453 468/479/468 469/481/469
f 447/461/447 446/459/446 461/480/461 462/482/462
f 455/462/455 454/460/454 469/481/469 470/468/470
f 448/463/448 447/461/447 462/482/462 463/470/463
f 460/478/460 459/476/459 474/483/474 475/484/475
f 468/479/468 467/477/467 6/485/6 478/486/478
f 461/480/461 460/478/460 475/484/475 2/487/2
f 469/481/469 468/479/468 478/486/478 7/488/7
f 462/482/462 461/480/461 2/487/2 476/489/476
f 470/468/470 469/481/469 7/488/7 479/490/479
f 463/470/463 462/482/462 476/489/476 3/491/3
f 471/469/471 470/468/470 479/490/479 480/492/480
f 464/471/464 463/470/463 3/491/3 477/493/477
f 472/472/472 471/469/471 480/492/480 481/494/481
f 465/473/465 464/471/464 477/493/477 4/495/4
f 473/474/473 472/472/472 481/494/481 482/496/482
f 466/475/466 465/473/465 4/495/4 5/497/5
f 459/476/459 1/31/1 474/483/474
f 8/32/8 473/474/473 482/496/482
f 467/477/467 466/475/466 5/497/5 6/485/6
usemtl マテリアル.004
f 488/498/240 499/499/255 498/500/256 487/501/241
f 957/502/247 492/503/262 491/504/263 956/505/248
f 960/506/239 500/507/254 499/499/255 488/498/240
f 484/508/246 493/509/261 492/503/262 957/502/247
f 489/510/238 501/511/253 500/507/254 960/506/239
f 958/512/245 494/513/260 493/509/261 484/508/246
f 961/514/237 502/515/252 501/511/253 489/510/238
f 485/516/244 495/517/259 494/513/260 958/512/245
f 962/518/236 503/519/251 502/515/252 961/514/237
f 959/520/243 496/521/258 495/517/259 485/516/244
f 963/522/235 504/523/250 503/519/251 962/518/236
f 486/524/242 497/525/257 496/521/258 959/520/243
f 964/526/234 505/527/249 504/523/250 963/522/235
f 487/501/241 498/500/256 497/525/257 486/524/242
f 956/505/248 491/504/263 483/528/8
f 490/529/1 505/527/249 964/526/234
f 505/530/249 520/531/264 519/532/265 504/533/250
f 498/534/256 513/535/271 512/536/272 497/537/257
f 491/538/263 506/539/278 483/528/8
f 490/529/1 520/531/264 505/530/249
f 499/540/255 514/541/270 513/535/271 498/534/256
f 492/542/262 507/543/277 506/539/278 491/538/263
f 500/544/254 515/545/269 514/541/270 499/540/255
f 493/546/261 508/547/276 507/543/277 492/542/262
f 501/548/253 516/549/268 515/545/269 500/544/254
f 494/550/260 509/551/275 508/547/276 493/546/261
f 502/552/252 517/553/267 516/549/268 501/548/253
f 495/554/259 510/555/274 509/551/275 494/550/260
f 503/556/251 518/557/266 517/553/267 502/552/252
f 496/558/258 511/559/273 510/555/274 495/554/259
f 504/533/250 519/532/265 518/557/266 503/556/251
f 497/537/257 512/536/272 511/559/273 496/558/258
f 517/553/267 532/560/282 531/561/283 516/549/268
f 510/555/274 525/562/289 524/563/290 509/551/275
f 518/557/266 533/564/281 532/560/282 517/553/267
f 511/559/273 526/565/288 525/562/289 510/555/274
f 519/532/265 534/566/280 533/564/281 518/557/266
f 512/536/272 527/567/287 526/565/288 511/559/273
f 520/531/264 535/568/279 534/566/280 519/532/265
f 513/535/271 528/569/286 527/567/287 512/536/272
f 506/539/278 521/570/293 483/528/8
f 490/529/1 535/568/279 520/531/264
f 514/541/270 529/571/285 528/569/286 513/535/271
f 507/543/277 522/572/292 521/570/293 506/539/278
f 515/545/269 530/573/284 529/571/285 514/541/270
f 508/547/276 523/574/291 522/572/292 507/543/277
f 516/549/268 531/561/283 530/573/284 515/545/269
f 509/551/275 524/563/290 523/574/291 508/547/276
f 521/570/293 536/575/308 483/528/8
f 490/529/1 550/576/294 535/568/279
f 529/571/285 544/577/300 543/578/301 528/569/286
f 522/572/292 537/579/307 536/575/308 521/570/293
f 530/573/284 545/580/299 544/577/300 529/571/285
f 523/574/291 538/581/306 537/579/307 522/572/292
f 531/561/283 546/582/298 545/580/299 530/573/284
f 524/563/290 539/583/305 538/581/306 523/574/291
f 532/560/282 547/584/297 546/582/298 531/561/283
f 525/562/289 540/585/304 539/583/305 524/563/290
f 533/564/281 548/586/296 547/584/297 532/560/282
f 526/565/288 541/587/303 540/585/304 525/562/289
f 534/566/280 549/588/295 548/586/296 533/564/281
f 527/567/287 542/589/302 541/587/303 526/565/288
f 535/568/279 550/576/294 549/588/295 534/566/280
f 528/569/286 543/578/301 542/589/302 527/567/287
f 540/585/304 555/590/319 554/591/320 539/583/305
f 548/586/296 563/592/311 562/593/312 547/584/297
f 541/587/303 556/594/318 555/590/319 540/585/304
f 549/588/295 564/595/310 563/592/311 548/586/296
f 542/589/302 557/596/317 556/594/318 541/587/303
f 550/576/294 565/597/309 564/595/310 549/588/295
f 543/578/301 558/598/316 557/596/317 542/589/302
f 536/575/308 551/599/323 483/528/8
f 490/529/1 565/597/309 550/576/294
f 544/577/300 559/600/315 558/598/316 543/578/301
f 537/579/307 552/601/322 551/599/323 536/575/308
f 545/580/299 560/602/314 559/600/315 544/577/300
f 538/581/306 553/603/321 552/601/322 537/579/307
f 546/582/298 561/604/313 560/602/314 545/580/299
f 539/583/305 554/591/320 553/603/321 538/581/306
f 547/584/297 562/593/312 561/604/313 546/582/298
f 559/600/315 574/605/330 573/606/331 558/598/316
f 552/601/322 567/607/337 566/608/338 551/599/323
f 560/602/314 575/609/329 574/605/330 559/600/315
f 553/603/321 568/610/336 567/607/337 552/601/322
f 561/604/313 576/611/328 575/609/329 560/602/314
f 554/591/320 569/612/335 568/610/336 553/603/321
f 562/593/312 577/613/327 576/611/328 561/604/313
f 555/590/319 570/614/334 569/612/335 554/591/320
f 563/592/311 578/615/326 577/613/327 562/593/312
f 556/594/318 571/616/333 570/614/334 555/590/319
f 564/595/310 579/617/325 578/615/326 563/592/311
f 557/596/317 572/618/332 571/616/333 556/594/318
f 565/597/309 580/619/324 579/617/325 564/595/310
f 558/598/316 573/606/331 572/618/332 557/596/317
f 551/599/323 566/608/338 483/528/8
f 490/529/1 580/619/324 565/597/309
f 578/615/326 593/620/341 592/621/342 577/613/327
f 571/616/333 586/622/348 585/623/349 570/614/334
f 579/617/325 594/624/340 593/620/341 578/615/326
f 572/618/332 587/625/347 586/622/348 571/616/333
f 580/619/324 595/626/339 594/624/340 579/617/325
f 573/606/331 588/627/346 587/625/347 572/618/332
f 566/608/338 581/628/353 483/528/8
f 490/529/1 595/626/339 580/619/324
f 574/605/330 589/629/345 588/627/346 573/606/331
f 567/607/337 582/630/352 581/628/353 566/608/338
f 575/609/329 590/631/344 589/629/345 574/605/330
f 568/610/336 583/632/351 582/630/352 567/607/337
f 576/611/328 591/633/343 590/631/344 575/609/329
f 569/612/335 584/634/350 583/632/351 568/610/336
f 577/613/327 592/621/342 591/633/343 576/611/328
f 570/614/334 585/623/349 584/634/350 569/612/335
f 582/630/352 597/635/367 596/636/368 581/628/353
f 590/631/344 605/637/359 604/638/360 589/629/345
f 583/632/351 598/639/366 597/635/367 582/630/352
f 591/633/343 606/640/358 605/637/359 590/631/344
f 584/634/350 599/641/365 598/639/366 583/632/351
f 592/621/342 607/642/357 606/640/358 591/633/343
f 585/623/349 600/643/364 599/641/365 584/634/350
f 593/620/341 608/644/356 607/642/357 592/621/342
f 586/622/348 601/645/363 600/643/364 585/623/349
f 594/624/340 609/646/355 608/644/356 593/620/341
f 587/625/347 602/647/362 601/645/363 586/622/348
f 595/626/339 610/648/354 609/646/355 594/624/340
f 588/627/346 603/649/361 602/647/362 587/625/347
f 581/628/353 596/636/368 483/528/8
f 490/529/1 610/648/354 595/626/339
f 589/629/345 604/638/360 603/649/361 588/627/346
f 601/645/363 616/650/378 615/651/379 600/643/364
f 609/646/355 624/652/370 623/653/371 608/644/356
f 602/647/362 617/654/377 616/650/378 601/645/363
f 610/648/354 625/655/369 624/652/370 609/646/355
f 603/649/361 618/656/376 617/654/377 602/647/362
f 596/636/368 611/657/383 483/528/8
f 490/529/1 625/655/369 610/648/354
f 604/638/360 619/658/375 618/656/376 603/649/361
f 597/635/367 612/659/382 611/657/383 596/636/368
f 605/637/359 620/660/374 619/658/375 604/638/360
f 598/639/366 613/661/381 612/659/382 597/635/367
f 606/640/358 621/662/373 620/660/374 605/637/359
f 599/641/365 614/663/380 613/661/381 598/639/366
f 607/642/357 622/664/372 621/662/373 606/640/358
f 600/643/364 615/651/379 614/663/380 599/641/365
f 608/644/356 623/653/371 622/664/372 607/642/357
f 620/660/374 635/665/389 634/666/390 619/658/375
f 613/661/381 628/667/396 627/668/397 612/659/382
f 621/662/373 636/669/388 635/665/389 620/660/374
f 614/663/380 629/670/395 628/667/396 613/661/381
f 622/664/372 637/671/387 636/669/388 621/662/373
f 615/651/379 630/672/394 629/670/395 614/663/380
f 623/653/371 638/673/386 637/671/387 622/664/372
f 616/650/378 631/674/393 630/672/394 615/651/379
f 624/652/370 639/675/385 638/673/386 623/653/371
f 617/654/377 632/676/392 631/674/393 616/650/378
f 625/655/369 640/677/384 639/675/385 624/652/370
f 618/656/376 633/678/391 632/676/392 617/654/377
f 611/657/383 626/679/398 483/528/8
f 490/529/1 640/677/384 625/655/369
f 619/658/375 634/666/390 633/678/391 618/656/376
f 612/659/382 627/668/397 626/679/398 611/657/383
f 639/675/385 654/680/400 653/681/401 638/673/386
f 632/676/392 647/682/407 646/683/408 631/674/393
f 640/677/384 655/684/399 654/680/400 639/675/385
f 633/678/391 648/685/406 647/682/407 632/676/392
f 626/679/398 641/686/413 483/528/8
f 490/529/1 655/684/399 640/677/384
f 634/666/390 649/687/405 648/685/406 633/678/391
f 627/668/397 642/688/412 641/686/413 626/679/398
f 635/665/389 650/689/404 649/687/405 634/666/390
f 628/667/396 643/690/411 642/688/412 627/668/397
f 636/669/388 651/691/403 650/689/404 635/665/389
f 629/670/395 644/692/410 643/690/411 628/667/396
f 637/671/387 652/693/402 651/691/403 636/669/388
f 630/672/394 645/694/409 644/692/410 629/670/395
f 638/673/386 653/681/401 652/693/402 637/671/387
f 631/674/393 646/683/408 645/694/409 630/672/394
f 651/691/403 666/695/418 665/696/419 650/689/404
f 644/692/410 659/697/425 658/698/426 643/690/411
f 652/693/402 667/699/417 666/695/418 651/691/403
f 645/694/409 660/700/424 659/697/425 644/692/410
f 653/681/401 668/701/416 667/699/417 652/693/402
f 646/683/408 661/702/423 660/700/424 645/694/409
f 654/680/400 669/703/415 668/701/416 653/681/401
f 647/682/407 662/704/422 661/702/423 646/683/408
f 655/684/399 670/705/414 669/703/415 654/680/400
f 648/685/406 663/706/421 662/704/422 647/682/407
f 641/686/413 656/707/428 483/528/8
f 490/529/1 670/705/414 655/684/399
f 649/687/405 664/708/420 663/706/421 648/685/406
f 642/688/412 657/709/427 656/707/428 641/686/413
f 650/689/404 665/696/419 664/708/420 649/687/405
f 643/690/411 658/698/426 657/709/427 642/688/412
f 670/705/414 685/710/429 684/711/430 669/703/415
f 663/706/421 678/712/436 677/713/437 662/704/422
f 656/707/428 671/714/443 483/528/8
f 490/529/1 685/710/429 670/705/414
f 664/708/420 679/715/435 678/712/436 663/706/421
f 657/709/427 672/716/442 671/714/443 656/707/428
f 665/696/419 680/717/434 679/715/435 664/708/420
f 658/698/426 673/718/441 672/716/442 657/709/427
f 666/695/418 681/719/433 680/717/434 665/696/419
f 659/697/425 674/720/440 673/718/441 658/698/426
f 667/699/417 682/721/432 681/719/433 666/695/418
f 660/700/424 675/722/439 674/720/440 659/697/425
f 668/701/416 683/723/431 682/721/432 667/699/417
f 661/702/423 676/724/438 675/722/439 660/700/424
f 669/703/415 684/711/430 683/723/431 668/701/416
f 662/704/422 677/713/437 676/724/438 661/702/423
f 674/720/440 689/725/455 688/726/456 673/718/441
f 682/721/432 697/727/447 696/728/448 681/719/433
f 675/722/439 690/729/454 689/725/455 674/720/440
f 683/723/431 698/730/446 697/727/447 682/721/432
f 676/724/438 691/731/453 690/729/454 675/722/439
f 684/711/430 699/732/445 698/730/446 683/723/431
f 677/713/437 692/733/452 691/731/453 676/724/438
f 685/710/429 700/734/444 699/732/445 684/711/430
f 678/712/436 693/735/451 692/733/452 677/713/437
f 671/714/443 686/736/458 483/528/8
f 490/529/1 700/734/444 685/710/429
f 679/715/435 694/737/450 693/735/451 678/712/436
f 672/716/442 687/738/457 686/736/458 671/714/443
f 680/717/434 695/739/449 694/737/450 679/715/435
f 673/718/441 688/726/456 687/738/457 672/716/442
f 681/719/433 696/728/448 695/739/449 680/717/434
f 693/735/451 708/740/466 707/741/467 692/733/452
f 686/736/458 701/742/473 483/528/8
f 490/529/1 715/743/459 700/734/444
f 694/737/450 709/744/465 708/740/466 693/735/451
f 687/738/457 702/745/472 701/742/473 686/736/458
f 695/739/449 710/746/464 709/744/465 694/737/450
f 688/726/456 703/747/471 702/745/472 687/738/457
f 696/728/448 711/748/463 710/746/464 695/739/449
f 689/725/455 704/749/470 703/747/471 688/726/456
f 697/727/447 712/750/462 711/748/463 696/728/448
f 690/729/454 705/751/469 704/749/470 689/725/455
f 698/730/446 713/752/461 712/750/462 697/727/447
f 691/731/453 706/753/468 705/751/469 690/729/454
f 699/732/445 714/754/460 713/752/461 698/730/446
f 692/733/452 707/741/467 706/753/468 691/731/453
f 700/734/444 715/743/459 714/754/460 699/732/445
f 712/750/462 727/755/476 726/756/3 711/748/463
f 705/751/469 720/757/7 719/758/479 704/749/470
f 713/752/461 728/759/2 727/755/476 712/750/462
f 706/753/468 721/760/478 720/757/7 705/751/469
f 714/754/460 729/761/475 728/759/2 713/752/461
f 707/741/467 722/762/6 721/760/478 706/753/468
f 715/743/459 730/763/474 729/761/475 714/754/460
f 708/740/466 723/764/5 722/762/6 707/741/467
f 701/742/473 716/765/482 483/528/8
f 490/529/1 730/763/474 715/743/459
f 709/744/465 724/766/4 723/764/5 708/740/466
f 702/745/472 717/767/481 716/765/482 701/742/473
f 710/746/464 725/768/477 724/766/4 709/744/465
f 703/747/471 718/769/480 717/767/481 702/745/472
f 711/748/463 726/756/3 725/768/477 710/746/464
f 704/749/470 719/758/479 718/769/480 703/747/471
f 716/765/482 731/770/23 483/528/8
f 490/529/1 745/771/9 730/763/474
f 724/766/4 739/772/15 738/773/16 723/764/5
f 717/767/481 732/774/22 731/770/23 716/765/482
f 725/768/477 740/775/14 739/772/15 724/766/4
f 718/769/480 733/776/21 732/774/22 717/767/481
f 726/756/3 741/777/13 740/775/14 725/768/477
f 719/758/479 734/778/20 733/776/21 718/769/480
f 727/755/476 742/779/12 741/777/13 726/756/3
f 720/757/7 735/780/19 734/778/20 719/758/479
f 728/759/2 743/781/11 742/779/12 727/755/476
f 721/760/478 736/782/18 735/780/19 720/757/7
f 729/761/475 744/783/10 743/781/11 728/759/2
f 722/762/6 737/784/17 736/782/18 721/760/478
f 730/763/474 745/771/9 744/783/10 729/761/475
f 723/764/5 738/773/16 737/784/17 722/762/6
f 735/780/19 750/785/34 749/786/35 734/778/20
f 743/781/11 758/787/26 757/788/27 742/779/12
f 736/782/18 751/789/33 750/785/34 735/780/19
f 744/783/10 759/790/25 758/787/26 743/781/11
f 737/784/17 752/791/32 751/789/33 736/782/18
f 745/771/9 760/792/24 759/790/25 744/783/10
f 738/773/16 753/793/31 752/791/32 737/784/17
f 731/770/23 746/794/38 483/528/8
f 490/529/1 760/792/24 745/771/9
f 739/772/15 754/795/30 753/793/31 738/773/16
f 732/774/22 747/796/37 746/794/38 731/770/23
f 740/775/14 755/797/29 754/795/30 739/772/15
f 733/776/21 748/798/36 747/796/37 732/774/22
f 741/777/13 756/799/28 755/797/29 740/775/14
f 734/778/20 749/786/35 748/798/36 733/776/21
f 742/779/12 757/788/27 756/799/28 741/777/13
f 754/795/30 769/800/45 768/801/46 753/793/31
f 747/796/37 762/802/52 761/803/53 746/794/38
f 755/797/29 770/804/44 769/800/45 754/795/30
f 748/798/36 763/805/51 762/802/52 747/796/37
f 756/799/28 771/806/43 770/804/44 755/797/29
f 749/786/35 764/807/50 763/805/51 748/798/36
f 757/788/27 772/808/42 771/806/43 756/799/28
f 750/785/34 765/809/49 764/807/50 749/786/35
f 758/787/26 773/810/41 772/808/42 757/788/27
f 751/789/33 766/811/48 765/809/49 750/785/34
f 759/790/25 774/812/40 773/810/41 758/787/26
f 752/791/32 767/813/47 766/811/48 751/789/33
f 760/792/24 775/814/39 774/812/40 759/790/25
f 753/793/31 768/801/46 767/813/47 752/791/32
f 746/794/38 761/803/53 483/528/8
f 490/529/1 775/814/39 760/792/24
f 773/810/41 788/815/56 787/816/57 772/808/42
f 766/811/48 781/817/63 780/818/64 765/809/49
f 774/812/40 789/819/55 788/815/56 773/810/41
f 767/813/47 782/820/62 781/817/63 766/811/48
f 775/814/39 790/821/54 789/819/55 774/812/40
f 768/801/46 783/822/61 782/820/62 767/813/47
f 761/803/53 776/823/68 483/528/8
f 490/529/1 790/821/54 775/814/39
f 769/800/45 784/824/60 783/822/61 768/801/46
f 762/802/52 777/825/67 776/823/68 761/803/53
f 770/804/44 785/826/59 784/824/60 769/800/45
f 763/805/51 778/827/66 777/825/67 762/802/52
f 771/806/43 786/828/58 785/826/59 770/804/44
f 764/807/50 779/829/65 778/827/66 763/805/51
f 772/808/42 787/816/57 786/828/58 771/806/43
f 765/809/49 780/818/64 779/829/65 764/807/50
f 785/826/59 800/830/74 799/831/75 784/824/60
f 778/827/66 793/832/81 792/833/82 777/825/67
f 786/828/58 801/834/73 800/830/74 785/826/59
f 779/829/65 794/835/80 793/832/81 778/827/66
f 787/816/57 802/836/72 801/834/73 786/828/58
f 780/818/64 795/837/79 794/835/80 779/829/65
f 788/815/56 803/838/71 802/836/72 787/816/57
f 781/817/63 796/839/78 795/837/79 780/818/64
f 789/819/55 804/840/70 803/838/71 788/815/56
f 782/820/62 797/841/77 796/839/78 781/817/63
f 790/821/54 805/842/69 804/840/70 789/819/55
f 783/822/61 798/843/76 797/841/77 782/820/62
f 776/823/68 791/844/83 483/528/8
f 490/529/1 805/842/69 790/821/54
f 784/824/60 799/831/75 798/843/76 783/822/61
f 777/825/67 792/833/82 791/844/83 776/823/68
f 804/840/70 819/845/85 818/846/86 803/838/71
f 797/841/77 812/847/92 811/848/93 796/839/78
f 805/842/69 820/849/84 819/845/85 804/840/70
f 798/843/76 813/850/91 812/847/92 797/841/77
f 791/844/83 806/851/98 483/528/8
f 490/529/1 820/849/84 805/842/69
f 799/831/75 814/852/90 813/850/91 798/843/76
f 792/833/82 807/853/97 806/851/98 791/844/83
f 800/830/74 815/854/89 814/852/90 799/831/75
f 793/832/81 808/855/96 807/853/97 792/833/82
f 801/834/73 816/856/88 815/854/89 800/830/74
f 794/835/80 809/857/95 808/855/96 793/832/81
f 802/836/72 817/858/87 816/856/88 801/834/73
f 795/837/79 810/859/94 809/857/95 794/835/80
f 803/838/71 818/846/86 817/858/87 802/836/72
f 796/839/78 811/848/93 810/859/94 795/837/79
f 808/855/96 823/860/111 822/861/112 807/853/97
f 816/856/88 831/862/103 830/863/104 815/854/89
f 809/857/95 824/864/110 823/860/111 808/855/96
f 817/858/87 832/865/102 831/862/103 816/856/88
f 810/859/94 825/866/109 824/864/110 809/857/95
f 818/846/86 833/867/101 832/865/102 817/858/87
f 811/848/93 826/868/108 825/866/109 810/859/94
f 819/845/85 834/869/100 833/867/101 818/846/86
f 812/847/92 827/870/107 826/868/108 811/848/93
f 820/849/84 835/871/99 834/869/100 819/845/85
f 813/850/91 828/872/106 827/870/107 812/847/92
f 806/851/98 821/873/113 483/528/8
f 490/529/1 835/871/99 820/849/84
f 814/852/90 829/874/105 828/872/106 813/850/91
f 807/853/97 822/861/112 821/873/113 806/851/98
f 815/854/89 830/863/104 829/874/105 814/852/90
f 827/870/107 842/875/122 841/876/123 826/868/108
f 835/871/99 850/877/114 849/878/115 834/869/100
f 828/872/106 843/879/121 842/875/122 827/870/107
f 821/873/113 836/880/128 483/528/8
f 490/529/1 850/877/114 835/871/99
f 829/874/105 844/881/120 843/879/121 828/872/106
f 822/861/112 837/882/127 836/880/128 821/873/113
f 830/863/104 845/883/119 844/881/120 829/874/105
f 823/860/111 838/884/126 837/882/127 822/861/112
f 831/862/103 846/885/118 845/883/119 830/863/104
f 824/864/110 839/886/125 838/884/126 823/860/111
f 832/865/102 847/887/117 846/885/118 831/862/103
f 825/866/109 840/888/124 839/886/125 824/864/110
f 833/867/101 848/889/116 847/887/117 832/865/102
f 826/868/108 841/876/123 840/888/124 825/866/109
f 834/869/100 849/878/115 848/889/116 833/867/101
f 846/885/118 861/890/133 860/891/134 845/883/119
f 839/886/125 854/892/140 853/893/141 838/884/126
f 847/887/117 862/894/132 861/890/133 846/885/118
f 840/888/124 855/895/139 854/892/140 839/886/125
f 848/889/116 863/896/131 862/894/132 847/887/117
f 841/876/123 856/897/138 855/895/139 840/888/124
f 849/878/115 864/898/130 863/896/131 848/889/116
f 842/875/122 857/899/137 856/897/138 841/876/123
f 850/877/114 865/900/129 864/898/130 849/878/115
f 843/879/121 858/901/136 857/899/137 842/875/122
f 836/880/128 851/902/143 483/528/8
f 490/529/1 865/900/129 850/877/114
f 844/881/120 859/903/135 858/901/136 843/879/121
f 837/882/127 852/904/142 851/902/143 836/880/128
f 845/883/119 860/891/134 859/903/135 844/881/120
f 838/884/126 853/893/141 852/904/142 837/882/127
f 865/900/129 880/905/144 879/906/145 864/898/130
f 858/901/136 873/907/151 872/908/152 857/899/137
f 851/902/143 866/909/158 483/528/8
f 490/529/1 880/905/144 865/900/129
f 859/903/135 874/910/150 873/907/151 858/901/136
f 852/904/142 867/911/157 866/909/158 851/902/143
f 860/891/134 875/912/149 874/910/150 859/903/135
f 853/893/141 868/913/156 867/911/157 852/904/142
f 861/890/133 876/914/148 875/912/149 860/891/134
f 854/892/140 869/915/155 868/913/156 853/893/141
f 862/894/132 877/916/147 876/914/148 861/890/133
f 855/895/139 870/917/154 869/915/155 854/892/140
f 863/896/131 878/918/146 877/916/147 862/894/132
f 856/897/138 871/919/153 870/917/154 855/895/139
f 864/898/130 879/906/145 878/918/146 863/896/131
f 857/899/137 872/908/152 871/919/153 856/897/138
f 869/915/155 884/920/170 883/921/171 868/913/156
f 877/916/147 892/922/162 891/923/163 876/914/148
f 870/917/154 885/924/169 884/920/170 869/915/155
f 878/918/146 893/925/161 892/922/162 877/916/147
f 871/919/153 886/926/168 885/924/169 870/917/154
f 879/906/145 894/927/160 893/925/161 878/918/146
f 872/908/152 887/928/167 886/926/168 871/919/153
f 880/905/144 895/929/159 894/927/160 879/906/145
f 873/907/151 888/930/166 887/928/167 872/908/152
f 866/909/158 881/931/173 483/528/8
f 490/529/1 895/929/159 880/905/144
f 874/910/150 889/932/165 888/930/166 873/907/151
f 867/911/157 882/933/172 881/931/173 866/909/158
f 875/912/149 890/934/164 889/932/165 874/910/150
f 868/913/156 883/921/171 882/933/172 867/911/157
f 876/914/148 891/923/163 890/934/164 875/912/149
f 888/930/166 903/935/181 902/936/182 887/928/167
f 881/931/173 896/937/188 483/528/8
f 490/529/1 910/938/174 895/929/159
f 889/932/165 904/939/180 903/935/181 888/930/166
f 882/933/172 897/940/187 896/937/188 881/931/173
f 890/934/164 905/941/179 904/939/180 889/932/165
f 883/921/171 898/942/186 897/940/187 882/933/172
f 891/923/163 906/943/178 905/941/179 890/934/164
f 884/920/170 899/944/185 898/942/186 883/921/171
f 892/922/162 907/945/177 906/943/178 891/923/163
f 885/924/169 900/946/184 899/944/185 884/920/170
f 893/925/161 908/947/176 907/945/177 892/922/162
f 886/926/168 901/948/183 900/946/184 885/924/169
f 894/927/160 909/949/175 908/947/176 893/925/161
f 887/928/167 902/936/182 901/948/183 886/926/168
f 895/929/159 910/938/174 909/949/175 894/927/160
f 907/945/177 922/950/192 921/951/193 906/943/178
f 900/946/184 915/952/199 914/953/200 899/944/185
f 908/947/176 923/954/191 922/950/192 907/945/177
f 901/948/183 916/955/198 915/952/199 900/946/184
f 909/949/175 924/956/190 923/954/191 908/947/176
f 902/936/182 917/957/197 916/955/198 901/948/183
f 910/938/174 925/958/189 924/956/190 909/949/175
f 903/935/181 918/959/196 917/957/197 902/936/182
f 896/937/188 911/960/203 483/528/8
f 490/529/1 925/958/189 910/938/174
f 904/939/180 919/961/195 918/959/196 903/935/181
f 897/940/187 912/962/202 911/960/203 896/937/188
f 905/941/179 920/963/194 919/961/195 904/939/180
f 898/942/186 913/964/201 912/962/202 897/940/187
f 906/943/178 921/951/193 920/963/194 905/941/179
f 899/944/185 914/953/200 913/964/201 898/942/186
f 490/529/1 940/965/204 925/958/189
f 919/961/195 934/966/210 933/967/211 918/959/196
f 912/962/202 927/968/217 926/969/218 911/960/203
f 920/963/194 935/970/209 934/966/210 919/961/195
f 913/964/201 928/971/216 927/968/217 912/962/202
f 921/951/193 936/972/208 935/970/209 920/963/194
f 914/953/200 929/973/215 928/971/216 913/964/201
f 922/950/192 937/974/207 936/972/208 921/951/193
f 915/952/199 930/975/214 929/973/215 914/953/200
f 923/954/191 938/976/206 937/974/207 922/950/192
f 916/955/198 931/977/213 930/975/214 915/952/199
f 924/956/190 939/978/205 938/976/206 923/954/191
f 917/957/197 932/979/212 931/977/213 916/955/198
f 925/958/189 940/965/204 939/978/205 924/956/190
f 918/959/196 933/967/211 932/979/212 917/957/197
f 911/960/203 926/969/218 483/528/8
f 938/976/206 953/980/221 952/981/222 937/974/207
f 931/977/213 946/982/228 945/983/229 930/975/214
f 939/978/205 954/984/220 953/980/221 938/976/206
f 932/979/212 947/985/227 946/982/228 931/977/213
f 940/965/204 955/986/219 954/984/220 939/978/205
f 933/967/211 948/987/226 947/985/227 932/979/212
f 926/969/218 941/988/233 483/528/8
f 490/529/1 955/986/219 940/965/204
f 934/966/210 949/989/225 948/987/226 933/967/211
f 927/968/217 942/990/232 941/988/233 926/969/218
f 935/970/209 950/991/224 949/989/225 934/966/210
f 928/971/216 943/992/231 942/990/232 927/968/217
f 936/972/208 951/993/223 950/991/224 935/970/209
f 929/973/215 944/994/230 943/992/231 928/971/216
f 937/974/207 952/981/222 951/993/223 936/972/208
f 930/975/214 945/983/229 944/994/230 929/973/215
f 942/990/232 957/502/247 956/505/248 941/988/233
f 950/991/224 960/506/239 488/498/240 949/989/225
f 943/992/231 484/508/246 957/502/247 942/990/232
f 951/993/223 489/510/238 960/506/239 950/991/224
f 944/994/230 958/512/245 484/508/246 943/992/231
f 952/981/222 961/514/237 489/510/238 951/993/223
f 945/983/229 485/516/244 958/512/245 944/994/230
f 953/980/221 962/518/236 961/514/237 952/981/222
f 946/982/228 959/520/243 485/516/244 945/983/229
f 954/984/220 963/522/235 962/518/236 953/980/221
f 947/985/227 486/524/242 959/520/243 946/982/228
f 955/986/219 964/526/234 963/522/235 954/984/220
f 948/987/226 487/501/241 486/524/242 947/985/227
f 941/988/233 956/505/248 483/528/8
f 490/529/1 964/526/234 955/986/219
f 949/989/225 488/498/240 487/501/241 948/987/226
